transaction_id,items,item_count,payment_method
TRX_00001,"Tã Bỉm Dán Siêu Thấm, Khăn Ướt Kháng Khuẩn, Váy Nữ Dáng Xòe",3,ShopeePay
TRX_00002,"Serum B5 Phục Hồi, Kem Chống Nắng Kiềm Dầu, Sữa Rửa Mặt Dịu Nhẹ, Nước Tẩy Trang Micellar",4,ShopeePay
TRX_00003,"Serum B5 Phục Hồi, Kem Chống Nắng Kiềm Dầu, Sữa Rửa Mặt Dịu Nhẹ, Nước Tẩy Trang Micellar",4,COD (Tiền mặt)
TRX_00004,"Quần Jean Baggy, Giá Đỡ Laptop Nhôm, Áo Thun Unisex Cotton, Bàn Phím Cơ LED RGB",4,Thẻ Tín Dụng/Ghi Nợ
TRX_00005,"Quần Jean Baggy, Giày Sneaker Thể Thao, Áo Thun Unisex Cotton",3,ShopeePay
TRX_00006,"Nồi Chiên Không Dầu, Ấm Siêu Tốc 2 Lớp, Bình Giữ Nhiệt Inox",3,Thẻ Tín Dụng/Ghi Nợ
TRX_00007,"Kính Cường Lực Full Màn, Kem Chống Nắng Kiềm Dầu, Sữa Rửa Mặt Dịu Nhẹ, Nước Tẩy Trang Micellar",4,Thẻ Tín Dụng/Ghi Nợ
TRX_00008,"Giá Đỡ Laptop Nhôm, Lót Chuột Gaming Khổ Lớn, Bàn Phím Cơ LED RGB, Chuột Không Dây Silent",4,SPayLater (Mua trước trả sau)
TRX_00009,"Tã Bỉm Dán Siêu Thấm, Bình Sữa Chống Sặc",2,COD (Tiền mặt)
TRX_00010,"Ốp Lưng Chống Sốc, Cáp Sạc Nhanh Type-C, Củ Sạc Nhanh 65W, Kính Cường Lực Full Màn, Bình Nước 2L",5,ShopeePay
TRX_00011,"Quần Jean Baggy, Giày Sneaker Thể Thao",2,COD (Tiền mặt)
TRX_00012,"Kính Cường Lực Full Màn, Bàn Phím Cơ LED RGB",2,Thẻ Tín Dụng/Ghi Nợ
TRX_00013,"Serum B5 Phục Hồi, Kem Chống Nắng Kiềm Dầu, Sữa Rửa Mặt Dịu Nhẹ, Nước Tẩy Trang Micellar",4,COD (Tiền mặt)
TRX_00014,"Củ Sạc Nhanh 65W, Cáp Sạc Nhanh Type-C, Nước Tẩy Trang Micellar, Ốp Lưng Chống Sốc",4,ShopeePay
TRX_00015,"Giày Sneaker Thể Thao, Áo Thun Unisex Cotton, Sữa Rửa Mặt Dịu Nhẹ",3,ShopeePay
TRX_00016,"Tã Bỉm Dán Siêu Thấm, Khăn Ướt Kháng Khuẩn, Ấm Siêu Tốc 2 Lớp, Bình Sữa Chống Sặc",4,ShopeePay
TRX_00017,"Giá Đỡ Laptop Nhôm, Lót Chuột Gaming Khổ Lớn, Chuột Không Dây Silent",3,SPayLater (Mua trước trả sau)
TRX_00018,"Giá Đỡ Laptop Nhôm, Lót Chuột Gaming Khổ Lớn, Chuột Không Dây Silent",3,ShopeePay
TRX_00019,"Giá Đỡ Laptop Nhôm, Lót Chuột Gaming Khổ Lớn, Bàn Phím Cơ LED RGB, Nước Tẩy Trang Micellar",4,SPayLater (Mua trước trả sau)
TRX_00020,"Củ Sạc Nhanh 65W, Kính Cường Lực Full Màn, Cáp Sạc Nhanh Type-C, Ốp Lưng Chống Sốc",4,Thẻ Tín Dụng/Ghi Nợ
TRX_00021,"Kem Chống Nắng Kiềm Dầu, Sữa Rửa Mặt Dịu Nhẹ",2,COD (Tiền mặt)
TRX_00022,"Thảm Tập Yoga, Máy Xay Sinh Tố Mini, Giá Đỡ Laptop Nhôm, Chuột Không Dây Silent",4,ShopeePay
TRX_00023,"Tã Bỉm Dán Siêu Thấm, Khăn Ướt Kháng Khuẩn, Bình Sữa Chống Sặc",3,Thẻ Tín Dụng/Ghi Nợ
TRX_00024,"Giá Đỡ Laptop Nhôm, Lót Chuột Gaming Khổ Lớn, Bàn Phím Cơ LED RGB, Chuột Không Dây Silent",4,SPayLater (Mua trước trả sau)
TRX_00025,"Nồi Chiên Không Dầu, Bình Giữ Nhiệt Inox",2,Thẻ Tín Dụng/Ghi Nợ
TRX_00026,"Quần Jean Baggy, Giày Sneaker Thể Thao, Áo Thun Unisex Cotton",3,COD (Tiền mặt)
TRX_00027,"Nồi Chiên Không Dầu, Ấm Siêu Tốc 2 Lớp, Sữa Rửa Mặt Dịu Nhẹ, Bình Giữ Nhiệt Inox",4,Thẻ Tín Dụng/Ghi Nợ
TRX_00028,"Giá Đỡ Laptop Nhôm, Lót Chuột Gaming Khổ Lớn",2,COD (Tiền mặt)
TRX_00029,"Củ Sạc Nhanh 65W, Kính Cường Lực Full Màn, Cáp Sạc Nhanh Type-C, Ốp Lưng Chống Sốc",4,COD (Tiền mặt)
TRX_00030,"Serum B5 Phục Hồi, Kem Chống Nắng Kiềm Dầu",2,COD (Tiền mặt)
TRX_00031,"Nồi Chiên Không Dầu, Bình Giữ Nhiệt Inox",2,COD (Tiền mặt)
TRX_00032,"Nồi Chiên Không Dầu, Bình Giữ Nhiệt Inox",2,COD (Tiền mặt)
TRX_00033,"Serum B5 Phục Hồi, Bình Giữ Nhiệt Inox",2,Thẻ Tín Dụng/Ghi Nợ
TRX_00034,"Giá Đỡ Laptop Nhôm, Lót Chuột Gaming Khổ Lớn, Bàn Phím Cơ LED RGB",3,ShopeePay
TRX_00035,"Đèn Bàn Học LED, Ấm Siêu Tốc 2 Lớp, Cáp Sạc Nhanh Type-C",3,Thẻ Tín Dụng/Ghi Nợ
TRX_00036,"Đèn Bàn Học LED, Thảm Tập Yoga, Váy Nữ Dáng Xòe, Kem Chống Nắng Kiềm Dầu",4,COD (Tiền mặt)
TRX_00037,"Giá Đỡ Laptop Nhôm, Lót Chuột Gaming Khổ Lớn, Chuột Không Dây Silent",3,Thẻ Tín Dụng/Ghi Nợ
TRX_00038,"Nồi Chiên Không Dầu, Ấm Siêu Tốc 2 Lớp, Bình Giữ Nhiệt Inox",3,SPayLater (Mua trước trả sau)
TRX_00039,"Tã Bỉm Dán Siêu Thấm, Khăn Ướt Kháng Khuẩn, Bình Sữa Chống Sặc",3,ShopeePay
TRX_00040,"Tã Bỉm Dán Siêu Thấm, Khăn Ướt Kháng Khuẩn",2,ShopeePay
TRX_00041,"Tã Bỉm Dán Siêu Thấm, Giá Đỡ Laptop Nhôm, Bàn Phím Cơ LED RGB, Ốp Lưng Chống Sốc",4,SPayLater (Mua trước trả sau)
TRX_00042,"Củ Sạc Nhanh 65W, Kính Cường Lực Full Màn, Cáp Sạc Nhanh Type-C",3,SPayLater (Mua trước trả sau)
TRX_00043,"Khăn Ướt Kháng Khuẩn, Nồi Chiên Không Dầu, Ấm Siêu Tốc 2 Lớp, Bình Giữ Nhiệt Inox",4,SPayLater (Mua trước trả sau)
TRX_00044,"Serum B5 Phục Hồi, Sữa Rửa Mặt Dịu Nhẹ, Nước Tẩy Trang Micellar",3,ShopeePay
TRX_00045,"Quần Jean Baggy, Giày Sneaker Thể Thao, Áo Thun Unisex Cotton",3,ShopeePay
TRX_00046,"Quần Jean Baggy, Nước Tẩy Trang Micellar",2,SPayLater (Mua trước trả sau)
TRX_00047,"Tã Bỉm Dán Siêu Thấm, Khăn Ướt Kháng Khuẩn, Lót Chuột Gaming Khổ Lớn, Ốp Lưng Chống Sốc",4,SPayLater (Mua trước trả sau)
TRX_00048,"Giá Đỡ Laptop Nhôm, Serum B5 Phục Hồi, Nước Tẩy Trang Micellar",3,ShopeePay
TRX_00049,"Quần Jean Baggy, Giày Sneaker Thể Thao, Áo Thun Unisex Cotton",3,ShopeePay
TRX_00050,"Quần Jean Baggy, Giày Sneaker Thể Thao, Áo Thun Unisex Cotton",3,ShopeePay
TRX_00051,"Nồi Chiên Không Dầu, Ấm Siêu Tốc 2 Lớp, Bình Giữ Nhiệt Inox",3,COD (Tiền mặt)
TRX_00052,"Khăn Ướt Kháng Khuẩn, Bình Sữa Chống Sặc",2,SPayLater (Mua trước trả sau)
TRX_00053,"Tã Bỉm Dán Siêu Thấm, Khăn Ướt Kháng Khuẩn, Bình Sữa Chống Sặc",3,Thẻ Tín Dụng/Ghi Nợ
TRX_00054,"Nồi Chiên Không Dầu, Ấm Siêu Tốc 2 Lớp, Bình Giữ Nhiệt Inox, Đèn Bàn Học LED",4,Thẻ Tín Dụng/Ghi Nợ
TRX_00055,"Tã Bỉm Dán Siêu Thấm, Khăn Ướt Kháng Khuẩn, Bình Sữa Chống Sặc",3,Thẻ Tín Dụng/Ghi Nợ
TRX_00056,"Serum B5 Phục Hồi, Kem Chống Nắng Kiềm Dầu",2,SPayLater (Mua trước trả sau)
TRX_00057,"Serum B5 Phục Hồi, Sữa Rửa Mặt Dịu Nhẹ, Nước Tẩy Trang Micellar",3,ShopeePay
TRX_00058,"Ấm Siêu Tốc 2 Lớp, Giá Đỡ Laptop Nhôm, Bình Giữ Nhiệt Inox",3,ShopeePay
TRX_00059,"Ốp Lưng Chống Sốc, Váy Nữ Dáng Xòe, Cáp Sạc Nhanh Type-C, Củ Sạc Nhanh 65W, Kính Cường Lực Full Màn",5,COD (Tiền mặt)
TRX_00060,"Giá Đỡ Laptop Nhôm, Chuột Không Dây Silent",2,Thẻ Tín Dụng/Ghi Nợ
TRX_00061,"Serum B5 Phục Hồi, Kem Chống Nắng Kiềm Dầu",2,SPayLater (Mua trước trả sau)
TRX_00062,"Củ Sạc Nhanh 65W, Kính Cường Lực Full Màn, Cáp Sạc Nhanh Type-C",3,SPayLater (Mua trước trả sau)
TRX_00063,"Giá Đỡ Laptop Nhôm, Chuột Không Dây Silent",2,SPayLater (Mua trước trả sau)
TRX_00064,"Lót Chuột Gaming Khổ Lớn, Bàn Phím Cơ LED RGB, Chuột Không Dây Silent",3,Thẻ Tín Dụng/Ghi Nợ
TRX_00065,"Nồi Chiên Không Dầu, Giày Sneaker Thể Thao",2,SPayLater (Mua trước trả sau)
TRX_00066,"Củ Sạc Nhanh 65W, Máy Xay Sinh Tố Mini, Bàn Phím Cơ LED RGB, Tã Bỉm Dán Siêu Thấm",4,ShopeePay
TRX_00067,"Củ Sạc Nhanh 65W, Kính Cường Lực Full Màn, Cáp Sạc Nhanh Type-C, Ốp Lưng Chống Sốc",4,SPayLater (Mua trước trả sau)
TRX_00068,"Lót Chuột Gaming Khổ Lớn, Bàn Phím Cơ LED RGB, Chuột Không Dây Silent",3,ShopeePay
TRX_00069,"Giá Đỡ Laptop Nhôm, Lót Chuột Gaming Khổ Lớn",2,Thẻ Tín Dụng/Ghi Nợ
TRX_00070,"Quần Jean Baggy, Giày Sneaker Thể Thao, Áo Thun Unisex Cotton",3,SPayLater (Mua trước trả sau)
TRX_00071,"Serum B5 Phục Hồi, Kem Chống Nắng Kiềm Dầu, Sữa Rửa Mặt Dịu Nhẹ",3,COD (Tiền mặt)
TRX_00072,"Ấm Siêu Tốc 2 Lớp, Kính Cường Lực Full Màn, Lót Chuột Gaming Khổ Lớn, Nước Tẩy Trang Micellar",4,COD (Tiền mặt)
TRX_00073,"Khăn Ướt Kháng Khuẩn, Quần Jean Baggy, Giày Sneaker Thể Thao, Củ Sạc Nhanh 65W",4,ShopeePay
TRX_00074,"Kính Cường Lực Full Màn, Cáp Sạc Nhanh Type-C, Ốp Lưng Chống Sốc",3,COD (Tiền mặt)
TRX_00075,"Củ Sạc Nhanh 65W, Kính Cường Lực Full Màn, Cáp Sạc Nhanh Type-C",3,ShopeePay
TRX_00076,"Nồi Chiên Không Dầu, Ấm Siêu Tốc 2 Lớp",2,SPayLater (Mua trước trả sau)
TRX_00077,"Cáp Sạc Nhanh Type-C, Ốp Lưng Chống Sốc",2,SPayLater (Mua trước trả sau)
TRX_00078,"Quần Jean Baggy, Giày Sneaker Thể Thao, Áo Thun Unisex Cotton",3,COD (Tiền mặt)
TRX_00079,"Giày Sneaker Thể Thao, Giá Đỡ Laptop Nhôm, Cáp Sạc Nhanh Type-C, Bàn Phím Cơ LED RGB",4,COD (Tiền mặt)
TRX_00080,"Giá Đỡ Laptop Nhôm, Cáp Sạc Nhanh Type-C, Bình Sữa Chống Sặc",3,ShopeePay
TRX_00081,"Quần Jean Baggy, Giày Sneaker Thể Thao, Thảm Tập Yoga, Áo Thun Unisex Cotton",4,Thẻ Tín Dụng/Ghi Nợ
TRX_00082,"Quần Jean Baggy, Áo Thun Unisex Cotton",2,SPayLater (Mua trước trả sau)
TRX_00083,"Giày Sneaker Thể Thao, Kem Chống Nắng Kiềm Dầu, Ốp Lưng Chống Sốc",3,Thẻ Tín Dụng/Ghi Nợ
TRX_00084,"Áo Thun Unisex Cotton, Lót Chuột Gaming Khổ Lớn, Sữa Rửa Mặt Dịu Nhẹ, Cáp Sạc Nhanh Type-C",4,SPayLater (Mua trước trả sau)
TRX_00085,"Củ Sạc Nhanh 65W, Đèn Bàn Học LED, Ấm Siêu Tốc 2 Lớp, Tã Bỉm Dán Siêu Thấm",4,SPayLater (Mua trước trả sau)
TRX_00086,"Đèn Bàn Học LED, Lót Chuột Gaming Khổ Lớn, Chuột Không Dây Silent",3,COD (Tiền mặt)
TRX_00087,"Serum B5 Phục Hồi, Kem Chống Nắng Kiềm Dầu, Sữa Rửa Mặt Dịu Nhẹ",3,SPayLater (Mua trước trả sau)
TRX_00088,"Giá Đỡ Laptop Nhôm, Lót Chuột Gaming Khổ Lớn, Bàn Phím Cơ LED RGB, Chuột Không Dây Silent",4,COD (Tiền mặt)
TRX_00089,"Củ Sạc Nhanh 65W, Kính Cường Lực Full Màn, Cáp Sạc Nhanh Type-C, Bình Giữ Nhiệt Inox",4,Thẻ Tín Dụng/Ghi Nợ
TRX_00090,"Kem Chống Nắng Kiềm Dầu, Serum B5 Phục Hồi, Sữa Rửa Mặt Dịu Nhẹ, Nước Tẩy Trang Micellar",4,COD (Tiền mặt)
TRX_00091,"Ốp Lưng Chống Sốc, Cáp Sạc Nhanh Type-C, Bàn Phím Cơ LED RGB, Củ Sạc Nhanh 65W, Kính Cường Lực Full Màn",5,SPayLater (Mua trước trả sau)
TRX_00092,"Kem Chống Nắng Kiềm Dầu, Serum B5 Phục Hồi, Sữa Rửa Mặt Dịu Nhẹ",3,Thẻ Tín Dụng/Ghi Nợ
TRX_00093,"Giày Sneaker Thể Thao, Ấm Siêu Tốc 2 Lớp",2,SPayLater (Mua trước trả sau)
TRX_00094,"Củ Sạc Nhanh 65W, Serum B5 Phục Hồi, Kem Chống Nắng Kiềm Dầu, Sữa Rửa Mặt Dịu Nhẹ",4,ShopeePay
TRX_00095,"Khăn Ướt Kháng Khuẩn, Bình Sữa Chống Sặc",2,SPayLater (Mua trước trả sau)
TRX_00096,"Quần Jean Baggy, Giày Sneaker Thể Thao, Áo Thun Unisex Cotton, Bình Giữ Nhiệt Inox",4,COD (Tiền mặt)
TRX_00097,"Thảm Tập Yoga, Váy Nữ Dáng Xòe, Lót Chuột Gaming Khổ Lớn",3,Thẻ Tín Dụng/Ghi Nợ
TRX_00098,"Lót Chuột Gaming Khổ Lớn, Bình Giữ Nhiệt Inox, Bình Sữa Chống Sặc",3,COD (Tiền mặt)
TRX_00099,"Nồi Chiên Không Dầu, Ấm Siêu Tốc 2 Lớp",2,Thẻ Tín Dụng/Ghi Nợ
TRX_00100,"Tã Bỉm Dán Siêu Thấm, Cáp Sạc Nhanh Type-C",2,COD (Tiền mặt)
TRX_00101,"Quần Jean Baggy, Thảm Tập Yoga, Giá Đỡ Laptop Nhôm, Chuột Không Dây Silent",4,ShopeePay
TRX_00102,"Sữa Rửa Mặt Dịu Nhẹ, Nước Tẩy Trang Micellar",2,ShopeePay
TRX_00103,"Ấm Siêu Tốc 2 Lớp, Máy Xay Sinh Tố Mini, Bình Sữa Chống Sặc",3,COD (Tiền mặt)
TRX_00104,"Nồi Chiên Không Dầu, Kem Chống Nắng Kiềm Dầu, Ốp Lưng Chống Sốc",3,SPayLater (Mua trước trả sau)
TRX_00105,"Củ Sạc Nhanh 65W, Ấm Siêu Tốc 2 Lớp, Ốp Lưng Chống Sốc",3,ShopeePay
TRX_00106,"Củ Sạc Nhanh 65W, Cáp Sạc Nhanh Type-C, Ốp Lưng Chống Sốc",3,COD (Tiền mặt)
TRX_00107,"Giá Đỡ Laptop Nhôm, Lót Chuột Gaming Khổ Lớn, Chuột Không Dây Silent",3,SPayLater (Mua trước trả sau)
TRX_00108,"Giày Sneaker Thể Thao, Áo Thun Unisex Cotton",2,Thẻ Tín Dụng/Ghi Nợ
TRX_00109,"Quần Jean Baggy, Áo Thun Unisex Cotton",2,SPayLater (Mua trước trả sau)
TRX_00110,"Lót Chuột Gaming Khổ Lớn, Áo Thun Unisex Cotton, Bàn Phím Cơ LED RGB, Ốp Lưng Chống Sốc",4,Thẻ Tín Dụng/Ghi Nợ
TRX_00111,"Giá Đỡ Laptop Nhôm, Serum B5 Phục Hồi, Sữa Rửa Mặt Dịu Nhẹ",3,ShopeePay
TRX_00112,"Nồi Chiên Không Dầu, Ấm Siêu Tốc 2 Lớp, Serum B5 Phục Hồi",3,SPayLater (Mua trước trả sau)
TRX_00113,"Củ Sạc Nhanh 65W, Kính Cường Lực Full Màn",2,ShopeePay
TRX_00114,"Kem Chống Nắng Kiềm Dầu, Serum B5 Phục Hồi, Sữa Rửa Mặt Dịu Nhẹ, Nước Tẩy Trang Micellar",4,SPayLater (Mua trước trả sau)
TRX_00115,"Đèn Bàn Học LED, Giá Đỡ Laptop Nhôm, Lót Chuột Gaming Khổ Lớn, Chuột Không Dây Silent",4,SPayLater (Mua trước trả sau)
TRX_00116,"Đèn Bàn Học LED, Giày Sneaker Thể Thao, Kính Cường Lực Full Màn, Cáp Sạc Nhanh Type-C",4,Thẻ Tín Dụng/Ghi Nợ
TRX_00117,"Nồi Chiên Không Dầu, Ấm Siêu Tốc 2 Lớp, Bình Giữ Nhiệt Inox",3,ShopeePay
TRX_00118,"Giá Đỡ Laptop Nhôm, Lót Chuột Gaming Khổ Lớn, Bàn Phím Cơ LED RGB",3,COD (Tiền mặt)
TRX_00119,"Cáp Sạc Nhanh Type-C, Ốp Lưng Chống Sốc",2,ShopeePay
TRX_00120,"Củ Sạc Nhanh 65W, Tã Bỉm Dán Siêu Thấm, Thảm Tập Yoga, Chuột Không Dây Silent",4,SPayLater (Mua trước trả sau)
TRX_00121,"Củ Sạc Nhanh 65W, Kính Cường Lực Full Màn, Cáp Sạc Nhanh Type-C, Ốp Lưng Chống Sốc",4,SPayLater (Mua trước trả sau)
TRX_00122,"Nồi Chiên Không Dầu, Ấm Siêu Tốc 2 Lớp",2,ShopeePay
TRX_00123,"Ấm Siêu Tốc 2 Lớp, Váy Nữ Dáng Xòe, Lót Chuột Gaming Khổ Lớn, Bình Sữa Chống Sặc",4,SPayLater (Mua trước trả sau)
TRX_00124,"Đèn Bàn Học LED, Kính Cường Lực Full Màn, Cáp Sạc Nhanh Type-C",3,ShopeePay
TRX_00125,"Giá Đỡ Laptop Nhôm, Lót Chuột Gaming Khổ Lớn, Bàn Phím Cơ LED RGB",3,SPayLater (Mua trước trả sau)
TRX_00126,"Quần Jean Baggy, Giày Sneaker Thể Thao, Giá Đỡ Laptop Nhôm",3,SPayLater (Mua trước trả sau)
TRX_00127,"Nồi Chiên Không Dầu, Ấm Siêu Tốc 2 Lớp, Bình Giữ Nhiệt Inox",3,Thẻ Tín Dụng/Ghi Nợ
TRX_00128,"Giày Sneaker Thể Thao, Kính Cường Lực Full Màn, Bàn Phím Cơ LED RGB, Nước Tẩy Trang Micellar",4,COD (Tiền mặt)
TRX_00129,"Đèn Bàn Học LED, Váy Nữ Dáng Xòe",2,SPayLater (Mua trước trả sau)
TRX_00130,"Củ Sạc Nhanh 65W, Kính Cường Lực Full Màn, Cáp Sạc Nhanh Type-C",3,SPayLater (Mua trước trả sau)
TRX_00131,"Giày Sneaker Thể Thao, Bình Nước 2L, Máy Xay Sinh Tố Mini, Lót Chuột Gaming Khổ Lớn",4,ShopeePay
TRX_00132,"Giá Đỡ Laptop Nhôm, Lót Chuột Gaming Khổ Lớn, Chuột Không Dây Silent",3,ShopeePay
TRX_00133,"Giá Đỡ Laptop Nhôm, Serum B5 Phục Hồi",2,SPayLater (Mua trước trả sau)
TRX_00134,"Tã Bỉm Dán Siêu Thấm, Khăn Ướt Kháng Khuẩn, Bình Sữa Chống Sặc",3,Thẻ Tín Dụng/Ghi Nợ
TRX_00135,"Quần Jean Baggy, Giày Sneaker Thể Thao, Bàn Phím Cơ LED RGB",3,COD (Tiền mặt)
TRX_00136,"Nồi Chiên Không Dầu, Ấm Siêu Tốc 2 Lớp, Bình Giữ Nhiệt Inox, Đèn Bàn Học LED",4,SPayLater (Mua trước trả sau)
TRX_00137,"Giày Sneaker Thể Thao, Áo Thun Unisex Cotton",2,Thẻ Tín Dụng/Ghi Nợ
TRX_00138,"Nồi Chiên Không Dầu, Bình Giữ Nhiệt Inox",2,Thẻ Tín Dụng/Ghi Nợ
TRX_00139,"Củ Sạc Nhanh 65W, Bình Nước 2L, Kem Chống Nắng Kiềm Dầu",3,ShopeePay
TRX_00140,"Củ Sạc Nhanh 65W, Kính Cường Lực Full Màn, Cáp Sạc Nhanh Type-C, Ốp Lưng Chống Sốc",4,Thẻ Tín Dụng/Ghi Nợ
TRX_00141,"Đèn Bàn Học LED, Bình Nước 2L, Chuột Không Dây Silent, Nước Tẩy Trang Micellar",4,SPayLater (Mua trước trả sau)
TRX_00142,"Quần Jean Baggy, Giày Sneaker Thể Thao",2,Thẻ Tín Dụng/Ghi Nợ
TRX_00143,"Giày Sneaker Thể Thao, Khăn Ướt Kháng Khuẩn, Bình Sữa Chống Sặc",3,SPayLater (Mua trước trả sau)
TRX_00144,"Lót Chuột Gaming Khổ Lớn, Chuột Không Dây Silent",2,ShopeePay
TRX_00145,"Tã Bỉm Dán Siêu Thấm, Khăn Ướt Kháng Khuẩn, Bình Sữa Chống Sặc",3,SPayLater (Mua trước trả sau)
TRX_00146,"Ốp Lưng Chống Sốc, Bàn Phím Cơ LED RGB, Chuột Không Dây Silent, Lót Chuột Gaming Khổ Lớn, Giá Đỡ Laptop Nhôm",5,ShopeePay
TRX_00147,"Giá Đỡ Laptop Nhôm, Bàn Phím Cơ LED RGB, Chuột Không Dây Silent",3,ShopeePay
TRX_00148,"Kem Chống Nắng Kiềm Dầu, Nước Tẩy Trang Micellar",2,SPayLater (Mua trước trả sau)
TRX_00149,"Củ Sạc Nhanh 65W, Kính Cường Lực Full Màn, Cáp Sạc Nhanh Type-C, Ốp Lưng Chống Sốc",4,ShopeePay
TRX_00150,"Tã Bỉm Dán Siêu Thấm, Nồi Chiên Không Dầu, Giá Đỡ Laptop Nhôm, Kính Cường Lực Full Màn",4,Thẻ Tín Dụng/Ghi Nợ
TRX_00151,"Quần Jean Baggy, Kem Chống Nắng Kiềm Dầu, Áo Thun Unisex Cotton",3,COD (Tiền mặt)
TRX_00152,"Nồi Chiên Không Dầu, Ấm Siêu Tốc 2 Lớp, Bình Giữ Nhiệt Inox",3,COD (Tiền mặt)
TRX_00153,"Kính Cường Lực Full Màn, Serum B5 Phục Hồi, Kem Chống Nắng Kiềm Dầu, Nước Tẩy Trang Micellar",4,SPayLater (Mua trước trả sau)
TRX_00154,"Tã Bỉm Dán Siêu Thấm, Củ Sạc Nhanh 65W, Bình Sữa Chống Sặc",3,ShopeePay
TRX_00155,"Quần Jean Baggy, Giày Sneaker Thể Thao, Áo Thun Unisex Cotton",3,Thẻ Tín Dụng/Ghi Nợ
TRX_00156,"Giày Sneaker Thể Thao, Chuột Không Dây Silent",2,ShopeePay
TRX_00157,"Tã Bỉm Dán Siêu Thấm, Kính Cường Lực Full Màn, Sữa Rửa Mặt Dịu Nhẹ",3,COD (Tiền mặt)
TRX_00158,"Nồi Chiên Không Dầu, Ấm Siêu Tốc 2 Lớp, Bình Giữ Nhiệt Inox",3,COD (Tiền mặt)
TRX_00159,"Lót Chuột Gaming Khổ Lớn, Chuột Không Dây Silent",2,ShopeePay
TRX_00160,"Đèn Bàn Học LED, Khăn Ướt Kháng Khuẩn, Lót Chuột Gaming Khổ Lớn, Bình Sữa Chống Sặc",4,ShopeePay
TRX_00161,"Lót Chuột Gaming Khổ Lớn, Bàn Phím Cơ LED RGB, Chuột Không Dây Silent",3,ShopeePay
TRX_00162,"Giá Đỡ Laptop Nhôm, Bàn Phím Cơ LED RGB, Chuột Không Dây Silent",3,Thẻ Tín Dụng/Ghi Nợ
TRX_00163,"Giày Sneaker Thể Thao, Áo Thun Unisex Cotton",2,COD (Tiền mặt)
TRX_00164,"Quần Jean Baggy, Giá Đỡ Laptop Nhôm, Váy Nữ Dáng Xòe, Máy Xay Sinh Tố Mini",4,SPayLater (Mua trước trả sau)
TRX_00165,"Tã Bỉm Dán Siêu Thấm, Đèn Bàn Học LED, Giày Sneaker Thể Thao, Bàn Phím Cơ LED RGB",4,SPayLater (Mua trước trả sau)
TRX_00166,"Kem Chống Nắng Kiềm Dầu, Serum B5 Phục Hồi, Sữa Rửa Mặt Dịu Nhẹ",3,COD (Tiền mặt)
TRX_00167,"Sữa Rửa Mặt Dịu Nhẹ, Ốp Lưng Chống Sốc, Cáp Sạc Nhanh Type-C, Củ Sạc Nhanh 65W, Kính Cường Lực Full Màn",5,Thẻ Tín Dụng/Ghi Nợ
TRX_00168,"Quần Jean Baggy, Giày Sneaker Thể Thao, Lót Chuột Gaming Khổ Lớn",3,Thẻ Tín Dụng/Ghi Nợ
TRX_00169,"Củ Sạc Nhanh 65W, Giày Sneaker Thể Thao, Serum B5 Phục Hồi, Giá Đỡ Laptop Nhôm",4,ShopeePay
TRX_00170,"Quần Jean Baggy, Áo Thun Unisex Cotton",2,Thẻ Tín Dụng/Ghi Nợ
TRX_00171,"Lót Chuột Gaming Khổ Lớn, Chuột Không Dây Silent",2,SPayLater (Mua trước trả sau)
TRX_00172,"Giày Sneaker Thể Thao, Lót Chuột Gaming Khổ Lớn, Sữa Rửa Mặt Dịu Nhẹ, Nước Tẩy Trang Micellar",4,COD (Tiền mặt)
TRX_00173,"Quần Jean Baggy, Áo Thun Unisex Cotton",2,Thẻ Tín Dụng/Ghi Nợ
TRX_00174,"Giá Đỡ Laptop Nhôm, Bàn Phím Cơ LED RGB",2,SPayLater (Mua trước trả sau)
TRX_00175,"Serum B5 Phục Hồi, Sữa Rửa Mặt Dịu Nhẹ, Nước Tẩy Trang Micellar",3,COD (Tiền mặt)
TRX_00176,"Nồi Chiên Không Dầu, Ấm Siêu Tốc 2 Lớp, Bình Giữ Nhiệt Inox",3,ShopeePay
TRX_00177,"Quần Jean Baggy, Áo Thun Unisex Cotton",2,COD (Tiền mặt)
TRX_00178,"Củ Sạc Nhanh 65W, Quần Jean Baggy, Khăn Ướt Kháng Khuẩn",3,SPayLater (Mua trước trả sau)
TRX_00179,"Tã Bỉm Dán Siêu Thấm, Serum B5 Phục Hồi, Kem Chống Nắng Kiềm Dầu",3,Thẻ Tín Dụng/Ghi Nợ
TRX_00180,"Nồi Chiên Không Dầu, Ấm Siêu Tốc 2 Lớp, Bình Giữ Nhiệt Inox",3,ShopeePay
TRX_00181,"Giày Sneaker Thể Thao, Bình Nước 2L, Ấm Siêu Tốc 2 Lớp, Cáp Sạc Nhanh Type-C",4,Thẻ Tín Dụng/Ghi Nợ
TRX_00182,"Giá Đỡ Laptop Nhôm, Lót Chuột Gaming Khổ Lớn, Bàn Phím Cơ LED RGB, Chuột Không Dây Silent",4,COD (Tiền mặt)
TRX_00183,"Đèn Bàn Học LED, Giá Đỡ Laptop Nhôm, Serum B5 Phục Hồi, Bình Sữa Chống Sặc",4,SPayLater (Mua trước trả sau)
TRX_00184,"Kem Chống Nắng Kiềm Dầu, Cáp Sạc Nhanh Type-C, Ốp Lưng Chống Sốc",3,COD (Tiền mặt)
TRX_00185,"Quần Jean Baggy, Giày Sneaker Thể Thao",2,SPayLater (Mua trước trả sau)
TRX_00186,"Đèn Bàn Học LED, Ốp Lưng Chống Sốc, Cáp Sạc Nhanh Type-C, Củ Sạc Nhanh 65W, Kính Cường Lực Full Màn",5,COD (Tiền mặt)
TRX_00187,"Tã Bỉm Dán Siêu Thấm, Khăn Ướt Kháng Khuẩn, Áo Thun Unisex Cotton, Bình Sữa Chống Sặc",4,SPayLater (Mua trước trả sau)
TRX_00188,"Tã Bỉm Dán Siêu Thấm, Bình Sữa Chống Sặc",2,Thẻ Tín Dụng/Ghi Nợ
TRX_00189,"Đèn Bàn Học LED, Váy Nữ Dáng Xòe",2,COD (Tiền mặt)
TRX_00190,"Cáp Sạc Nhanh Type-C, Quần Jean Baggy, Áo Thun Unisex Cotton",3,COD (Tiền mặt)
TRX_00191,"Khăn Ướt Kháng Khuẩn, Bình Sữa Chống Sặc",2,Thẻ Tín Dụng/Ghi Nợ
TRX_00192,"Tã Bỉm Dán Siêu Thấm, Bình Sữa Chống Sặc",2,SPayLater (Mua trước trả sau)
TRX_00193,"Ấm Siêu Tốc 2 Lớp, Váy Nữ Dáng Xòe",2,SPayLater (Mua trước trả sau)
TRX_00194,"Kem Chống Nắng Kiềm Dầu, Sữa Rửa Mặt Dịu Nhẹ, Nước Tẩy Trang Micellar, Củ Sạc Nhanh 65W, Serum B5 Phục Hồi",5,Thẻ Tín Dụng/Ghi Nợ
TRX_00195,"Nồi Chiên Không Dầu, Ấm Siêu Tốc 2 Lớp, Bình Giữ Nhiệt Inox",3,Thẻ Tín Dụng/Ghi Nợ
TRX_00196,"Giá Đỡ Laptop Nhôm, Serum B5 Phục Hồi, Bàn Phím Cơ LED RGB",3,COD (Tiền mặt)
TRX_00197,"Kem Chống Nắng Kiềm Dầu, Nước Tẩy Trang Micellar",2,Thẻ Tín Dụng/Ghi Nợ
TRX_00198,"Nồi Chiên Không Dầu, Ấm Siêu Tốc 2 Lớp, Bình Giữ Nhiệt Inox, Quần Jean Baggy",4,ShopeePay
TRX_00199,"Củ Sạc Nhanh 65W, Kính Cường Lực Full Màn",2,COD (Tiền mặt)
TRX_00200,"Giá Đỡ Laptop Nhôm, Chuột Không Dây Silent",2,SPayLater (Mua trước trả sau)
TRX_00201,"Quần Jean Baggy, Áo Thun Unisex Cotton",2,SPayLater (Mua trước trả sau)
TRX_00202,"Giá Đỡ Laptop Nhôm, Cáp Sạc Nhanh Type-C, Bình Sữa Chống Sặc",3,Thẻ Tín Dụng/Ghi Nợ
TRX_00203,"Quần Jean Baggy, Giày Sneaker Thể Thao, Áo Thun Unisex Cotton, Bình Giữ Nhiệt Inox",4,Thẻ Tín Dụng/Ghi Nợ
TRX_00204,"Thảm Tập Yoga, Bàn Phím Cơ LED RGB, Bình Nước 2L, Ốp Lưng Chống Sốc",4,SPayLater (Mua trước trả sau)
TRX_00205,"Kem Chống Nắng Kiềm Dầu, Sữa Rửa Mặt Dịu Nhẹ, Cáp Sạc Nhanh Type-C, Nước Tẩy Trang Micellar, Serum B5 Phục Hồi",5,Thẻ Tín Dụng/Ghi Nợ
TRX_00206,"Khăn Ướt Kháng Khuẩn, Sữa Rửa Mặt Dịu Nhẹ",2,COD (Tiền mặt)
TRX_00207,"Nồi Chiên Không Dầu, Máy Xay Sinh Tố Mini, Bình Giữ Nhiệt Inox",3,Thẻ Tín Dụng/Ghi Nợ
TRX_00208,"Tã Bỉm Dán Siêu Thấm, Khăn Ướt Kháng Khuẩn, Bình Sữa Chống Sặc",3,COD (Tiền mặt)
TRX_00209,"Tã Bỉm Dán Siêu Thấm, Khăn Ướt Kháng Khuẩn, Bình Sữa Chống Sặc",3,COD (Tiền mặt)
TRX_00210,"Ấm Siêu Tốc 2 Lớp, Sữa Rửa Mặt Dịu Nhẹ, Bình Giữ Nhiệt Inox",3,COD (Tiền mặt)
TRX_00211,"Nồi Chiên Không Dầu, Thảm Tập Yoga, Bình Giữ Nhiệt Inox",3,Thẻ Tín Dụng/Ghi Nợ
TRX_00212,"Bình Nước 2L, Bàn Phím Cơ LED RGB, Bình Giữ Nhiệt Inox",3,SPayLater (Mua trước trả sau)
TRX_00213,"Giày Sneaker Thể Thao, Áo Thun Unisex Cotton",2,ShopeePay
TRX_00214,"Tã Bỉm Dán Siêu Thấm, Khăn Ướt Kháng Khuẩn",2,ShopeePay
TRX_00215,"Thảm Tập Yoga, Váy Nữ Dáng Xòe, Giá Đỡ Laptop Nhôm, Ốp Lưng Chống Sốc",4,ShopeePay
TRX_00216,"Nồi Chiên Không Dầu, Ấm Siêu Tốc 2 Lớp, Nước Tẩy Trang Micellar",3,ShopeePay
TRX_00217,"Tã Bỉm Dán Siêu Thấm, Khăn Ướt Kháng Khuẩn, Bình Sữa Chống Sặc",3,ShopeePay
TRX_00218,"Giá Đỡ Laptop Nhôm, Chuột Không Dây Silent",2,Thẻ Tín Dụng/Ghi Nợ
TRX_00219,"Kính Cường Lực Full Màn, Cáp Sạc Nhanh Type-C, Serum B5 Phục Hồi, Ốp Lưng Chống Sốc",4,ShopeePay
TRX_00220,"Ấm Siêu Tốc 2 Lớp, Bình Giữ Nhiệt Inox",2,SPayLater (Mua trước trả sau)
TRX_00221,"Tã Bỉm Dán Siêu Thấm, Giày Sneaker Thể Thao, Kính Cường Lực Full Màn, Ấm Siêu Tốc 2 Lớp",4,COD (Tiền mặt)
TRX_00222,"Tã Bỉm Dán Siêu Thấm, Khăn Ướt Kháng Khuẩn, Bình Sữa Chống Sặc",3,ShopeePay
TRX_00223,"Tã Bỉm Dán Siêu Thấm, Khăn Ướt Kháng Khuẩn, Bình Sữa Chống Sặc",3,ShopeePay
TRX_00224,"Nồi Chiên Không Dầu, Ấm Siêu Tốc 2 Lớp, Kính Cường Lực Full Màn",3,Thẻ Tín Dụng/Ghi Nợ
TRX_00225,"Khăn Ướt Kháng Khuẩn, Lót Chuột Gaming Khổ Lớn",2,ShopeePay
TRX_00226,"Củ Sạc Nhanh 65W, Máy Xay Sinh Tố Mini, Chuột Không Dây Silent",3,Thẻ Tín Dụng/Ghi Nợ
TRX_00227,"Serum B5 Phục Hồi, Bình Sữa Chống Sặc, Nước Tẩy Trang Micellar",3,Thẻ Tín Dụng/Ghi Nợ
TRX_00228,"Giá Đỡ Laptop Nhôm, Lót Chuột Gaming Khổ Lớn, Bàn Phím Cơ LED RGB, Chuột Không Dây Silent",4,ShopeePay
TRX_00229,"Kem Chống Nắng Kiềm Dầu, Sữa Rửa Mặt Dịu Nhẹ, Bàn Phím Cơ LED RGB, Nước Tẩy Trang Micellar, Serum B5 Phục Hồi",5,ShopeePay
TRX_00230,"Ốp Lưng Chống Sốc, Cáp Sạc Nhanh Type-C, Củ Sạc Nhanh 65W, Thảm Tập Yoga, Kính Cường Lực Full Màn",5,SPayLater (Mua trước trả sau)
TRX_00231,"Củ Sạc Nhanh 65W, Nồi Chiên Không Dầu",2,SPayLater (Mua trước trả sau)
TRX_00232,"Váy Nữ Dáng Xòe, Nước Tẩy Trang Micellar",2,SPayLater (Mua trước trả sau)
TRX_00233,"Giá Đỡ Laptop Nhôm, Lót Chuột Gaming Khổ Lớn, Chuột Không Dây Silent",3,ShopeePay
TRX_00234,"Nồi Chiên Không Dầu, Lót Chuột Gaming Khổ Lớn, Áo Thun Unisex Cotton, Bình Giữ Nhiệt Inox",4,ShopeePay
TRX_00235,"Nồi Chiên Không Dầu, Ấm Siêu Tốc 2 Lớp, Bàn Phím Cơ LED RGB, Bình Giữ Nhiệt Inox",4,Thẻ Tín Dụng/Ghi Nợ
TRX_00236,"Giá Đỡ Laptop Nhôm, Kem Chống Nắng Kiềm Dầu",2,SPayLater (Mua trước trả sau)
TRX_00237,"Giá Đỡ Laptop Nhôm, Lót Chuột Gaming Khổ Lớn, Chuột Không Dây Silent",3,SPayLater (Mua trước trả sau)
TRX_00238,"Củ Sạc Nhanh 65W, Đèn Bàn Học LED, Áo Thun Unisex Cotton, Nước Tẩy Trang Micellar",4,ShopeePay
TRX_00239,"Tã Bỉm Dán Siêu Thấm, Khăn Ướt Kháng Khuẩn, Bình Sữa Chống Sặc",3,COD (Tiền mặt)
TRX_00240,"Tã Bỉm Dán Siêu Thấm, Củ Sạc Nhanh 65W",2,ShopeePay
TRX_00241,"Tã Bỉm Dán Siêu Thấm, Khăn Ướt Kháng Khuẩn, Bình Sữa Chống Sặc",3,COD (Tiền mặt)
TRX_00242,"Nồi Chiên Không Dầu, Ấm Siêu Tốc 2 Lớp, Bình Giữ Nhiệt Inox",3,Thẻ Tín Dụng/Ghi Nợ
TRX_00243,"Nồi Chiên Không Dầu, Bình Nước 2L, Lót Chuột Gaming Khổ Lớn, Cáp Sạc Nhanh Type-C",4,ShopeePay
TRX_00244,"Kính Cường Lực Full Màn, Đèn Bàn Học LED, Serum B5 Phục Hồi",3,COD (Tiền mặt)
TRX_00245,"Đèn Bàn Học LED, Kem Chống Nắng Kiềm Dầu, Nước Tẩy Trang Micellar",3,Thẻ Tín Dụng/Ghi Nợ
TRX_00246,"Serum B5 Phục Hồi, Sữa Rửa Mặt Dịu Nhẹ, Nước Tẩy Trang Micellar",3,Thẻ Tín Dụng/Ghi Nợ
TRX_00247,"Củ Sạc Nhanh 65W, Nồi Chiên Không Dầu, Ốp Lưng Chống Sốc",3,ShopeePay
TRX_00248,"Tã Bỉm Dán Siêu Thấm, Khăn Ướt Kháng Khuẩn",2,COD (Tiền mặt)
TRX_00249,"Nồi Chiên Không Dầu, Khăn Ướt Kháng Khuẩn, Sữa Rửa Mặt Dịu Nhẹ, Bình Sữa Chống Sặc",4,COD (Tiền mặt)
TRX_00250,"Quần Jean Baggy, Máy Xay Sinh Tố Mini, Kem Chống Nắng Kiềm Dầu",3,Thẻ Tín Dụng/Ghi Nợ
TRX_00251,"Serum B5 Phục Hồi, Kem Chống Nắng Kiềm Dầu, Nước Tẩy Trang Micellar",3,COD (Tiền mặt)
TRX_00252,"Nồi Chiên Không Dầu, Ấm Siêu Tốc 2 Lớp, Sữa Rửa Mặt Dịu Nhẹ, Bình Giữ Nhiệt Inox",4,COD (Tiền mặt)
TRX_00253,"Áo Thun Unisex Cotton, Giày Sneaker Thể Thao, Bàn Phím Cơ LED RGB",3,COD (Tiền mặt)
TRX_00254,"Tã Bỉm Dán Siêu Thấm, Khăn Ướt Kháng Khuẩn, Bình Sữa Chống Sặc, Ốp Lưng Chống Sốc",4,ShopeePay
TRX_00255,"Củ Sạc Nhanh 65W, Giày Sneaker Thể Thao, Áo Thun Unisex Cotton",3,Thẻ Tín Dụng/Ghi Nợ
TRX_00256,"Quần Jean Baggy, Giày Sneaker Thể Thao, Áo Thun Unisex Cotton",3,ShopeePay
TRX_00257,"Lót Chuột Gaming Khổ Lớn, Bàn Phím Cơ LED RGB",2,ShopeePay
TRX_00258,"Giá Đỡ Laptop Nhôm, Lót Chuột Gaming Khổ Lớn, Chuột Không Dây Silent",3,ShopeePay
TRX_00259,"Serum B5 Phục Hồi, Kem Chống Nắng Kiềm Dầu, Sữa Rửa Mặt Dịu Nhẹ, Nước Tẩy Trang Micellar",4,ShopeePay
TRX_00260,"Giày Sneaker Thể Thao, Thảm Tập Yoga, Bình Giữ Nhiệt Inox, Ốp Lưng Chống Sốc",4,SPayLater (Mua trước trả sau)
TRX_00261,"Giày Sneaker Thể Thao, Thảm Tập Yoga, Ấm Siêu Tốc 2 Lớp, Nước Tẩy Trang Micellar",4,COD (Tiền mặt)
TRX_00262,"Serum B5 Phục Hồi, Sữa Rửa Mặt Dịu Nhẹ",2,SPayLater (Mua trước trả sau)
TRX_00263,"Đèn Bàn Học LED, Giá Đỡ Laptop Nhôm, Serum B5 Phục Hồi",3,COD (Tiền mặt)
TRX_00264,"Tã Bỉm Dán Siêu Thấm, Khăn Ướt Kháng Khuẩn, Bình Sữa Chống Sặc",3,Thẻ Tín Dụng/Ghi Nợ
TRX_00265,"Khăn Ướt Kháng Khuẩn, Ấm Siêu Tốc 2 Lớp, Serum B5 Phục Hồi, Tã Bỉm Dán Siêu Thấm",4,ShopeePay
TRX_00266,"Giá Đỡ Laptop Nhôm, Bàn Phím Cơ LED RGB",2,COD (Tiền mặt)
TRX_00267,"Kem Chống Nắng Kiềm Dầu, Cáp Sạc Nhanh Type-C, Bình Nước 2L",3,SPayLater (Mua trước trả sau)
TRX_00268,"Lót Chuột Gaming Khổ Lớn, Bàn Phím Cơ LED RGB",2,ShopeePay
TRX_00269,"Tã Bỉm Dán Siêu Thấm, Khăn Ướt Kháng Khuẩn, Bình Sữa Chống Sặc",3,ShopeePay
TRX_00270,"Serum B5 Phục Hồi, Bình Giữ Nhiệt Inox",2,ShopeePay
TRX_00271,"Giá Đỡ Laptop Nhôm, Lót Chuột Gaming Khổ Lớn, Bàn Phím Cơ LED RGB, Chuột Không Dây Silent",4,Thẻ Tín Dụng/Ghi Nợ
TRX_00272,"Khăn Ướt Kháng Khuẩn, Bình Sữa Chống Sặc",2,Thẻ Tín Dụng/Ghi Nợ
TRX_00273,"Sữa Rửa Mặt Dịu Nhẹ, Nước Tẩy Trang Micellar",2,COD (Tiền mặt)
TRX_00274,"Giày Sneaker Thể Thao, Quần Jean Baggy, Thảm Tập Yoga",3,SPayLater (Mua trước trả sau)
TRX_00275,"Kem Chống Nắng Kiềm Dầu, Nước Tẩy Trang Micellar",2,ShopeePay
TRX_00276,"Giá Đỡ Laptop Nhôm, Lót Chuột Gaming Khổ Lớn, Bàn Phím Cơ LED RGB",3,COD (Tiền mặt)
TRX_00277,"Kính Cường Lực Full Màn, Máy Xay Sinh Tố Mini",2,ShopeePay
TRX_00278,"Tã Bỉm Dán Siêu Thấm, Giá Đỡ Laptop Nhôm, Lót Chuột Gaming Khổ Lớn, Nước Tẩy Trang Micellar",4,SPayLater (Mua trước trả sau)
TRX_00279,"Serum B5 Phục Hồi, Kem Chống Nắng Kiềm Dầu, Sữa Rửa Mặt Dịu Nhẹ, Nước Tẩy Trang Micellar",4,ShopeePay
TRX_00280,"Tã Bỉm Dán Siêu Thấm, Khăn Ướt Kháng Khuẩn, Củ Sạc Nhanh 65W, Bình Sữa Chống Sặc",4,Thẻ Tín Dụng/Ghi Nợ
TRX_00281,"Kính Cường Lực Full Màn, Cáp Sạc Nhanh Type-C",2,COD (Tiền mặt)
TRX_00282,"Tã Bỉm Dán Siêu Thấm, Khăn Ướt Kháng Khuẩn, Bình Sữa Chống Sặc",3,ShopeePay
TRX_00283,"Kính Cường Lực Full Màn, Cáp Sạc Nhanh Type-C, Ốp Lưng Chống Sốc",3,ShopeePay
TRX_00284,"Kính Cường Lực Full Màn, Lót Chuột Gaming Khổ Lớn, Bàn Phím Cơ LED RGB",3,Thẻ Tín Dụng/Ghi Nợ
TRX_00285,"Serum B5 Phục Hồi, Kem Chống Nắng Kiềm Dầu, Sữa Rửa Mặt Dịu Nhẹ, Nước Tẩy Trang Micellar",4,SPayLater (Mua trước trả sau)
TRX_00286,"Giày Sneaker Thể Thao, Giá Đỡ Laptop Nhôm, Áo Thun Unisex Cotton",3,COD (Tiền mặt)
TRX_00287,"Củ Sạc Nhanh 65W, Đèn Bàn Học LED, Giày Sneaker Thể Thao, Bình Sữa Chống Sặc",4,Thẻ Tín Dụng/Ghi Nợ
TRX_00288,"Kính Cường Lực Full Màn, Cáp Sạc Nhanh Type-C",2,SPayLater (Mua trước trả sau)
TRX_00289,"Váy Nữ Dáng Xòe, Serum B5 Phục Hồi",2,COD (Tiền mặt)
TRX_00290,"Quần Jean Baggy, Giày Sneaker Thể Thao",2,COD (Tiền mặt)
TRX_00291,"Khăn Ướt Kháng Khuẩn, Chuột Không Dây Silent",2,SPayLater (Mua trước trả sau)
TRX_00292,"Nồi Chiên Không Dầu, Kem Chống Nắng Kiềm Dầu, Sữa Rửa Mặt Dịu Nhẹ",3,SPayLater (Mua trước trả sau)
TRX_00293,"Quần Jean Baggy, Giá Đỡ Laptop Nhôm, Lót Chuột Gaming Khổ Lớn, Bàn Phím Cơ LED RGB",4,Thẻ Tín Dụng/Ghi Nợ
TRX_00294,"Giá Đỡ Laptop Nhôm, Lót Chuột Gaming Khổ Lớn, Bàn Phím Cơ LED RGB, Chuột Không Dây Silent",4,SPayLater (Mua trước trả sau)
TRX_00295,"Tã Bỉm Dán Siêu Thấm, Khăn Ướt Kháng Khuẩn, Bình Sữa Chống Sặc",3,SPayLater (Mua trước trả sau)
TRX_00296,"Kem Chống Nắng Kiềm Dầu, Serum B5 Phục Hồi, Sữa Rửa Mặt Dịu Nhẹ",3,COD (Tiền mặt)
TRX_00297,"Ấm Siêu Tốc 2 Lớp, Kem Chống Nắng Kiềm Dầu, Bình Giữ Nhiệt Inox",3,COD (Tiền mặt)
TRX_00298,"Nồi Chiên Không Dầu, Ấm Siêu Tốc 2 Lớp, Serum B5 Phục Hồi, Bình Giữ Nhiệt Inox",4,SPayLater (Mua trước trả sau)
TRX_00299,"Quần Jean Baggy, Giày Sneaker Thể Thao, Áo Thun Unisex Cotton, Nồi Chiên Không Dầu",4,SPayLater (Mua trước trả sau)
TRX_00300,"Serum B5 Phục Hồi, Sữa Rửa Mặt Dịu Nhẹ, Nước Tẩy Trang Micellar",3,ShopeePay
TRX_00301,"Giày Sneaker Thể Thao, Kính Cường Lực Full Màn",2,SPayLater (Mua trước trả sau)
TRX_00302,"Nồi Chiên Không Dầu, Bình Sữa Chống Sặc",2,SPayLater (Mua trước trả sau)
TRX_00303,"Ấm Siêu Tốc 2 Lớp, Váy Nữ Dáng Xòe, Bình Giữ Nhiệt Inox",3,SPayLater (Mua trước trả sau)
TRX_00304,"Tã Bỉm Dán Siêu Thấm, Khăn Ướt Kháng Khuẩn, Bình Sữa Chống Sặc",3,ShopeePay
TRX_00305,"Chuột Không Dây Silent, Kính Cường Lực Full Màn, Lót Chuột Gaming Khổ Lớn, Bàn Phím Cơ LED RGB",4,SPayLater (Mua trước trả sau)
TRX_00306,"Kem Chống Nắng Kiềm Dầu, Sữa Rửa Mặt Dịu Nhẹ, Nước Tẩy Trang Micellar",3,ShopeePay
TRX_00307,"Củ Sạc Nhanh 65W, Cáp Sạc Nhanh Type-C",2,COD (Tiền mặt)
TRX_00308,"Tã Bỉm Dán Siêu Thấm, Khăn Ướt Kháng Khuẩn",2,SPayLater (Mua trước trả sau)
TRX_00309,"Nồi Chiên Không Dầu, Ấm Siêu Tốc 2 Lớp, Bình Giữ Nhiệt Inox",3,Thẻ Tín Dụng/Ghi Nợ
TRX_00310,"Thảm Tập Yoga, Kem Chống Nắng Kiềm Dầu, Nước Tẩy Trang Micellar",3,Thẻ Tín Dụng/Ghi Nợ
TRX_00311,"Nồi Chiên Không Dầu, Ấm Siêu Tốc 2 Lớp, Bình Giữ Nhiệt Inox",3,Thẻ Tín Dụng/Ghi Nợ
TRX_00312,"Quần Jean Baggy, Giày Sneaker Thể Thao, Áo Thun Unisex Cotton",3,Thẻ Tín Dụng/Ghi Nợ
TRX_00313,"Đèn Bàn Học LED, Giá Đỡ Laptop Nhôm, Áo Thun Unisex Cotton",3,Thẻ Tín Dụng/Ghi Nợ
TRX_00314,"Giày Sneaker Thể Thao, Bình Nước 2L, Serum B5 Phục Hồi, Giá Đỡ Laptop Nhôm",4,ShopeePay
TRX_00315,"Giày Sneaker Thể Thao, Serum B5 Phục Hồi, Áo Thun Unisex Cotton",3,ShopeePay
TRX_00316,"Khăn Ướt Kháng Khuẩn, Kính Cường Lực Full Màn, Bình Sữa Chống Sặc",3,Thẻ Tín Dụng/Ghi Nợ
TRX_00317,"Kính Cường Lực Full Màn, Cáp Sạc Nhanh Type-C",2,Thẻ Tín Dụng/Ghi Nợ
TRX_00318,"Váy Nữ Dáng Xòe, Serum B5 Phục Hồi, Kem Chống Nắng Kiềm Dầu",3,SPayLater (Mua trước trả sau)
TRX_00319,"Tã Bỉm Dán Siêu Thấm, Khăn Ướt Kháng Khuẩn, Bình Sữa Chống Sặc",3,ShopeePay
TRX_00320,"Khăn Ướt Kháng Khuẩn, Bình Sữa Chống Sặc",2,Thẻ Tín Dụng/Ghi Nợ
TRX_00321,"Quần Jean Baggy, Giày Sneaker Thể Thao, Áo Thun Unisex Cotton",3,SPayLater (Mua trước trả sau)
TRX_00322,"Nồi Chiên Không Dầu, Ấm Siêu Tốc 2 Lớp, Bình Giữ Nhiệt Inox",3,SPayLater (Mua trước trả sau)
TRX_00323,"Tã Bỉm Dán Siêu Thấm, Bình Sữa Chống Sặc",2,Thẻ Tín Dụng/Ghi Nợ
TRX_00324,"Tã Bỉm Dán Siêu Thấm, Bàn Phím Cơ LED RGB, Bình Giữ Nhiệt Inox",3,Thẻ Tín Dụng/Ghi Nợ
TRX_00325,"Nồi Chiên Không Dầu, Ấm Siêu Tốc 2 Lớp",2,ShopeePay
TRX_00326,"Serum B5 Phục Hồi, Kem Chống Nắng Kiềm Dầu, Sữa Rửa Mặt Dịu Nhẹ, Nước Tẩy Trang Micellar",4,SPayLater (Mua trước trả sau)
TRX_00327,"Tã Bỉm Dán Siêu Thấm, Khăn Ướt Kháng Khuẩn, Bình Sữa Chống Sặc",3,Thẻ Tín Dụng/Ghi Nợ
TRX_00328,"Kính Cường Lực Full Màn, Áo Thun Unisex Cotton, Chuột Không Dây Silent",3,Thẻ Tín Dụng/Ghi Nợ
TRX_00329,"Quần Jean Baggy, Serum B5 Phục Hồi, Cáp Sạc Nhanh Type-C, Bình Sữa Chống Sặc",4,Thẻ Tín Dụng/Ghi Nợ
TRX_00330,"Khăn Ướt Kháng Khuẩn, Bình Sữa Chống Sặc",2,COD (Tiền mặt)
TRX_00331,"Quần Jean Baggy, Áo Thun Unisex Cotton",2,Thẻ Tín Dụng/Ghi Nợ
TRX_00332,"Kem Chống Nắng Kiềm Dầu, Serum B5 Phục Hồi, Sữa Rửa Mặt Dịu Nhẹ, Nước Tẩy Trang Micellar",4,SPayLater (Mua trước trả sau)
TRX_00333,"Quần Jean Baggy, Ấm Siêu Tốc 2 Lớp, Áo Thun Unisex Cotton",3,SPayLater (Mua trước trả sau)
TRX_00334,"Quần Jean Baggy, Giá Đỡ Laptop Nhôm, Chuột Không Dây Silent",3,SPayLater (Mua trước trả sau)
TRX_00335,"Quần Jean Baggy, Giày Sneaker Thể Thao, Serum B5 Phục Hồi, Áo Thun Unisex Cotton",4,Thẻ Tín Dụng/Ghi Nợ
TRX_00336,"Khăn Ướt Kháng Khuẩn, Sữa Rửa Mặt Dịu Nhẹ, Bàn Phím Cơ LED RGB",3,COD (Tiền mặt)
TRX_00337,"Củ Sạc Nhanh 65W, Cáp Sạc Nhanh Type-C",2,Thẻ Tín Dụng/Ghi Nợ
TRX_00338,"Đèn Bàn Học LED, Serum B5 Phục Hồi",2,SPayLater (Mua trước trả sau)
TRX_00339,"Máy Xay Sinh Tố Mini, Cáp Sạc Nhanh Type-C, Chuột Không Dây Silent",3,Thẻ Tín Dụng/Ghi Nợ
TRX_00340,"Nồi Chiên Không Dầu, Bình Giữ Nhiệt Inox",2,Thẻ Tín Dụng/Ghi Nợ
TRX_00341,"Tã Bỉm Dán Siêu Thấm, Áo Thun Unisex Cotton, Ấm Siêu Tốc 2 Lớp, Sữa Rửa Mặt Dịu Nhẹ",4,COD (Tiền mặt)
TRX_00342,"Củ Sạc Nhanh 65W, Ốp Lưng Chống Sốc",2,Thẻ Tín Dụng/Ghi Nợ
TRX_00343,"Tã Bỉm Dán Siêu Thấm, Giày Sneaker Thể Thao, Máy Xay Sinh Tố Mini, Bình Giữ Nhiệt Inox",4,COD (Tiền mặt)
TRX_00344,"Củ Sạc Nhanh 65W, Thảm Tập Yoga, Cáp Sạc Nhanh Type-C, Ốp Lưng Chống Sốc",4,Thẻ Tín Dụng/Ghi Nợ
TRX_00345,"Tã Bỉm Dán Siêu Thấm, Khăn Ướt Kháng Khuẩn, Bình Sữa Chống Sặc",3,COD (Tiền mặt)
TRX_00346,"Đèn Bàn Học LED, Giá Đỡ Laptop Nhôm, Bàn Phím Cơ LED RGB",3,Thẻ Tín Dụng/Ghi Nợ
TRX_00347,"Khăn Ướt Kháng Khuẩn, Giá Đỡ Laptop Nhôm, Tã Bỉm Dán Siêu Thấm",3,SPayLater (Mua trước trả sau)
TRX_00348,"Quần Jean Baggy, Giày Sneaker Thể Thao",2,SPayLater (Mua trước trả sau)
TRX_00349,"Tã Bỉm Dán Siêu Thấm, Bình Nước 2L, Bình Sữa Chống Sặc",3,Thẻ Tín Dụng/Ghi Nợ
TRX_00350,"Tã Bỉm Dán Siêu Thấm, Khăn Ướt Kháng Khuẩn, Bình Sữa Chống Sặc",3,Thẻ Tín Dụng/Ghi Nợ
TRX_00351,"Khăn Ướt Kháng Khuẩn, Kem Chống Nắng Kiềm Dầu, Bình Sữa Chống Sặc",3,Thẻ Tín Dụng/Ghi Nợ
TRX_00352,"Serum B5 Phục Hồi, Kem Chống Nắng Kiềm Dầu",2,SPayLater (Mua trước trả sau)
TRX_00353,"Quần Jean Baggy, Giày Sneaker Thể Thao, Áo Thun Unisex Cotton",3,COD (Tiền mặt)
TRX_00354,"Kính Cường Lực Full Màn, Cáp Sạc Nhanh Type-C",2,COD (Tiền mặt)
TRX_00355,"Củ Sạc Nhanh 65W, Nồi Chiên Không Dầu, Ấm Siêu Tốc 2 Lớp, Chuột Không Dây Silent",4,SPayLater (Mua trước trả sau)
TRX_00356,"Khăn Ướt Kháng Khuẩn, Đèn Bàn Học LED, Thảm Tập Yoga, Lót Chuột Gaming Khổ Lớn",4,SPayLater (Mua trước trả sau)
TRX_00357,"Tã Bỉm Dán Siêu Thấm, Khăn Ướt Kháng Khuẩn, Bình Sữa Chống Sặc",3,SPayLater (Mua trước trả sau)
TRX_00358,"Giá Đỡ Laptop Nhôm, Bàn Phím Cơ LED RGB",2,COD (Tiền mặt)
TRX_00359,"Củ Sạc Nhanh 65W, Ốp Lưng Chống Sốc",2,SPayLater (Mua trước trả sau)
TRX_00360,"Củ Sạc Nhanh 65W, Kính Cường Lực Full Màn",2,COD (Tiền mặt)
TRX_00361,"Củ Sạc Nhanh 65W, Kính Cường Lực Full Màn, Cáp Sạc Nhanh Type-C, Bình Sữa Chống Sặc",4,COD (Tiền mặt)
TRX_00362,"Giá Đỡ Laptop Nhôm, Lót Chuột Gaming Khổ Lớn, Chuột Không Dây Silent, Nước Tẩy Trang Micellar",4,ShopeePay
TRX_00363,"Củ Sạc Nhanh 65W, Kính Cường Lực Full Màn",2,Thẻ Tín Dụng/Ghi Nợ
TRX_00364,"Ấm Siêu Tốc 2 Lớp, Bình Giữ Nhiệt Inox",2,ShopeePay
TRX_00365,"Giày Sneaker Thể Thao, Cáp Sạc Nhanh Type-C, Bình Sữa Chống Sặc",3,SPayLater (Mua trước trả sau)
TRX_00366,"Củ Sạc Nhanh 65W, Kính Cường Lực Full Màn, Cáp Sạc Nhanh Type-C, Ốp Lưng Chống Sốc",4,ShopeePay
TRX_00367,"Quần Jean Baggy, Kem Chống Nắng Kiềm Dầu, Áo Thun Unisex Cotton",3,ShopeePay
TRX_00368,"Giá Đỡ Laptop Nhôm, Serum B5 Phục Hồi, Bàn Phím Cơ LED RGB, Chuột Không Dây Silent",4,ShopeePay
TRX_00369,"Áo Thun Unisex Cotton, Váy Nữ Dáng Xòe, Kem Chống Nắng Kiềm Dầu, Bàn Phím Cơ LED RGB",4,ShopeePay
TRX_00370,"Kem Chống Nắng Kiềm Dầu, Serum B5 Phục Hồi, Sữa Rửa Mặt Dịu Nhẹ, Nước Tẩy Trang Micellar",4,SPayLater (Mua trước trả sau)
TRX_00371,"Serum B5 Phục Hồi, Sữa Rửa Mặt Dịu Nhẹ, Nước Tẩy Trang Micellar",3,ShopeePay
TRX_00372,"Tã Bỉm Dán Siêu Thấm, Khăn Ướt Kháng Khuẩn, Bình Sữa Chống Sặc",3,ShopeePay
TRX_00373,"Giày Sneaker Thể Thao, Thảm Tập Yoga",2,SPayLater (Mua trước trả sau)
TRX_00374,"Kem Chống Nắng Kiềm Dầu, Serum B5 Phục Hồi, Sữa Rửa Mặt Dịu Nhẹ, Nước Tẩy Trang Micellar",4,COD (Tiền mặt)
TRX_00375,"Giày Sneaker Thể Thao, Áo Thun Unisex Cotton",2,COD (Tiền mặt)
TRX_00376,"Kem Chống Nắng Kiềm Dầu, Nước Tẩy Trang Micellar",2,Thẻ Tín Dụng/Ghi Nợ
TRX_00377,"Củ Sạc Nhanh 65W, Kính Cường Lực Full Màn, Cáp Sạc Nhanh Type-C",3,Thẻ Tín Dụng/Ghi Nợ
TRX_00378,"Serum B5 Phục Hồi, Kem Chống Nắng Kiềm Dầu, Sữa Rửa Mặt Dịu Nhẹ",3,ShopeePay
TRX_00379,"Bình Giữ Nhiệt Inox, Nước Tẩy Trang Micellar",2,COD (Tiền mặt)
TRX_00380,"Lót Chuột Gaming Khổ Lớn, Bàn Phím Cơ LED RGB, Chuột Không Dây Silent",3,COD (Tiền mặt)
TRX_00381,"Kính Cường Lực Full Màn, Váy Nữ Dáng Xòe, Lót Chuột Gaming Khổ Lớn, Bình Sữa Chống Sặc",4,ShopeePay
TRX_00382,"Nồi Chiên Không Dầu, Ấm Siêu Tốc 2 Lớp, Bình Giữ Nhiệt Inox",3,Thẻ Tín Dụng/Ghi Nợ
TRX_00383,"Khăn Ướt Kháng Khuẩn, Bình Sữa Chống Sặc",2,Thẻ Tín Dụng/Ghi Nợ
TRX_00384,"Giá Đỡ Laptop Nhôm, Thảm Tập Yoga, Lót Chuột Gaming Khổ Lớn, Chuột Không Dây Silent",4,COD (Tiền mặt)
TRX_00385,"Cáp Sạc Nhanh Type-C, Nồi Chiên Không Dầu, Giày Sneaker Thể Thao, Áo Thun Unisex Cotton",4,Thẻ Tín Dụng/Ghi Nợ
TRX_00386,"Kem Chống Nắng Kiềm Dầu, Serum B5 Phục Hồi, Sữa Rửa Mặt Dịu Nhẹ, Nước Tẩy Trang Micellar",4,ShopeePay
TRX_00387,"Giá Đỡ Laptop Nhôm, Lót Chuột Gaming Khổ Lớn, Bàn Phím Cơ LED RGB, Chuột Không Dây Silent",4,COD (Tiền mặt)
TRX_00388,"Cáp Sạc Nhanh Type-C, Giá Đỡ Laptop Nhôm, Serum B5 Phục Hồi, Bàn Phím Cơ LED RGB",4,ShopeePay
TRX_00389,"Serum B5 Phục Hồi, Nước Tẩy Trang Micellar",2,ShopeePay
TRX_00390,"Giá Đỡ Laptop Nhôm, Chuột Không Dây Silent",2,SPayLater (Mua trước trả sau)
TRX_00391,"Serum B5 Phục Hồi, Kem Chống Nắng Kiềm Dầu, Sữa Rửa Mặt Dịu Nhẹ, Nước Tẩy Trang Micellar",4,COD (Tiền mặt)
TRX_00392,"Kem Chống Nắng Kiềm Dầu, Sữa Rửa Mặt Dịu Nhẹ, Nước Tẩy Trang Micellar",3,ShopeePay
TRX_00393,"Nồi Chiên Không Dầu, Ấm Siêu Tốc 2 Lớp, Bình Giữ Nhiệt Inox",3,Thẻ Tín Dụng/Ghi Nợ
TRX_00394,"Kính Cường Lực Full Màn, Cáp Sạc Nhanh Type-C",2,ShopeePay
TRX_00395,"Giá Đỡ Laptop Nhôm, Sữa Rửa Mặt Dịu Nhẹ, Bình Giữ Nhiệt Inox",3,Thẻ Tín Dụng/Ghi Nợ
TRX_00396,"Nồi Chiên Không Dầu, Bình Giữ Nhiệt Inox",2,COD (Tiền mặt)
TRX_00397,"Quần Jean Baggy, Áo Thun Unisex Cotton",2,SPayLater (Mua trước trả sau)
TRX_00398,"Váy Nữ Dáng Xòe, Bình Giữ Nhiệt Inox",2,SPayLater (Mua trước trả sau)
TRX_00399,"Giá Đỡ Laptop Nhôm, Serum B5 Phục Hồi, Sữa Rửa Mặt Dịu Nhẹ, Nước Tẩy Trang Micellar",4,Thẻ Tín Dụng/Ghi Nợ
TRX_00400,"Quần Jean Baggy, Váy Nữ Dáng Xòe, Bàn Phím Cơ LED RGB",3,COD (Tiền mặt)
TRX_00401,"Ấm Siêu Tốc 2 Lớp, Bình Giữ Nhiệt Inox",2,COD (Tiền mặt)
TRX_00402,"Quần Jean Baggy, Giày Sneaker Thể Thao, Áo Thun Unisex Cotton",3,COD (Tiền mặt)
TRX_00403,"Giá Đỡ Laptop Nhôm, Lót Chuột Gaming Khổ Lớn, Bàn Phím Cơ LED RGB, Chuột Không Dây Silent",4,Thẻ Tín Dụng/Ghi Nợ
TRX_00404,"Tã Bỉm Dán Siêu Thấm, Thảm Tập Yoga, Kính Cường Lực Full Màn, Chuột Không Dây Silent",4,COD (Tiền mặt)
TRX_00405,"Quần Jean Baggy, Giày Sneaker Thể Thao, Áo Thun Unisex Cotton, Bình Sữa Chống Sặc",4,COD (Tiền mặt)
TRX_00406,"Nồi Chiên Không Dầu, Ấm Siêu Tốc 2 Lớp",2,SPayLater (Mua trước trả sau)
TRX_00407,"Cáp Sạc Nhanh Type-C, Serum B5 Phục Hồi, Kem Chống Nắng Kiềm Dầu, Sữa Rửa Mặt Dịu Nhẹ",4,COD (Tiền mặt)
TRX_00408,"Serum B5 Phục Hồi, Kem Chống Nắng Kiềm Dầu",2,Thẻ Tín Dụng/Ghi Nợ
TRX_00409,"Giá Đỡ Laptop Nhôm, Lót Chuột Gaming Khổ Lớn",2,Thẻ Tín Dụng/Ghi Nợ
TRX_00410,"Củ Sạc Nhanh 65W, Ốp Lưng Chống Sốc",2,ShopeePay
TRX_00411,"Củ Sạc Nhanh 65W, Kính Cường Lực Full Màn, Cáp Sạc Nhanh Type-C, Ốp Lưng Chống Sốc",4,ShopeePay
TRX_00412,"Củ Sạc Nhanh 65W, Kính Cường Lực Full Màn",2,COD (Tiền mặt)
TRX_00413,"Quần Jean Baggy, Kem Chống Nắng Kiềm Dầu, Bình Sữa Chống Sặc, Ốp Lưng Chống Sốc",4,ShopeePay
TRX_00414,"Serum B5 Phục Hồi, Sữa Rửa Mặt Dịu Nhẹ, Nước Tẩy Trang Micellar",3,SPayLater (Mua trước trả sau)
TRX_00415,"Kính Cường Lực Full Màn, Bình Giữ Nhiệt Inox, Nước Tẩy Trang Micellar",3,Thẻ Tín Dụng/Ghi Nợ
TRX_00416,"Nồi Chiên Không Dầu, Bình Giữ Nhiệt Inox, Nước Tẩy Trang Micellar",3,Thẻ Tín Dụng/Ghi Nợ
TRX_00417,"Serum B5 Phục Hồi, Kem Chống Nắng Kiềm Dầu, Sữa Rửa Mặt Dịu Nhẹ",3,ShopeePay
TRX_00418,"Khăn Ướt Kháng Khuẩn, Bình Giữ Nhiệt Inox, Bình Sữa Chống Sặc",3,COD (Tiền mặt)
TRX_00419,"Kem Chống Nắng Kiềm Dầu, Sữa Rửa Mặt Dịu Nhẹ, Ốp Lưng Chống Sốc",3,SPayLater (Mua trước trả sau)
TRX_00420,"Nồi Chiên Không Dầu, Ấm Siêu Tốc 2 Lớp, Bình Giữ Nhiệt Inox",3,SPayLater (Mua trước trả sau)
TRX_00421,"Nồi Chiên Không Dầu, Bình Giữ Nhiệt Inox",2,SPayLater (Mua trước trả sau)
TRX_00422,"Củ Sạc Nhanh 65W, Bình Nước 2L, Váy Nữ Dáng Xòe, Bình Giữ Nhiệt Inox",4,SPayLater (Mua trước trả sau)
TRX_00423,"Serum B5 Phục Hồi, Sữa Rửa Mặt Dịu Nhẹ, Nước Tẩy Trang Micellar",3,SPayLater (Mua trước trả sau)
TRX_00424,"Váy Nữ Dáng Xòe, Bàn Phím Cơ LED RGB, Chuột Không Dây Silent, Lót Chuột Gaming Khổ Lớn, Giá Đỡ Laptop Nhôm",5,ShopeePay
TRX_00425,"Kem Chống Nắng Kiềm Dầu, Sữa Rửa Mặt Dịu Nhẹ, Nước Tẩy Trang Micellar",3,COD (Tiền mặt)
TRX_00426,"Quần Jean Baggy, Giày Sneaker Thể Thao, Thảm Tập Yoga, Áo Thun Unisex Cotton",4,Thẻ Tín Dụng/Ghi Nợ
TRX_00427,"Tã Bỉm Dán Siêu Thấm, Khăn Ướt Kháng Khuẩn",2,SPayLater (Mua trước trả sau)
TRX_00428,"Serum B5 Phục Hồi, Cáp Sạc Nhanh Type-C, Chuột Không Dây Silent",3,Thẻ Tín Dụng/Ghi Nợ
TRX_00429,"Kem Chống Nắng Kiềm Dầu, Serum B5 Phục Hồi, Sữa Rửa Mặt Dịu Nhẹ",3,COD (Tiền mặt)
TRX_00430,"Quần Jean Baggy, Áo Thun Unisex Cotton",2,SPayLater (Mua trước trả sau)
TRX_00431,"Nồi Chiên Không Dầu, Ấm Siêu Tốc 2 Lớp",2,COD (Tiền mặt)
TRX_00432,"Giá Đỡ Laptop Nhôm, Bàn Phím Cơ LED RGB, Bình Giữ Nhiệt Inox, Chuột Không Dây Silent",4,COD (Tiền mặt)
TRX_00433,"Tã Bỉm Dán Siêu Thấm, Bình Sữa Chống Sặc",2,ShopeePay
TRX_00434,"Quần Jean Baggy, Giày Sneaker Thể Thao, Lót Chuột Gaming Khổ Lớn",3,Thẻ Tín Dụng/Ghi Nợ
TRX_00435,"Nồi Chiên Không Dầu, Ấm Siêu Tốc 2 Lớp, Bình Giữ Nhiệt Inox",3,Thẻ Tín Dụng/Ghi Nợ
TRX_00436,"Serum B5 Phục Hồi, Kem Chống Nắng Kiềm Dầu, Nước Tẩy Trang Micellar",3,COD (Tiền mặt)
TRX_00437,"Nồi Chiên Không Dầu, Ấm Siêu Tốc 2 Lớp, Sữa Rửa Mặt Dịu Nhẹ, Bình Giữ Nhiệt Inox",4,Thẻ Tín Dụng/Ghi Nợ
TRX_00438,"Tã Bỉm Dán Siêu Thấm, Cáp Sạc Nhanh Type-C, Bàn Phím Cơ LED RGB, Ốp Lưng Chống Sốc",4,SPayLater (Mua trước trả sau)
TRX_00439,"Đèn Bàn Học LED, Thảm Tập Yoga, Serum B5 Phục Hồi, Nước Tẩy Trang Micellar",4,COD (Tiền mặt)
TRX_00440,"Nồi Chiên Không Dầu, Ấm Siêu Tốc 2 Lớp, Bình Giữ Nhiệt Inox, Đèn Bàn Học LED",4,COD (Tiền mặt)
TRX_00441,"Váy Nữ Dáng Xòe, Kính Cường Lực Full Màn, Cáp Sạc Nhanh Type-C, Ốp Lưng Chống Sốc",4,ShopeePay
TRX_00442,"Củ Sạc Nhanh 65W, Cáp Sạc Nhanh Type-C, Ốp Lưng Chống Sốc",3,COD (Tiền mặt)
TRX_00443,"Nồi Chiên Không Dầu, Bình Nước 2L",2,ShopeePay
TRX_00444,"Củ Sạc Nhanh 65W, Ấm Siêu Tốc 2 Lớp, Váy Nữ Dáng Xòe, Áo Thun Unisex Cotton",4,COD (Tiền mặt)
TRX_00445,"Ốp Lưng Chống Sốc, Cáp Sạc Nhanh Type-C, Củ Sạc Nhanh 65W, Kính Cường Lực Full Màn, Lót Chuột Gaming Khổ Lớn",5,SPayLater (Mua trước trả sau)
TRX_00446,"Tã Bỉm Dán Siêu Thấm, Nồi Chiên Không Dầu, Bình Sữa Chống Sặc",3,Thẻ Tín Dụng/Ghi Nợ
TRX_00447,"Kem Chống Nắng Kiềm Dầu, Lót Chuột Gaming Khổ Lớn, Sữa Rửa Mặt Dịu Nhẹ",3,Thẻ Tín Dụng/Ghi Nợ
TRX_00448,"Quần Jean Baggy, Áo Thun Unisex Cotton",2,ShopeePay
TRX_00449,"Đèn Bàn Học LED, Bàn Phím Cơ LED RGB, Chuột Không Dây Silent, Lót Chuột Gaming Khổ Lớn, Giá Đỡ Laptop Nhôm",5,COD (Tiền mặt)
TRX_00450,"Quần Jean Baggy, Giày Sneaker Thể Thao, Áo Thun Unisex Cotton",3,ShopeePay
TRX_00451,"Giá Đỡ Laptop Nhôm, Bàn Phím Cơ LED RGB, Chuột Không Dây Silent",3,Thẻ Tín Dụng/Ghi Nợ
TRX_00452,"Kính Cường Lực Full Màn, Bình Sữa Chống Sặc",2,ShopeePay
TRX_00453,"Quần Jean Baggy, Giày Sneaker Thể Thao, Áo Thun Unisex Cotton",3,SPayLater (Mua trước trả sau)
TRX_00454,"Tã Bỉm Dán Siêu Thấm, Khăn Ướt Kháng Khuẩn, Lót Chuột Gaming Khổ Lớn, Bình Sữa Chống Sặc",4,Thẻ Tín Dụng/Ghi Nợ
TRX_00455,"Bàn Phím Cơ LED RGB, Chuột Không Dây Silent, Củ Sạc Nhanh 65W, Lót Chuột Gaming Khổ Lớn, Giá Đỡ Laptop Nhôm",5,ShopeePay
TRX_00456,"Quần Jean Baggy, Giày Sneaker Thể Thao, Áo Thun Unisex Cotton, Nước Tẩy Trang Micellar",4,COD (Tiền mặt)
TRX_00457,"Giày Sneaker Thể Thao, Nồi Chiên Không Dầu, Ấm Siêu Tốc 2 Lớp, Bình Giữ Nhiệt Inox",4,COD (Tiền mặt)
TRX_00458,"Lót Chuột Gaming Khổ Lớn, Cáp Sạc Nhanh Type-C",2,ShopeePay
TRX_00459,"Thảm Tập Yoga, Bàn Phím Cơ LED RGB, Chuột Không Dây Silent",3,Thẻ Tín Dụng/Ghi Nợ
TRX_00460,"Củ Sạc Nhanh 65W, Ấm Siêu Tốc 2 Lớp, Máy Xay Sinh Tố Mini, Tã Bỉm Dán Siêu Thấm",4,ShopeePay
TRX_00461,"Quần Jean Baggy, Áo Thun Unisex Cotton",2,ShopeePay
TRX_00462,"Chuột Không Dây Silent, Bình Sữa Chống Sặc",2,COD (Tiền mặt)
TRX_00463,"Serum B5 Phục Hồi, Sữa Rửa Mặt Dịu Nhẹ",2,COD (Tiền mặt)
TRX_00464,"Nồi Chiên Không Dầu, Máy Xay Sinh Tố Mini, Kem Chống Nắng Kiềm Dầu",3,ShopeePay
TRX_00465,"Tã Bỉm Dán Siêu Thấm, Khăn Ướt Kháng Khuẩn",2,ShopeePay
TRX_00466,"Khăn Ướt Kháng Khuẩn, Bình Sữa Chống Sặc",2,COD (Tiền mặt)
TRX_00467,"Giày Sneaker Thể Thao, Bình Giữ Nhiệt Inox",2,COD (Tiền mặt)
TRX_00468,"Củ Sạc Nhanh 65W, Kính Cường Lực Full Màn, Ốp Lưng Chống Sốc",3,SPayLater (Mua trước trả sau)
TRX_00469,"Tã Bỉm Dán Siêu Thấm, Khăn Ướt Kháng Khuẩn, Áo Thun Unisex Cotton, Bình Sữa Chống Sặc",4,COD (Tiền mặt)
TRX_00470,"Tã Bỉm Dán Siêu Thấm, Khăn Ướt Kháng Khuẩn, Bình Sữa Chống Sặc",3,Thẻ Tín Dụng/Ghi Nợ
TRX_00471,"Thảm Tập Yoga, Lót Chuột Gaming Khổ Lớn, Bàn Phím Cơ LED RGB",3,SPayLater (Mua trước trả sau)
TRX_00472,"Khăn Ướt Kháng Khuẩn, Đèn Bàn Học LED, Kem Chống Nắng Kiềm Dầu, Lót Chuột Gaming Khổ Lớn",4,ShopeePay
TRX_00473,"Củ Sạc Nhanh 65W, Đèn Bàn Học LED, Bàn Phím Cơ LED RGB, Bình Sữa Chống Sặc",4,ShopeePay
TRX_00474,"Serum B5 Phục Hồi, Kem Chống Nắng Kiềm Dầu, Sữa Rửa Mặt Dịu Nhẹ, Nước Tẩy Trang Micellar",4,COD (Tiền mặt)
TRX_00475,"Tã Bỉm Dán Siêu Thấm, Khăn Ướt Kháng Khuẩn",2,COD (Tiền mặt)
TRX_00476,"Giày Sneaker Thể Thao, Nước Tẩy Trang Micellar",2,SPayLater (Mua trước trả sau)
TRX_00477,"Sữa Rửa Mặt Dịu Nhẹ, Nước Tẩy Trang Micellar",2,Thẻ Tín Dụng/Ghi Nợ
TRX_00478,"Tã Bỉm Dán Siêu Thấm, Khăn Ướt Kháng Khuẩn, Áo Thun Unisex Cotton, Bình Sữa Chống Sặc",4,COD (Tiền mặt)
TRX_00479,"Serum B5 Phục Hồi, Sữa Rửa Mặt Dịu Nhẹ",2,SPayLater (Mua trước trả sau)
TRX_00480,"Giá Đỡ Laptop Nhôm, Kính Cường Lực Full Màn, Cáp Sạc Nhanh Type-C",3,COD (Tiền mặt)
TRX_00481,"Nồi Chiên Không Dầu, Ấm Siêu Tốc 2 Lớp, Bàn Phím Cơ LED RGB",3,Thẻ Tín Dụng/Ghi Nợ
TRX_00482,"Giá Đỡ Laptop Nhôm, Bàn Phím Cơ LED RGB, Chuột Không Dây Silent",3,Thẻ Tín Dụng/Ghi Nợ
TRX_00483,"Bàn Phím Cơ LED RGB, Chuột Không Dây Silent",2,Thẻ Tín Dụng/Ghi Nợ
TRX_00484,"Củ Sạc Nhanh 65W, Kính Cường Lực Full Màn, Cáp Sạc Nhanh Type-C, Bình Sữa Chống Sặc",4,COD (Tiền mặt)
TRX_00485,"Kem Chống Nắng Kiềm Dầu, Giá Đỡ Laptop Nhôm, Lót Chuột Gaming Khổ Lớn, Chuột Không Dây Silent",4,ShopeePay
TRX_00486,"Nồi Chiên Không Dầu, Ấm Siêu Tốc 2 Lớp, Bình Giữ Nhiệt Inox",3,Thẻ Tín Dụng/Ghi Nợ
TRX_00487,"Tã Bỉm Dán Siêu Thấm, Khăn Ướt Kháng Khuẩn",2,ShopeePay
TRX_00488,"Quần Jean Baggy, Bình Nước 2L, Kem Chống Nắng Kiềm Dầu",3,ShopeePay
TRX_00489,"Kem Chống Nắng Kiềm Dầu, Nước Tẩy Trang Micellar",2,SPayLater (Mua trước trả sau)
TRX_00490,"Kính Cường Lực Full Màn, Cáp Sạc Nhanh Type-C, Bình Giữ Nhiệt Inox, Ốp Lưng Chống Sốc",4,Thẻ Tín Dụng/Ghi Nợ
TRX_00491,"Quần Jean Baggy, Giày Sneaker Thể Thao, Áo Thun Unisex Cotton",3,COD (Tiền mặt)
TRX_00492,"Kem Chống Nắng Kiềm Dầu, Serum B5 Phục Hồi, Sữa Rửa Mặt Dịu Nhẹ, Nước Tẩy Trang Micellar",4,ShopeePay
TRX_00493,"Củ Sạc Nhanh 65W, Quần Jean Baggy, Bình Giữ Nhiệt Inox, Tã Bỉm Dán Siêu Thấm",4,COD (Tiền mặt)
TRX_00494,"Khăn Ướt Kháng Khuẩn, Quần Jean Baggy, Kem Chống Nắng Kiềm Dầu, Áo Thun Unisex Cotton",4,ShopeePay
TRX_00495,"Tã Bỉm Dán Siêu Thấm, Khăn Ướt Kháng Khuẩn, Bình Sữa Chống Sặc",3,SPayLater (Mua trước trả sau)
TRX_00496,"Giày Sneaker Thể Thao, Áo Thun Unisex Cotton",2,COD (Tiền mặt)
TRX_00497,"Củ Sạc Nhanh 65W, Nồi Chiên Không Dầu, Bình Giữ Nhiệt Inox",3,COD (Tiền mặt)
TRX_00498,"Ấm Siêu Tốc 2 Lớp, Bình Giữ Nhiệt Inox",2,COD (Tiền mặt)
TRX_00499,"Nồi Chiên Không Dầu, Ấm Siêu Tốc 2 Lớp, Bình Giữ Nhiệt Inox",3,COD (Tiền mặt)
TRX_00500,"Quần Jean Baggy, Giày Sneaker Thể Thao, Áo Thun Unisex Cotton",3,ShopeePay
TRX_00501,"Serum B5 Phục Hồi, Kem Chống Nắng Kiềm Dầu, Sữa Rửa Mặt Dịu Nhẹ, Nước Tẩy Trang Micellar",4,Thẻ Tín Dụng/Ghi Nợ
TRX_00502,"Váy Nữ Dáng Xòe, Serum B5 Phục Hồi, Sữa Rửa Mặt Dịu Nhẹ",3,ShopeePay
TRX_00503,"Củ Sạc Nhanh 65W, Kính Cường Lực Full Màn, Ốp Lưng Chống Sốc",3,SPayLater (Mua trước trả sau)
TRX_00504,"Củ Sạc Nhanh 65W, Bình Sữa Chống Sặc",2,SPayLater (Mua trước trả sau)
TRX_00505,"Bàn Phím Cơ LED RGB, Bình Sữa Chống Sặc, Ốp Lưng Chống Sốc",3,ShopeePay
TRX_00506,"Kem Chống Nắng Kiềm Dầu, Bình Sữa Chống Sặc",2,ShopeePay
TRX_00507,"Giá Đỡ Laptop Nhôm, Lót Chuột Gaming Khổ Lớn, Bàn Phím Cơ LED RGB, Chuột Không Dây Silent",4,ShopeePay
TRX_00508,"Tã Bỉm Dán Siêu Thấm, Giá Đỡ Laptop Nhôm",2,SPayLater (Mua trước trả sau)
TRX_00509,"Nồi Chiên Không Dầu, Bình Giữ Nhiệt Inox",2,SPayLater (Mua trước trả sau)
TRX_00510,"Tã Bỉm Dán Siêu Thấm, Khăn Ướt Kháng Khuẩn, Bình Sữa Chống Sặc",3,COD (Tiền mặt)
TRX_00511,"Đèn Bàn Học LED, Thảm Tập Yoga, Giá Đỡ Laptop Nhôm, Bình Sữa Chống Sặc",4,Thẻ Tín Dụng/Ghi Nợ
TRX_00512,"Bình Nước 2L, Bình Sữa Chống Sặc",2,Thẻ Tín Dụng/Ghi Nợ
TRX_00513,"Tã Bỉm Dán Siêu Thấm, Khăn Ướt Kháng Khuẩn, Bình Sữa Chống Sặc",3,ShopeePay
TRX_00514,"Kem Chống Nắng Kiềm Dầu, Máy Xay Sinh Tố Mini, Cáp Sạc Nhanh Type-C, Chuột Không Dây Silent",4,COD (Tiền mặt)
TRX_00515,"Quần Jean Baggy, Giày Sneaker Thể Thao, Áo Thun Unisex Cotton",3,SPayLater (Mua trước trả sau)
TRX_00516,"Giá Đỡ Laptop Nhôm, Lót Chuột Gaming Khổ Lớn",2,SPayLater (Mua trước trả sau)
TRX_00517,"Củ Sạc Nhanh 65W, Kính Cường Lực Full Màn, Cáp Sạc Nhanh Type-C, Ốp Lưng Chống Sốc",4,ShopeePay
TRX_00518,"Quần Jean Baggy, Áo Thun Unisex Cotton",2,ShopeePay
TRX_00519,"Tã Bỉm Dán Siêu Thấm, Khăn Ướt Kháng Khuẩn, Bình Sữa Chống Sặc",3,COD (Tiền mặt)
TRX_00520,"Kính Cường Lực Full Màn, Kem Chống Nắng Kiềm Dầu, Serum B5 Phục Hồi, Sữa Rửa Mặt Dịu Nhẹ",4,COD (Tiền mặt)
TRX_00521,"Củ Sạc Nhanh 65W, Thảm Tập Yoga, Máy Xay Sinh Tố Mini",3,ShopeePay
TRX_00522,"Nồi Chiên Không Dầu, Ấm Siêu Tốc 2 Lớp, Sữa Rửa Mặt Dịu Nhẹ",3,COD (Tiền mặt)
TRX_00523,"Quần Jean Baggy, Giày Sneaker Thể Thao, Áo Thun Unisex Cotton",3,Thẻ Tín Dụng/Ghi Nợ
TRX_00524,"Kính Cường Lực Full Màn, Váy Nữ Dáng Xòe, Giá Đỡ Laptop Nhôm, Máy Xay Sinh Tố Mini",4,ShopeePay
TRX_00525,"Kem Chống Nắng Kiềm Dầu, Serum B5 Phục Hồi, Sữa Rửa Mặt Dịu Nhẹ, Nước Tẩy Trang Micellar",4,Thẻ Tín Dụng/Ghi Nợ
TRX_00526,"Tã Bỉm Dán Siêu Thấm, Quần Jean Baggy, Giày Sneaker Thể Thao, Áo Thun Unisex Cotton",4,Thẻ Tín Dụng/Ghi Nợ
TRX_00527,"Nồi Chiên Không Dầu, Bình Giữ Nhiệt Inox",2,ShopeePay
TRX_00528,"Nồi Chiên Không Dầu, Ấm Siêu Tốc 2 Lớp",2,Thẻ Tín Dụng/Ghi Nợ
TRX_00529,"Giày Sneaker Thể Thao, Nồi Chiên Không Dầu, Ấm Siêu Tốc 2 Lớp",3,ShopeePay
TRX_00530,"Ấm Siêu Tốc 2 Lớp, Thảm Tập Yoga, Bình Giữ Nhiệt Inox",3,COD (Tiền mặt)
TRX_00531,"Củ Sạc Nhanh 65W, Giá Đỡ Laptop Nhôm, Kem Chống Nắng Kiềm Dầu",3,ShopeePay
TRX_00532,"Serum B5 Phục Hồi, Kem Chống Nắng Kiềm Dầu, Sữa Rửa Mặt Dịu Nhẹ",3,ShopeePay
TRX_00533,"Củ Sạc Nhanh 65W, Bình Nước 2L, Cáp Sạc Nhanh Type-C, Ốp Lưng Chống Sốc",4,Thẻ Tín Dụng/Ghi Nợ
TRX_00534,"Ốp Lưng Chống Sốc, Cáp Sạc Nhanh Type-C, Bàn Phím Cơ LED RGB, Củ Sạc Nhanh 65W, Kính Cường Lực Full Màn",5,Thẻ Tín Dụng/Ghi Nợ
TRX_00535,"Khăn Ướt Kháng Khuẩn, Kem Chống Nắng Kiềm Dầu, Bình Sữa Chống Sặc",3,SPayLater (Mua trước trả sau)
TRX_00536,"Tã Bỉm Dán Siêu Thấm, Khăn Ướt Kháng Khuẩn, Bình Sữa Chống Sặc",3,ShopeePay
TRX_00537,"Ấm Siêu Tốc 2 Lớp, Máy Xay Sinh Tố Mini, Bình Giữ Nhiệt Inox",3,ShopeePay
TRX_00538,"Tã Bỉm Dán Siêu Thấm, Khăn Ướt Kháng Khuẩn, Bình Sữa Chống Sặc",3,SPayLater (Mua trước trả sau)
TRX_00539,"Quần Jean Baggy, Áo Thun Unisex Cotton",2,SPayLater (Mua trước trả sau)
TRX_00540,"Tã Bỉm Dán Siêu Thấm, Khăn Ướt Kháng Khuẩn",2,ShopeePay
TRX_00541,"Tã Bỉm Dán Siêu Thấm, Bình Sữa Chống Sặc",2,ShopeePay
TRX_00542,"Củ Sạc Nhanh 65W, Ấm Siêu Tốc 2 Lớp",2,SPayLater (Mua trước trả sau)
TRX_00543,"Áo Thun Unisex Cotton, Lót Chuột Gaming Khổ Lớn, Bàn Phím Cơ LED RGB",3,SPayLater (Mua trước trả sau)
TRX_00544,"Tã Bỉm Dán Siêu Thấm, Bình Sữa Chống Sặc",2,COD (Tiền mặt)
TRX_00545,"Tã Bỉm Dán Siêu Thấm, Serum B5 Phục Hồi, Sữa Rửa Mặt Dịu Nhẹ",3,Thẻ Tín Dụng/Ghi Nợ
TRX_00546,"Quần Jean Baggy, Giày Sneaker Thể Thao, Áo Thun Unisex Cotton",3,SPayLater (Mua trước trả sau)
TRX_00547,"Tã Bỉm Dán Siêu Thấm, Giá Đỡ Laptop Nhôm, Chuột Không Dây Silent",3,ShopeePay
TRX_00548,"Đèn Bàn Học LED, Váy Nữ Dáng Xòe",2,Thẻ Tín Dụng/Ghi Nợ
TRX_00549,"Ấm Siêu Tốc 2 Lớp, Bình Giữ Nhiệt Inox",2,Thẻ Tín Dụng/Ghi Nợ
TRX_00550,"Nồi Chiên Không Dầu, Ấm Siêu Tốc 2 Lớp, Bình Giữ Nhiệt Inox",3,SPayLater (Mua trước trả sau)
TRX_00551,"Nồi Chiên Không Dầu, Ấm Siêu Tốc 2 Lớp, Bình Giữ Nhiệt Inox",3,SPayLater (Mua trước trả sau)
TRX_00552,"Kem Chống Nắng Kiềm Dầu, Serum B5 Phục Hồi, Sữa Rửa Mặt Dịu Nhẹ",3,Thẻ Tín Dụng/Ghi Nợ
TRX_00553,"Quần Jean Baggy, Giày Sneaker Thể Thao",2,SPayLater (Mua trước trả sau)
TRX_00554,"Giá Đỡ Laptop Nhôm, Lót Chuột Gaming Khổ Lớn, Bàn Phím Cơ LED RGB, Chuột Không Dây Silent",4,ShopeePay
TRX_00555,"Ấm Siêu Tốc 2 Lớp, Sữa Rửa Mặt Dịu Nhẹ, Chuột Không Dây Silent",3,COD (Tiền mặt)
TRX_00556,"Tã Bỉm Dán Siêu Thấm, Khăn Ướt Kháng Khuẩn, Bình Sữa Chống Sặc",3,COD (Tiền mặt)
TRX_00557,"Kem Chống Nắng Kiềm Dầu, Sữa Rửa Mặt Dịu Nhẹ, Nước Tẩy Trang Micellar",3,SPayLater (Mua trước trả sau)
TRX_00558,"Serum B5 Phục Hồi, Kem Chống Nắng Kiềm Dầu, Sữa Rửa Mặt Dịu Nhẹ, Nước Tẩy Trang Micellar",4,ShopeePay
TRX_00559,"Bình Nước 2L, Áo Thun Unisex Cotton",2,SPayLater (Mua trước trả sau)
TRX_00560,"Bàn Phím Cơ LED RGB, Chuột Không Dây Silent, Ấm Siêu Tốc 2 Lớp, Lót Chuột Gaming Khổ Lớn, Giá Đỡ Laptop Nhôm",5,COD (Tiền mặt)
TRX_00561,"Khăn Ướt Kháng Khuẩn, Giá Đỡ Laptop Nhôm, Bình Sữa Chống Sặc",3,COD (Tiền mặt)
TRX_00562,"Tã Bỉm Dán Siêu Thấm, Khăn Ướt Kháng Khuẩn, Bình Sữa Chống Sặc",3,ShopeePay
TRX_00563,"Tã Bỉm Dán Siêu Thấm, Khăn Ướt Kháng Khuẩn, Bình Sữa Chống Sặc",3,Thẻ Tín Dụng/Ghi Nợ
TRX_00564,"Tã Bỉm Dán Siêu Thấm, Khăn Ướt Kháng Khuẩn, Máy Xay Sinh Tố Mini",3,SPayLater (Mua trước trả sau)
TRX_00565,"Tã Bỉm Dán Siêu Thấm, Khăn Ướt Kháng Khuẩn",2,COD (Tiền mặt)
TRX_00566,"Giá Đỡ Laptop Nhôm, Lót Chuột Gaming Khổ Lớn, Bàn Phím Cơ LED RGB, Chuột Không Dây Silent",4,SPayLater (Mua trước trả sau)
TRX_00567,"Tã Bỉm Dán Siêu Thấm, Nồi Chiên Không Dầu, Ấm Siêu Tốc 2 Lớp, Bình Giữ Nhiệt Inox",4,COD (Tiền mặt)
TRX_00568,"Quần Jean Baggy, Áo Thun Unisex Cotton",2,ShopeePay
TRX_00569,"Nồi Chiên Không Dầu, Áo Thun Unisex Cotton, Bình Giữ Nhiệt Inox",3,ShopeePay
TRX_00570,"Nồi Chiên Không Dầu, Giá Đỡ Laptop Nhôm, Bàn Phím Cơ LED RGB",3,ShopeePay
TRX_00571,"Quần Jean Baggy, Ấm Siêu Tốc 2 Lớp, Ốp Lưng Chống Sốc",3,COD (Tiền mặt)
TRX_00572,"Củ Sạc Nhanh 65W, Giày Sneaker Thể Thao, Lót Chuột Gaming Khổ Lớn, Khăn Ướt Kháng Khuẩn",4,ShopeePay
TRX_00573,"Tã Bỉm Dán Siêu Thấm, Đèn Bàn Học LED, Khăn Ướt Kháng Khuẩn",3,Thẻ Tín Dụng/Ghi Nợ
TRX_00574,"Giày Sneaker Thể Thao, Serum B5 Phục Hồi, Sữa Rửa Mặt Dịu Nhẹ, Nước Tẩy Trang Micellar",4,SPayLater (Mua trước trả sau)
TRX_00575,"Củ Sạc Nhanh 65W, Ốp Lưng Chống Sốc",2,ShopeePay
TRX_00576,"Chuột Không Dây Silent, Giá Đỡ Laptop Nhôm, Lót Chuột Gaming Khổ Lớn, Bàn Phím Cơ LED RGB",4,SPayLater (Mua trước trả sau)
TRX_00577,"Giá Đỡ Laptop Nhôm, Lót Chuột Gaming Khổ Lớn, Bàn Phím Cơ LED RGB, Chuột Không Dây Silent",4,COD (Tiền mặt)
TRX_00578,"Quần Jean Baggy, Áo Thun Unisex Cotton, Nước Tẩy Trang Micellar",3,Thẻ Tín Dụng/Ghi Nợ
TRX_00579,"Quần Jean Baggy, Giày Sneaker Thể Thao",2,SPayLater (Mua trước trả sau)
TRX_00580,"Giày Sneaker Thể Thao, Áo Thun Unisex Cotton",2,COD (Tiền mặt)
TRX_00581,"Củ Sạc Nhanh 65W, Kính Cường Lực Full Màn, Cáp Sạc Nhanh Type-C, Ốp Lưng Chống Sốc",4,SPayLater (Mua trước trả sau)
TRX_00582,"Giày Sneaker Thể Thao, Áo Thun Unisex Cotton",2,ShopeePay
TRX_00583,"Tã Bỉm Dán Siêu Thấm, Khăn Ướt Kháng Khuẩn, Bình Sữa Chống Sặc",3,ShopeePay
TRX_00584,"Tã Bỉm Dán Siêu Thấm, Khăn Ướt Kháng Khuẩn, Bình Sữa Chống Sặc",3,COD (Tiền mặt)
TRX_00585,"Kính Cường Lực Full Màn, Cáp Sạc Nhanh Type-C, Ốp Lưng Chống Sốc",3,SPayLater (Mua trước trả sau)
TRX_00586,"Củ Sạc Nhanh 65W, Giày Sneaker Thể Thao",2,Thẻ Tín Dụng/Ghi Nợ
TRX_00587,"Tã Bỉm Dán Siêu Thấm, Bình Sữa Chống Sặc",2,COD (Tiền mặt)
TRX_00588,"Tã Bỉm Dán Siêu Thấm, Máy Xay Sinh Tố Mini",2,ShopeePay
TRX_00589,"Quần Jean Baggy, Giày Sneaker Thể Thao",2,ShopeePay
TRX_00590,"Kem Chống Nắng Kiềm Dầu, Serum B5 Phục Hồi, Sữa Rửa Mặt Dịu Nhẹ, Nước Tẩy Trang Micellar",4,Thẻ Tín Dụng/Ghi Nợ
TRX_00591,"Nồi Chiên Không Dầu, Ấm Siêu Tốc 2 Lớp, Bình Giữ Nhiệt Inox, Chuột Không Dây Silent",4,ShopeePay
TRX_00592,"Tã Bỉm Dán Siêu Thấm, Khăn Ướt Kháng Khuẩn, Bình Sữa Chống Sặc",3,ShopeePay
TRX_00593,"Máy Xay Sinh Tố Mini, Cáp Sạc Nhanh Type-C, Bình Giữ Nhiệt Inox",3,Thẻ Tín Dụng/Ghi Nợ
TRX_00594,"Khăn Ướt Kháng Khuẩn, Kem Chống Nắng Kiềm Dầu, Sữa Rửa Mặt Dịu Nhẹ, Nước Tẩy Trang Micellar, Serum B5 Phục Hồi",5,Thẻ Tín Dụng/Ghi Nợ
TRX_00595,"Tã Bỉm Dán Siêu Thấm, Khăn Ướt Kháng Khuẩn, Bình Sữa Chống Sặc",3,Thẻ Tín Dụng/Ghi Nợ
TRX_00596,"Tã Bỉm Dán Siêu Thấm, Thảm Tập Yoga, Bình Nước 2L",3,Thẻ Tín Dụng/Ghi Nợ
TRX_00597,"Kem Chống Nắng Kiềm Dầu, Lót Chuột Gaming Khổ Lớn, Chuột Không Dây Silent",3,SPayLater (Mua trước trả sau)
TRX_00598,"Tã Bỉm Dán Siêu Thấm, Bình Sữa Chống Sặc",2,ShopeePay
TRX_00599,"Giày Sneaker Thể Thao, Ấm Siêu Tốc 2 Lớp, Áo Thun Unisex Cotton",3,COD (Tiền mặt)
TRX_00600,"Giá Đỡ Laptop Nhôm, Lót Chuột Gaming Khổ Lớn, Bàn Phím Cơ LED RGB, Chuột Không Dây Silent",4,Thẻ Tín Dụng/Ghi Nợ
TRX_00601,"Giá Đỡ Laptop Nhôm, Lót Chuột Gaming Khổ Lớn, Bàn Phím Cơ LED RGB, Chuột Không Dây Silent",4,ShopeePay
TRX_00602,"Váy Nữ Dáng Xòe, Khăn Ướt Kháng Khuẩn, Serum B5 Phục Hồi",3,COD (Tiền mặt)
TRX_00603,"Nồi Chiên Không Dầu, Ấm Siêu Tốc 2 Lớp, Bình Giữ Nhiệt Inox",3,COD (Tiền mặt)
TRX_00604,"Nồi Chiên Không Dầu, Ấm Siêu Tốc 2 Lớp, Bình Giữ Nhiệt Inox",3,COD (Tiền mặt)
TRX_00605,"Nồi Chiên Không Dầu, Ấm Siêu Tốc 2 Lớp",2,COD (Tiền mặt)
TRX_00606,"Khăn Ướt Kháng Khuẩn, Bình Sữa Chống Sặc",2,Thẻ Tín Dụng/Ghi Nợ
TRX_00607,"Cáp Sạc Nhanh Type-C, Quần Jean Baggy, Giày Sneaker Thể Thao, Áo Thun Unisex Cotton",4,SPayLater (Mua trước trả sau)
TRX_00608,"Bàn Phím Cơ LED RGB, Chuột Không Dây Silent",2,SPayLater (Mua trước trả sau)
TRX_00609,"Khăn Ướt Kháng Khuẩn, Thảm Tập Yoga, Nước Tẩy Trang Micellar",3,SPayLater (Mua trước trả sau)
TRX_00610,"Serum B5 Phục Hồi, Kem Chống Nắng Kiềm Dầu, Sữa Rửa Mặt Dịu Nhẹ, Nước Tẩy Trang Micellar",4,ShopeePay
TRX_00611,"Kem Chống Nắng Kiềm Dầu, Bàn Phím Cơ LED RGB, Sữa Rửa Mặt Dịu Nhẹ",3,Thẻ Tín Dụng/Ghi Nợ
TRX_00612,"Giá Đỡ Laptop Nhôm, Lót Chuột Gaming Khổ Lớn, Bàn Phím Cơ LED RGB, Chuột Không Dây Silent",4,SPayLater (Mua trước trả sau)
TRX_00613,"Ấm Siêu Tốc 2 Lớp, Bàn Phím Cơ LED RGB",2,Thẻ Tín Dụng/Ghi Nợ
TRX_00614,"Giá Đỡ Laptop Nhôm, Chuột Không Dây Silent",2,COD (Tiền mặt)
TRX_00615,"Nồi Chiên Không Dầu, Ấm Siêu Tốc 2 Lớp, Cáp Sạc Nhanh Type-C, Bình Giữ Nhiệt Inox",4,Thẻ Tín Dụng/Ghi Nợ
TRX_00616,"Ấm Siêu Tốc 2 Lớp, Cáp Sạc Nhanh Type-C",2,COD (Tiền mặt)
TRX_00617,"Nồi Chiên Không Dầu, Ấm Siêu Tốc 2 Lớp, Cáp Sạc Nhanh Type-C",3,COD (Tiền mặt)
TRX_00618,"Nồi Chiên Không Dầu, Bình Nước 2L, Kính Cường Lực Full Màn",3,SPayLater (Mua trước trả sau)
TRX_00619,"Nồi Chiên Không Dầu, Ấm Siêu Tốc 2 Lớp, Bình Giữ Nhiệt Inox",3,COD (Tiền mặt)
TRX_00620,"Kem Chống Nắng Kiềm Dầu, Serum B5 Phục Hồi, Sữa Rửa Mặt Dịu Nhẹ, Nước Tẩy Trang Micellar",4,ShopeePay
TRX_00621,"Nồi Chiên Không Dầu, Ấm Siêu Tốc 2 Lớp, Bình Giữ Nhiệt Inox",3,Thẻ Tín Dụng/Ghi Nợ
TRX_00622,"Serum B5 Phục Hồi, Sữa Rửa Mặt Dịu Nhẹ",2,Thẻ Tín Dụng/Ghi Nợ
TRX_00623,"Khăn Ướt Kháng Khuẩn, Giá Đỡ Laptop Nhôm, Bình Sữa Chống Sặc",3,COD (Tiền mặt)
TRX_00624,"Quần Jean Baggy, Giày Sneaker Thể Thao, Áo Thun Unisex Cotton",3,Thẻ Tín Dụng/Ghi Nợ
TRX_00625,"Nồi Chiên Không Dầu, Bình Giữ Nhiệt Inox",2,Thẻ Tín Dụng/Ghi Nợ
TRX_00626,"Củ Sạc Nhanh 65W, Giày Sneaker Thể Thao, Lót Chuột Gaming Khổ Lớn",3,ShopeePay
TRX_00627,"Giày Sneaker Thể Thao, Áo Thun Unisex Cotton",2,Thẻ Tín Dụng/Ghi Nợ
TRX_00628,"Đèn Bàn Học LED, Thảm Tập Yoga, Nồi Chiên Không Dầu",3,COD (Tiền mặt)
TRX_00629,"Giá Đỡ Laptop Nhôm, Lót Chuột Gaming Khổ Lớn, Bình Nước 2L, Chuột Không Dây Silent",4,Thẻ Tín Dụng/Ghi Nợ
TRX_00630,"Củ Sạc Nhanh 65W, Giá Đỡ Laptop Nhôm, Áo Thun Unisex Cotton",3,SPayLater (Mua trước trả sau)
TRX_00631,"Củ Sạc Nhanh 65W, Kem Chống Nắng Kiềm Dầu, Bình Nước 2L, Lót Chuột Gaming Khổ Lớn",4,Thẻ Tín Dụng/Ghi Nợ
TRX_00632,"Máy Xay Sinh Tố Mini, Nước Tẩy Trang Micellar",2,ShopeePay
TRX_00633,"Quần Jean Baggy, Giày Sneaker Thể Thao, Áo Thun Unisex Cotton",3,SPayLater (Mua trước trả sau)
TRX_00634,"Củ Sạc Nhanh 65W, Bình Giữ Nhiệt Inox, Bình Sữa Chống Sặc, Ốp Lưng Chống Sốc",4,ShopeePay
TRX_00635,"Tã Bỉm Dán Siêu Thấm, Khăn Ướt Kháng Khuẩn, Lót Chuột Gaming Khổ Lớn, Bình Sữa Chống Sặc",4,COD (Tiền mặt)
TRX_00636,"Quần Jean Baggy, Giày Sneaker Thể Thao, Bàn Phím Cơ LED RGB",3,ShopeePay
TRX_00637,"Quần Jean Baggy, Giày Sneaker Thể Thao, Áo Thun Unisex Cotton",3,Thẻ Tín Dụng/Ghi Nợ
TRX_00638,"Váy Nữ Dáng Xòe, Cáp Sạc Nhanh Type-C",2,Thẻ Tín Dụng/Ghi Nợ
TRX_00639,"Tã Bỉm Dán Siêu Thấm, Khăn Ướt Kháng Khuẩn, Bình Sữa Chống Sặc",3,SPayLater (Mua trước trả sau)
TRX_00640,"Nồi Chiên Không Dầu, Bình Giữ Nhiệt Inox",2,ShopeePay
TRX_00641,"Củ Sạc Nhanh 65W, Máy Xay Sinh Tố Mini, Kem Chống Nắng Kiềm Dầu, Bàn Phím Cơ LED RGB",4,COD (Tiền mặt)
TRX_00642,"Ấm Siêu Tốc 2 Lớp, Serum B5 Phục Hồi, Thảm Tập Yoga",3,Thẻ Tín Dụng/Ghi Nợ
TRX_00643,"Lót Chuột Gaming Khổ Lớn, Bàn Phím Cơ LED RGB",2,Thẻ Tín Dụng/Ghi Nợ
TRX_00644,"Nồi Chiên Không Dầu, Ấm Siêu Tốc 2 Lớp, Bình Giữ Nhiệt Inox",3,SPayLater (Mua trước trả sau)
TRX_00645,"Giày Sneaker Thể Thao, Áo Thun Unisex Cotton",2,COD (Tiền mặt)
TRX_00646,"Nồi Chiên Không Dầu, Ấm Siêu Tốc 2 Lớp",2,Thẻ Tín Dụng/Ghi Nợ
TRX_00647,"Bàn Phím Cơ LED RGB, Chuột Không Dây Silent, Tã Bỉm Dán Siêu Thấm, Lót Chuột Gaming Khổ Lớn, Giá Đỡ Laptop Nhôm",5,Thẻ Tín Dụng/Ghi Nợ
TRX_00648,"Tã Bỉm Dán Siêu Thấm, Bình Sữa Chống Sặc",2,COD (Tiền mặt)
TRX_00649,"Áo Thun Unisex Cotton, Serum B5 Phục Hồi, Lót Chuột Gaming Khổ Lớn, Nước Tẩy Trang Micellar",4,SPayLater (Mua trước trả sau)
TRX_00650,"Bàn Phím Cơ LED RGB, Sữa Rửa Mặt Dịu Nhẹ, Ốp Lưng Chống Sốc",3,Thẻ Tín Dụng/Ghi Nợ
TRX_00651,"Serum B5 Phục Hồi, Sữa Rửa Mặt Dịu Nhẹ, Nước Tẩy Trang Micellar",3,SPayLater (Mua trước trả sau)
TRX_00652,"Serum B5 Phục Hồi, Kem Chống Nắng Kiềm Dầu",2,COD (Tiền mặt)
TRX_00653,"Tã Bỉm Dán Siêu Thấm, Bình Sữa Chống Sặc",2,Thẻ Tín Dụng/Ghi Nợ
TRX_00654,"Lót Chuột Gaming Khổ Lớn, Chuột Không Dây Silent",2,ShopeePay
TRX_00655,"Kem Chống Nắng Kiềm Dầu, Serum B5 Phục Hồi, Sữa Rửa Mặt Dịu Nhẹ",3,COD (Tiền mặt)
TRX_00656,"Tã Bỉm Dán Siêu Thấm, Bình Sữa Chống Sặc, Ốp Lưng Chống Sốc",3,ShopeePay
TRX_00657,"Khăn Ướt Kháng Khuẩn, Bình Sữa Chống Sặc",2,ShopeePay
TRX_00658,"Củ Sạc Nhanh 65W, Bình Nước 2L, Kính Cường Lực Full Màn",3,ShopeePay
TRX_00659,"Giá Đỡ Laptop Nhôm, Lót Chuột Gaming Khổ Lớn, Chuột Không Dây Silent",3,SPayLater (Mua trước trả sau)
TRX_00660,"Củ Sạc Nhanh 65W, Kính Cường Lực Full Màn, Cáp Sạc Nhanh Type-C, Ốp Lưng Chống Sốc",4,COD (Tiền mặt)
TRX_00661,"Tã Bỉm Dán Siêu Thấm, Khăn Ướt Kháng Khuẩn",2,ShopeePay
TRX_00662,"Quần Jean Baggy, Bình Sữa Chống Sặc",2,SPayLater (Mua trước trả sau)
TRX_00663,"Giá Đỡ Laptop Nhôm, Lót Chuột Gaming Khổ Lớn, Chuột Không Dây Silent",3,Thẻ Tín Dụng/Ghi Nợ
TRX_00664,"Giá Đỡ Laptop Nhôm, Lót Chuột Gaming Khổ Lớn",2,COD (Tiền mặt)
TRX_00665,"Củ Sạc Nhanh 65W, Kính Cường Lực Full Màn, Cáp Sạc Nhanh Type-C, Ốp Lưng Chống Sốc",4,COD (Tiền mặt)
TRX_00666,"Nồi Chiên Không Dầu, Thảm Tập Yoga",2,COD (Tiền mặt)
TRX_00667,"Giày Sneaker Thể Thao, Áo Thun Unisex Cotton",2,SPayLater (Mua trước trả sau)
TRX_00668,"Đèn Bàn Học LED, Giày Sneaker Thể Thao, Sữa Rửa Mặt Dịu Nhẹ, Chuột Không Dây Silent",4,Thẻ Tín Dụng/Ghi Nợ
TRX_00669,"Kem Chống Nắng Kiềm Dầu, Chuột Không Dây Silent, Bình Sữa Chống Sặc",3,SPayLater (Mua trước trả sau)
TRX_00670,"Quần Jean Baggy, Ấm Siêu Tốc 2 Lớp",2,ShopeePay
TRX_00671,"Nồi Chiên Không Dầu, Ấm Siêu Tốc 2 Lớp, Bình Giữ Nhiệt Inox",3,Thẻ Tín Dụng/Ghi Nợ
TRX_00672,"Quần Jean Baggy, Giày Sneaker Thể Thao, Áo Thun Unisex Cotton",3,SPayLater (Mua trước trả sau)
TRX_00673,"Tã Bỉm Dán Siêu Thấm, Khăn Ướt Kháng Khuẩn, Bình Sữa Chống Sặc",3,Thẻ Tín Dụng/Ghi Nợ
TRX_00674,"Tã Bỉm Dán Siêu Thấm, Cáp Sạc Nhanh Type-C, Bàn Phím Cơ LED RGB",3,Thẻ Tín Dụng/Ghi Nợ
TRX_00675,"Củ Sạc Nhanh 65W, Cáp Sạc Nhanh Type-C, Ốp Lưng Chống Sốc",3,ShopeePay
TRX_00676,"Củ Sạc Nhanh 65W, Ấm Siêu Tốc 2 Lớp, Thảm Tập Yoga",3,COD (Tiền mặt)
TRX_00677,"Khăn Ướt Kháng Khuẩn, Nồi Chiên Không Dầu, Ấm Siêu Tốc 2 Lớp",3,COD (Tiền mặt)
TRX_00678,"Ấm Siêu Tốc 2 Lớp, Bình Giữ Nhiệt Inox",2,COD (Tiền mặt)
TRX_00679,"Kem Chống Nắng Kiềm Dầu, Serum B5 Phục Hồi, Sữa Rửa Mặt Dịu Nhẹ",3,COD (Tiền mặt)
TRX_00680,"Giày Sneaker Thể Thao, Áo Thun Unisex Cotton",2,ShopeePay
TRX_00681,"Áo Thun Unisex Cotton, Bàn Phím Cơ LED RGB, Chuột Không Dây Silent, Lót Chuột Gaming Khổ Lớn, Giá Đỡ Laptop Nhôm",5,COD (Tiền mặt)
TRX_00682,"Quần Jean Baggy, Giày Sneaker Thể Thao, Áo Thun Unisex Cotton",3,ShopeePay
TRX_00683,"Giày Sneaker Thể Thao, Nồi Chiên Không Dầu, Ấm Siêu Tốc 2 Lớp, Bình Giữ Nhiệt Inox",4,COD (Tiền mặt)
TRX_00684,"Tã Bỉm Dán Siêu Thấm, Khăn Ướt Kháng Khuẩn, Bình Sữa Chống Sặc",3,SPayLater (Mua trước trả sau)
TRX_00685,"Ấm Siêu Tốc 2 Lớp, Bình Giữ Nhiệt Inox, Ốp Lưng Chống Sốc",3,COD (Tiền mặt)
TRX_00686,"Kem Chống Nắng Kiềm Dầu, Serum B5 Phục Hồi, Sữa Rửa Mặt Dịu Nhẹ, Nước Tẩy Trang Micellar",4,Thẻ Tín Dụng/Ghi Nợ
TRX_00687,"Giá Đỡ Laptop Nhôm, Lót Chuột Gaming Khổ Lớn, Chuột Không Dây Silent",3,ShopeePay
TRX_00688,"Tã Bỉm Dán Siêu Thấm, Nồi Chiên Không Dầu, Khăn Ướt Kháng Khuẩn, Váy Nữ Dáng Xòe",4,Thẻ Tín Dụng/Ghi Nợ
TRX_00689,"Quần Jean Baggy, Váy Nữ Dáng Xòe",2,Thẻ Tín Dụng/Ghi Nợ
TRX_00690,"Serum B5 Phục Hồi, Kem Chống Nắng Kiềm Dầu",2,Thẻ Tín Dụng/Ghi Nợ
TRX_00691,"Ấm Siêu Tốc 2 Lớp, Bình Giữ Nhiệt Inox",2,COD (Tiền mặt)
TRX_00692,"Váy Nữ Dáng Xòe, Nước Tẩy Trang Micellar",2,ShopeePay
TRX_00693,"Củ Sạc Nhanh 65W, Khăn Ướt Kháng Khuẩn, Serum B5 Phục Hồi, Chuột Không Dây Silent",4,SPayLater (Mua trước trả sau)
TRX_00694,"Kem Chống Nắng Kiềm Dầu, Serum B5 Phục Hồi, Sữa Rửa Mặt Dịu Nhẹ, Nước Tẩy Trang Micellar",4,SPayLater (Mua trước trả sau)
TRX_00695,"Giá Đỡ Laptop Nhôm, Máy Xay Sinh Tố Mini",2,SPayLater (Mua trước trả sau)
TRX_00696,"Giá Đỡ Laptop Nhôm, Chuột Không Dây Silent",2,COD (Tiền mặt)
TRX_00697,"Serum B5 Phục Hồi, Kem Chống Nắng Kiềm Dầu, Sữa Rửa Mặt Dịu Nhẹ, Nước Tẩy Trang Micellar",4,ShopeePay
TRX_00698,"Nồi Chiên Không Dầu, Ấm Siêu Tốc 2 Lớp, Bình Giữ Nhiệt Inox",3,COD (Tiền mặt)
TRX_00699,"Khăn Ướt Kháng Khuẩn, Bình Sữa Chống Sặc",2,SPayLater (Mua trước trả sau)
TRX_00700,"Ấm Siêu Tốc 2 Lớp, Bàn Phím Cơ LED RGB, Bình Giữ Nhiệt Inox",3,COD (Tiền mặt)
TRX_00701,"Serum B5 Phục Hồi, Sữa Rửa Mặt Dịu Nhẹ, Ốp Lưng Chống Sốc",3,COD (Tiền mặt)
TRX_00702,"Cáp Sạc Nhanh Type-C, Kính Cường Lực Full Màn, Áo Thun Unisex Cotton",3,SPayLater (Mua trước trả sau)
TRX_00703,"Củ Sạc Nhanh 65W, Kính Cường Lực Full Màn, Serum B5 Phục Hồi, Ốp Lưng Chống Sốc",4,Thẻ Tín Dụng/Ghi Nợ
TRX_00704,"Giá Đỡ Laptop Nhôm, Lót Chuột Gaming Khổ Lớn, Bàn Phím Cơ LED RGB, Chuột Không Dây Silent",4,Thẻ Tín Dụng/Ghi Nợ
TRX_00705,"Serum B5 Phục Hồi, Sữa Rửa Mặt Dịu Nhẹ, Nước Tẩy Trang Micellar",3,ShopeePay
TRX_00706,"Đèn Bàn Học LED, Nước Tẩy Trang Micellar, Ốp Lưng Chống Sốc",3,SPayLater (Mua trước trả sau)
TRX_00707,"Nồi Chiên Không Dầu, Ấm Siêu Tốc 2 Lớp",2,Thẻ Tín Dụng/Ghi Nợ
TRX_00708,"Máy Xay Sinh Tố Mini, Váy Nữ Dáng Xòe, Áo Thun Unisex Cotton, Chuột Không Dây Silent",4,ShopeePay
TRX_00709,"Giày Sneaker Thể Thao, Ấm Siêu Tốc 2 Lớp",2,COD (Tiền mặt)
TRX_00710,"Nồi Chiên Không Dầu, Ấm Siêu Tốc 2 Lớp, Bình Giữ Nhiệt Inox",3,ShopeePay
TRX_00711,"Tã Bỉm Dán Siêu Thấm, Khăn Ướt Kháng Khuẩn",2,COD (Tiền mặt)
TRX_00712,"Quần Jean Baggy, Áo Thun Unisex Cotton, Ốp Lưng Chống Sốc",3,COD (Tiền mặt)
TRX_00713,"Quần Jean Baggy, Áo Thun Unisex Cotton",2,ShopeePay
TRX_00714,"Khăn Ướt Kháng Khuẩn, Ấm Siêu Tốc 2 Lớp, Bình Giữ Nhiệt Inox",3,ShopeePay
TRX_00715,"Nồi Chiên Không Dầu, Kem Chống Nắng Kiềm Dầu, Bình Sữa Chống Sặc, Đèn Bàn Học LED",4,SPayLater (Mua trước trả sau)
TRX_00716,"Khăn Ướt Kháng Khuẩn, Bình Sữa Chống Sặc",2,SPayLater (Mua trước trả sau)
TRX_00717,"Nồi Chiên Không Dầu, Ấm Siêu Tốc 2 Lớp",2,SPayLater (Mua trước trả sau)
TRX_00718,"Nồi Chiên Không Dầu, Ấm Siêu Tốc 2 Lớp",2,ShopeePay
TRX_00719,"Serum B5 Phục Hồi, Kem Chống Nắng Kiềm Dầu, Sữa Rửa Mặt Dịu Nhẹ",3,ShopeePay
TRX_00720,"Thảm Tập Yoga, Kính Cường Lực Full Màn, Bàn Phím Cơ LED RGB, Bình Sữa Chống Sặc",4,SPayLater (Mua trước trả sau)
TRX_00721,"Kem Chống Nắng Kiềm Dầu, Sữa Rửa Mặt Dịu Nhẹ, Bàn Phím Cơ LED RGB, Nước Tẩy Trang Micellar, Serum B5 Phục Hồi",5,ShopeePay
TRX_00722,"Giá Đỡ Laptop Nhôm, Chuột Không Dây Silent",2,COD (Tiền mặt)
TRX_00723,"Quần Jean Baggy, Giày Sneaker Thể Thao, Áo Thun Unisex Cotton, Ốp Lưng Chống Sốc",4,ShopeePay
TRX_00724,"Quần Jean Baggy, Giày Sneaker Thể Thao, Áo Thun Unisex Cotton",3,ShopeePay
TRX_00725,"Tã Bỉm Dán Siêu Thấm, Khăn Ướt Kháng Khuẩn, Váy Nữ Dáng Xòe, Bình Sữa Chống Sặc",4,Thẻ Tín Dụng/Ghi Nợ
TRX_00726,"Nồi Chiên Không Dầu, Thảm Tập Yoga",2,COD (Tiền mặt)
TRX_00727,"Củ Sạc Nhanh 65W, Kính Cường Lực Full Màn, Cáp Sạc Nhanh Type-C, Ốp Lưng Chống Sốc",4,SPayLater (Mua trước trả sau)
TRX_00728,"Quần Jean Baggy, Ấm Siêu Tốc 2 Lớp",2,SPayLater (Mua trước trả sau)
TRX_00729,"Giá Đỡ Laptop Nhôm, Lót Chuột Gaming Khổ Lớn, Bàn Phím Cơ LED RGB, Chuột Không Dây Silent",4,Thẻ Tín Dụng/Ghi Nợ
TRX_00730,"Lót Chuột Gaming Khổ Lớn, Bàn Phím Cơ LED RGB",2,Thẻ Tín Dụng/Ghi Nợ
TRX_00731,"Kem Chống Nắng Kiềm Dầu, Sữa Rửa Mặt Dịu Nhẹ, Nước Tẩy Trang Micellar",3,COD (Tiền mặt)
TRX_00732,"Tã Bỉm Dán Siêu Thấm, Khăn Ướt Kháng Khuẩn, Bình Sữa Chống Sặc",3,Thẻ Tín Dụng/Ghi Nợ
TRX_00733,"Tã Bỉm Dán Siêu Thấm, Quần Jean Baggy, Bình Nước 2L",3,COD (Tiền mặt)
TRX_00734,"Serum B5 Phục Hồi, Kem Chống Nắng Kiềm Dầu, Nước Tẩy Trang Micellar",3,ShopeePay
TRX_00735,"Củ Sạc Nhanh 65W, Bình Nước 2L, Kính Cường Lực Full Màn, Cáp Sạc Nhanh Type-C",4,SPayLater (Mua trước trả sau)
TRX_00736,"Ấm Siêu Tốc 2 Lớp, Chuột Không Dây Silent, Ốp Lưng Chống Sốc",3,COD (Tiền mặt)
TRX_00737,"Nồi Chiên Không Dầu, Khăn Ướt Kháng Khuẩn",2,Thẻ Tín Dụng/Ghi Nợ
TRX_00738,"Nồi Chiên Không Dầu, Ấm Siêu Tốc 2 Lớp, Bình Giữ Nhiệt Inox",3,COD (Tiền mặt)
TRX_00739,"Khăn Ướt Kháng Khuẩn, Váy Nữ Dáng Xòe, Bình Sữa Chống Sặc",3,COD (Tiền mặt)
TRX_00740,"Chuột Không Dây Silent, Giá Đỡ Laptop Nhôm, Lót Chuột Gaming Khổ Lớn, Bàn Phím Cơ LED RGB",4,Thẻ Tín Dụng/Ghi Nợ
TRX_00741,"Quần Jean Baggy, Serum B5 Phục Hồi, Bình Giữ Nhiệt Inox",3,SPayLater (Mua trước trả sau)
TRX_00742,"Bình Nước 2L, Lót Chuột Gaming Khổ Lớn",2,SPayLater (Mua trước trả sau)
TRX_00743,"Kính Cường Lực Full Màn, Váy Nữ Dáng Xòe, Lót Chuột Gaming Khổ Lớn, Serum B5 Phục Hồi",4,ShopeePay
TRX_00744,"Kem Chống Nắng Kiềm Dầu, Serum B5 Phục Hồi, Sữa Rửa Mặt Dịu Nhẹ, Nước Tẩy Trang Micellar",4,SPayLater (Mua trước trả sau)
TRX_00745,"Serum B5 Phục Hồi, Kem Chống Nắng Kiềm Dầu, Nước Tẩy Trang Micellar",3,COD (Tiền mặt)
TRX_00746,"Tã Bỉm Dán Siêu Thấm, Bình Sữa Chống Sặc",2,SPayLater (Mua trước trả sau)
TRX_00747,"Nồi Chiên Không Dầu, Ấm Siêu Tốc 2 Lớp, Kính Cường Lực Full Màn",3,COD (Tiền mặt)
TRX_00748,"Giá Đỡ Laptop Nhôm, Bình Nước 2L",2,ShopeePay
TRX_00749,"Serum B5 Phục Hồi, Kem Chống Nắng Kiềm Dầu",2,SPayLater (Mua trước trả sau)
TRX_00750,"Tã Bỉm Dán Siêu Thấm, Khăn Ướt Kháng Khuẩn, Sữa Rửa Mặt Dịu Nhẹ, Bình Sữa Chống Sặc",4,COD (Tiền mặt)
TRX_00751,"Nồi Chiên Không Dầu, Váy Nữ Dáng Xòe, Lót Chuột Gaming Khổ Lớn, Chuột Không Dây Silent",4,COD (Tiền mặt)
TRX_00752,"Bàn Phím Cơ LED RGB, Bình Giữ Nhiệt Inox",2,ShopeePay
TRX_00753,"Quần Jean Baggy, Kem Chống Nắng Kiềm Dầu",2,COD (Tiền mặt)
TRX_00754,"Bàn Phím Cơ LED RGB, Chuột Không Dây Silent",2,ShopeePay
TRX_00755,"Nồi Chiên Không Dầu, Bình Giữ Nhiệt Inox",2,SPayLater (Mua trước trả sau)
TRX_00756,"Kem Chống Nắng Kiềm Dầu, Sữa Rửa Mặt Dịu Nhẹ, Ốp Lưng Chống Sốc, Nước Tẩy Trang Micellar, Serum B5 Phục Hồi",5,SPayLater (Mua trước trả sau)
TRX_00757,"Tã Bỉm Dán Siêu Thấm, Khăn Ướt Kháng Khuẩn, Bình Sữa Chống Sặc",3,COD (Tiền mặt)
TRX_00758,"Tã Bỉm Dán Siêu Thấm, Khăn Ướt Kháng Khuẩn, Bình Sữa Chống Sặc",3,ShopeePay
TRX_00759,"Tã Bỉm Dán Siêu Thấm, Nồi Chiên Không Dầu, Bình Sữa Chống Sặc, Nước Tẩy Trang Micellar",4,ShopeePay
TRX_00760,"Bàn Phím Cơ LED RGB, Chuột Không Dây Silent",2,Thẻ Tín Dụng/Ghi Nợ
TRX_00761,"Kem Chống Nắng Kiềm Dầu, Sữa Rửa Mặt Dịu Nhẹ, Bình Nước 2L, Chuột Không Dây Silent",4,Thẻ Tín Dụng/Ghi Nợ
TRX_00762,"Nồi Chiên Không Dầu, Ấm Siêu Tốc 2 Lớp, Bình Giữ Nhiệt Inox",3,Thẻ Tín Dụng/Ghi Nợ
TRX_00763,"Ấm Siêu Tốc 2 Lớp, Bình Giữ Nhiệt Inox, Ốp Lưng Chống Sốc",3,ShopeePay
TRX_00764,"Quần Jean Baggy, Ấm Siêu Tốc 2 Lớp, Serum B5 Phục Hồi",3,SPayLater (Mua trước trả sau)
TRX_00765,"Giá Đỡ Laptop Nhôm, Lót Chuột Gaming Khổ Lớn, Chuột Không Dây Silent",3,Thẻ Tín Dụng/Ghi Nợ
TRX_00766,"Khăn Ướt Kháng Khuẩn, Bình Sữa Chống Sặc",2,COD (Tiền mặt)
TRX_00767,"Kem Chống Nắng Kiềm Dầu, Bàn Phím Cơ LED RGB",2,Thẻ Tín Dụng/Ghi Nợ
TRX_00768,"Nồi Chiên Không Dầu, Ấm Siêu Tốc 2 Lớp, Bình Giữ Nhiệt Inox",3,SPayLater (Mua trước trả sau)
TRX_00769,"Ấm Siêu Tốc 2 Lớp, Bình Giữ Nhiệt Inox",2,SPayLater (Mua trước trả sau)
TRX_00770,"Tã Bỉm Dán Siêu Thấm, Chuột Không Dây Silent",2,SPayLater (Mua trước trả sau)
TRX_00771,"Kem Chống Nắng Kiềm Dầu, Serum B5 Phục Hồi, Sữa Rửa Mặt Dịu Nhẹ, Nước Tẩy Trang Micellar",4,ShopeePay
TRX_00772,"Ấm Siêu Tốc 2 Lớp, Thảm Tập Yoga, Bình Giữ Nhiệt Inox",3,SPayLater (Mua trước trả sau)
TRX_00773,"Máy Xay Sinh Tố Mini, Bàn Phím Cơ LED RGB, Chuột Không Dây Silent",3,COD (Tiền mặt)
TRX_00774,"Tã Bỉm Dán Siêu Thấm, Khăn Ướt Kháng Khuẩn, Củ Sạc Nhanh 65W",3,COD (Tiền mặt)
TRX_00775,"Chuột Không Dây Silent, Giá Đỡ Laptop Nhôm, Lót Chuột Gaming Khổ Lớn, Bàn Phím Cơ LED RGB",4,COD (Tiền mặt)
TRX_00776,"Nồi Chiên Không Dầu, Ấm Siêu Tốc 2 Lớp, Bình Giữ Nhiệt Inox",3,Thẻ Tín Dụng/Ghi Nợ
TRX_00777,"Ấm Siêu Tốc 2 Lớp, Kính Cường Lực Full Màn, Lót Chuột Gaming Khổ Lớn",3,Thẻ Tín Dụng/Ghi Nợ
TRX_00778,"Quần Jean Baggy, Giày Sneaker Thể Thao, Áo Thun Unisex Cotton",3,COD (Tiền mặt)
TRX_00779,"Kính Cường Lực Full Màn, Kem Chống Nắng Kiềm Dầu",2,ShopeePay
TRX_00780,"Giá Đỡ Laptop Nhôm, Lót Chuột Gaming Khổ Lớn, Bàn Phím Cơ LED RGB, Chuột Không Dây Silent",4,ShopeePay
TRX_00781,"Giá Đỡ Laptop Nhôm, Bàn Phím Cơ LED RGB, Chuột Không Dây Silent",3,Thẻ Tín Dụng/Ghi Nợ
TRX_00782,"Tã Bỉm Dán Siêu Thấm, Khăn Ướt Kháng Khuẩn",2,ShopeePay
TRX_00783,"Kem Chống Nắng Kiềm Dầu, Sữa Rửa Mặt Dịu Nhẹ",2,Thẻ Tín Dụng/Ghi Nợ
TRX_00784,"Quần Jean Baggy, Giày Sneaker Thể Thao",2,SPayLater (Mua trước trả sau)
TRX_00785,"Quần Jean Baggy, Giày Sneaker Thể Thao, Áo Thun Unisex Cotton",3,Thẻ Tín Dụng/Ghi Nợ
TRX_00786,"Giá Đỡ Laptop Nhôm, Lót Chuột Gaming Khổ Lớn",2,SPayLater (Mua trước trả sau)
TRX_00787,"Đèn Bàn Học LED, Kính Cường Lực Full Màn, Sữa Rửa Mặt Dịu Nhẹ, Bình Giữ Nhiệt Inox",4,ShopeePay
TRX_00788,"Lót Chuột Gaming Khổ Lớn, Chuột Không Dây Silent",2,SPayLater (Mua trước trả sau)
TRX_00789,"Giá Đỡ Laptop Nhôm, Lót Chuột Gaming Khổ Lớn, Bàn Phím Cơ LED RGB, Chuột Không Dây Silent",4,SPayLater (Mua trước trả sau)
TRX_00790,"Giá Đỡ Laptop Nhôm, Serum B5 Phục Hồi, Lót Chuột Gaming Khổ Lớn",3,Thẻ Tín Dụng/Ghi Nợ
TRX_00791,"Củ Sạc Nhanh 65W, Serum B5 Phục Hồi, Cáp Sạc Nhanh Type-C, Nước Tẩy Trang Micellar",4,Thẻ Tín Dụng/Ghi Nợ
TRX_00792,"Váy Nữ Dáng Xòe, Giày Sneaker Thể Thao, Máy Xay Sinh Tố Mini, Bình Giữ Nhiệt Inox",4,Thẻ Tín Dụng/Ghi Nợ
TRX_00793,"Giá Đỡ Laptop Nhôm, Lót Chuột Gaming Khổ Lớn, Chuột Không Dây Silent",3,SPayLater (Mua trước trả sau)
TRX_00794,"Giá Đỡ Laptop Nhôm, Kính Cường Lực Full Màn, Máy Xay Sinh Tố Mini",3,SPayLater (Mua trước trả sau)
TRX_00795,"Serum B5 Phục Hồi, Kem Chống Nắng Kiềm Dầu, Nước Tẩy Trang Micellar",3,SPayLater (Mua trước trả sau)
TRX_00796,"Kem Chống Nắng Kiềm Dầu, Sữa Rửa Mặt Dịu Nhẹ, Nước Tẩy Trang Micellar, Bình Nước 2L, Serum B5 Phục Hồi",5,COD (Tiền mặt)
TRX_00797,"Nồi Chiên Không Dầu, Ấm Siêu Tốc 2 Lớp, Bình Giữ Nhiệt Inox",3,SPayLater (Mua trước trả sau)
TRX_00798,"Cáp Sạc Nhanh Type-C, Đèn Bàn Học LED, Sữa Rửa Mặt Dịu Nhẹ",3,SPayLater (Mua trước trả sau)
TRX_00799,"Khăn Ướt Kháng Khuẩn, Lót Chuột Gaming Khổ Lớn, Bình Sữa Chống Sặc",3,COD (Tiền mặt)
TRX_00800,"Nồi Chiên Không Dầu, Giá Đỡ Laptop Nhôm",2,Thẻ Tín Dụng/Ghi Nợ
TRX_00801,"Nồi Chiên Không Dầu, Ấm Siêu Tốc 2 Lớp",2,COD (Tiền mặt)
TRX_00802,"Củ Sạc Nhanh 65W, Kính Cường Lực Full Màn, Cáp Sạc Nhanh Type-C",3,Thẻ Tín Dụng/Ghi Nợ
TRX_00803,"Nồi Chiên Không Dầu, Ấm Siêu Tốc 2 Lớp",2,SPayLater (Mua trước trả sau)
TRX_00804,"Lót Chuột Gaming Khổ Lớn, Bàn Phím Cơ LED RGB",2,ShopeePay
TRX_00805,"Kính Cường Lực Full Màn, Cáp Sạc Nhanh Type-C",2,ShopeePay
TRX_00806,"Quần Jean Baggy, Giày Sneaker Thể Thao",2,ShopeePay
TRX_00807,"Củ Sạc Nhanh 65W, Kính Cường Lực Full Màn, Cáp Sạc Nhanh Type-C, Ốp Lưng Chống Sốc",4,COD (Tiền mặt)
TRX_00808,"Nồi Chiên Không Dầu, Thảm Tập Yoga, Kem Chống Nắng Kiềm Dầu, Sữa Rửa Mặt Dịu Nhẹ",4,ShopeePay
TRX_00809,"Tã Bỉm Dán Siêu Thấm, Khăn Ướt Kháng Khuẩn, Bình Sữa Chống Sặc",3,COD (Tiền mặt)
TRX_00810,"Nồi Chiên Không Dầu, Bình Giữ Nhiệt Inox",2,SPayLater (Mua trước trả sau)
TRX_00811,"Nồi Chiên Không Dầu, Bình Giữ Nhiệt Inox",2,SPayLater (Mua trước trả sau)
TRX_00812,"Quần Jean Baggy, Lót Chuột Gaming Khổ Lớn, Ốp Lưng Chống Sốc, Nước Tẩy Trang Micellar",4,COD (Tiền mặt)
TRX_00813,"Giày Sneaker Thể Thao, Váy Nữ Dáng Xòe, Áo Thun Unisex Cotton",3,ShopeePay
TRX_00814,"Váy Nữ Dáng Xòe, Cáp Sạc Nhanh Type-C, Ốp Lưng Chống Sốc",3,SPayLater (Mua trước trả sau)
TRX_00815,"Giá Đỡ Laptop Nhôm, Ấm Siêu Tốc 2 Lớp, Lót Chuột Gaming Khổ Lớn, Chuột Không Dây Silent",4,SPayLater (Mua trước trả sau)
TRX_00816,"Củ Sạc Nhanh 65W, Kính Cường Lực Full Màn, Cáp Sạc Nhanh Type-C",3,COD (Tiền mặt)
TRX_00817,"Giày Sneaker Thể Thao, Áo Thun Unisex Cotton",2,COD (Tiền mặt)
TRX_00818,"Khăn Ướt Kháng Khuẩn, Serum B5 Phục Hồi, Kem Chống Nắng Kiềm Dầu, Nước Tẩy Trang Micellar",4,ShopeePay
TRX_00819,"Serum B5 Phục Hồi, Kem Chống Nắng Kiềm Dầu, Chuột Không Dây Silent, Ốp Lưng Chống Sốc",4,Thẻ Tín Dụng/Ghi Nợ
TRX_00820,"Chuột Không Dây Silent, Giá Đỡ Laptop Nhôm, Lót Chuột Gaming Khổ Lớn, Bàn Phím Cơ LED RGB",4,COD (Tiền mặt)
TRX_00821,"Kem Chống Nắng Kiềm Dầu, Serum B5 Phục Hồi, Sữa Rửa Mặt Dịu Nhẹ, Nước Tẩy Trang Micellar",4,ShopeePay
TRX_00822,"Nồi Chiên Không Dầu, Ấm Siêu Tốc 2 Lớp, Bình Giữ Nhiệt Inox",3,Thẻ Tín Dụng/Ghi Nợ
TRX_00823,"Củ Sạc Nhanh 65W, Kính Cường Lực Full Màn, Váy Nữ Dáng Xòe, Áo Thun Unisex Cotton",4,ShopeePay
TRX_00824,"Tã Bỉm Dán Siêu Thấm, Khăn Ướt Kháng Khuẩn, Giày Sneaker Thể Thao",3,Thẻ Tín Dụng/Ghi Nợ
TRX_00825,"Quần Jean Baggy, Áo Thun Unisex Cotton",2,SPayLater (Mua trước trả sau)
TRX_00826,"Nồi Chiên Không Dầu, Ấm Siêu Tốc 2 Lớp, Áo Thun Unisex Cotton, Bình Giữ Nhiệt Inox",4,ShopeePay
TRX_00827,"Củ Sạc Nhanh 65W, Kính Cường Lực Full Màn, Cáp Sạc Nhanh Type-C, Ốp Lưng Chống Sốc",4,ShopeePay
TRX_00828,"Tã Bỉm Dán Siêu Thấm, Khăn Ướt Kháng Khuẩn, Bình Sữa Chống Sặc, Ốp Lưng Chống Sốc",4,ShopeePay
TRX_00829,"Kem Chống Nắng Kiềm Dầu, Sữa Rửa Mặt Dịu Nhẹ, Cáp Sạc Nhanh Type-C, Nước Tẩy Trang Micellar, Serum B5 Phục Hồi",5,ShopeePay
TRX_00830,"Nồi Chiên Không Dầu, Ấm Siêu Tốc 2 Lớp, Bình Giữ Nhiệt Inox",3,Thẻ Tín Dụng/Ghi Nợ
TRX_00831,"Quần Jean Baggy, Áo Thun Unisex Cotton, Bình Giữ Nhiệt Inox, Nước Tẩy Trang Micellar",4,COD (Tiền mặt)
TRX_00832,"Tã Bỉm Dán Siêu Thấm, Khăn Ướt Kháng Khuẩn, Bình Sữa Chống Sặc",3,ShopeePay
TRX_00833,"Kem Chống Nắng Kiềm Dầu, Sữa Rửa Mặt Dịu Nhẹ, Nước Tẩy Trang Micellar",3,SPayLater (Mua trước trả sau)
TRX_00834,"Củ Sạc Nhanh 65W, Serum B5 Phục Hồi",2,SPayLater (Mua trước trả sau)
TRX_00835,"Nồi Chiên Không Dầu, Ấm Siêu Tốc 2 Lớp, Bình Giữ Nhiệt Inox",3,COD (Tiền mặt)
TRX_00836,"Kính Cường Lực Full Màn, Giá Đỡ Laptop Nhôm, Váy Nữ Dáng Xòe, Bình Sữa Chống Sặc",4,SPayLater (Mua trước trả sau)
TRX_00837,"Cáp Sạc Nhanh Type-C, Lót Chuột Gaming Khổ Lớn, Áo Thun Unisex Cotton, Serum B5 Phục Hồi",4,SPayLater (Mua trước trả sau)
TRX_00838,"Giá Đỡ Laptop Nhôm, Lót Chuột Gaming Khổ Lớn, Bàn Phím Cơ LED RGB, Chuột Không Dây Silent",4,SPayLater (Mua trước trả sau)
TRX_00839,"Giá Đỡ Laptop Nhôm, Kem Chống Nắng Kiềm Dầu",2,COD (Tiền mặt)
TRX_00840,"Kem Chống Nắng Kiềm Dầu, Serum B5 Phục Hồi, Sữa Rửa Mặt Dịu Nhẹ, Nước Tẩy Trang Micellar",4,SPayLater (Mua trước trả sau)
TRX_00841,"Giá Đỡ Laptop Nhôm, Áo Thun Unisex Cotton",2,ShopeePay
TRX_00842,"Quần Jean Baggy, Giày Sneaker Thể Thao, Máy Xay Sinh Tố Mini, Áo Thun Unisex Cotton",4,COD (Tiền mặt)
TRX_00843,"Củ Sạc Nhanh 65W, Kính Cường Lực Full Màn",2,Thẻ Tín Dụng/Ghi Nợ
TRX_00844,"Nồi Chiên Không Dầu, Bàn Phím Cơ LED RGB, Sữa Rửa Mặt Dịu Nhẹ",3,Thẻ Tín Dụng/Ghi Nợ
TRX_00845,"Bình Giữ Nhiệt Inox, Chuột Không Dây Silent",2,ShopeePay
TRX_00846,"Kính Cường Lực Full Màn, Máy Xay Sinh Tố Mini, Lót Chuột Gaming Khổ Lớn",3,Thẻ Tín Dụng/Ghi Nợ
TRX_00847,"Củ Sạc Nhanh 65W, Ốp Lưng Chống Sốc",2,ShopeePay
TRX_00848,"Củ Sạc Nhanh 65W, Thảm Tập Yoga, Kính Cường Lực Full Màn, Ốp Lưng Chống Sốc",4,ShopeePay
TRX_00849,"Củ Sạc Nhanh 65W, Kính Cường Lực Full Màn, Cáp Sạc Nhanh Type-C, Ốp Lưng Chống Sốc",4,ShopeePay
TRX_00850,"Lót Chuột Gaming Khổ Lớn, Bình Giữ Nhiệt Inox, Nước Tẩy Trang Micellar",3,SPayLater (Mua trước trả sau)
TRX_00851,"Nồi Chiên Không Dầu, Ấm Siêu Tốc 2 Lớp, Serum B5 Phục Hồi, Bình Giữ Nhiệt Inox",4,SPayLater (Mua trước trả sau)
TRX_00852,"Giá Đỡ Laptop Nhôm, Lót Chuột Gaming Khổ Lớn, Bàn Phím Cơ LED RGB",3,Thẻ Tín Dụng/Ghi Nợ
TRX_00853,"Quần Jean Baggy, Giày Sneaker Thể Thao",2,ShopeePay
TRX_00854,"Quần Jean Baggy, Giày Sneaker Thể Thao, Áo Thun Unisex Cotton",3,Thẻ Tín Dụng/Ghi Nợ
TRX_00855,"Quần Jean Baggy, Áo Thun Unisex Cotton",2,Thẻ Tín Dụng/Ghi Nợ
TRX_00856,"Ấm Siêu Tốc 2 Lớp, Lót Chuột Gaming Khổ Lớn, Bình Giữ Nhiệt Inox",3,COD (Tiền mặt)
TRX_00857,"Đèn Bàn Học LED, Giá Đỡ Laptop Nhôm, Váy Nữ Dáng Xòe, Chuột Không Dây Silent",4,SPayLater (Mua trước trả sau)
TRX_00858,"Tã Bỉm Dán Siêu Thấm, Chuột Không Dây Silent, Ốp Lưng Chống Sốc",3,COD (Tiền mặt)
TRX_00859,"Giá Đỡ Laptop Nhôm, Lót Chuột Gaming Khổ Lớn, Bàn Phím Cơ LED RGB, Chuột Không Dây Silent",4,COD (Tiền mặt)
TRX_00860,"Khăn Ướt Kháng Khuẩn, Giá Đỡ Laptop Nhôm, Kem Chống Nắng Kiềm Dầu",3,COD (Tiền mặt)
TRX_00861,"Sữa Rửa Mặt Dịu Nhẹ, Nước Tẩy Trang Micellar",2,SPayLater (Mua trước trả sau)
TRX_00862,"Tã Bỉm Dán Siêu Thấm, Khăn Ướt Kháng Khuẩn, Bình Sữa Chống Sặc",3,SPayLater (Mua trước trả sau)
TRX_00863,"Khăn Ướt Kháng Khuẩn, Bình Nước 2L, Nước Tẩy Trang Micellar",3,ShopeePay
TRX_00864,"Tã Bỉm Dán Siêu Thấm, Khăn Ướt Kháng Khuẩn, Bình Sữa Chống Sặc",3,Thẻ Tín Dụng/Ghi Nợ
TRX_00865,"Váy Nữ Dáng Xòe, Bàn Phím Cơ LED RGB",2,Thẻ Tín Dụng/Ghi Nợ
TRX_00866,"Quần Jean Baggy, Giày Sneaker Thể Thao",2,ShopeePay
TRX_00867,"Củ Sạc Nhanh 65W, Kính Cường Lực Full Màn, Ốp Lưng Chống Sốc",3,Thẻ Tín Dụng/Ghi Nợ
TRX_00868,"Bình Nước 2L, Kem Chống Nắng Kiềm Dầu, Ốp Lưng Chống Sốc",3,ShopeePay
TRX_00869,"Giá Đỡ Laptop Nhôm, Lót Chuột Gaming Khổ Lớn, Bàn Phím Cơ LED RGB, Chuột Không Dây Silent",4,ShopeePay
TRX_00870,"Nồi Chiên Không Dầu, Bình Giữ Nhiệt Inox",2,SPayLater (Mua trước trả sau)
TRX_00871,"Củ Sạc Nhanh 65W, Kính Cường Lực Full Màn, Serum B5 Phục Hồi, Máy Xay Sinh Tố Mini",4,COD (Tiền mặt)
TRX_00872,"Khăn Ướt Kháng Khuẩn, Giày Sneaker Thể Thao, Kem Chống Nắng Kiềm Dầu, Ốp Lưng Chống Sốc",4,SPayLater (Mua trước trả sau)
TRX_00873,"Khăn Ướt Kháng Khuẩn, Bàn Phím Cơ LED RGB, Chuột Không Dây Silent",3,ShopeePay
TRX_00874,"Tã Bỉm Dán Siêu Thấm, Nồi Chiên Không Dầu, Thảm Tập Yoga",3,SPayLater (Mua trước trả sau)
TRX_00875,"Giá Đỡ Laptop Nhôm, Bàn Phím Cơ LED RGB, Chuột Không Dây Silent",3,COD (Tiền mặt)
TRX_00876,"Tã Bỉm Dán Siêu Thấm, Lót Chuột Gaming Khổ Lớn",2,SPayLater (Mua trước trả sau)
TRX_00877,"Khăn Ướt Kháng Khuẩn, Bình Sữa Chống Sặc",2,COD (Tiền mặt)
TRX_00878,"Củ Sạc Nhanh 65W, Serum B5 Phục Hồi, Ốp Lưng Chống Sốc",3,Thẻ Tín Dụng/Ghi Nợ
TRX_00879,"Giày Sneaker Thể Thao, Áo Thun Unisex Cotton",2,COD (Tiền mặt)
TRX_00880,"Tã Bỉm Dán Siêu Thấm, Thảm Tập Yoga, Khăn Ướt Kháng Khuẩn, Bình Sữa Chống Sặc",4,ShopeePay
TRX_00881,"Tã Bỉm Dán Siêu Thấm, Khăn Ướt Kháng Khuẩn, Kính Cường Lực Full Màn, Bình Sữa Chống Sặc",4,ShopeePay
TRX_00882,"Lót Chuột Gaming Khổ Lớn, Bàn Phím Cơ LED RGB, Chuột Không Dây Silent",3,SPayLater (Mua trước trả sau)
TRX_00883,"Củ Sạc Nhanh 65W, Kính Cường Lực Full Màn, Khăn Ướt Kháng Khuẩn, Serum B5 Phục Hồi",4,SPayLater (Mua trước trả sau)
TRX_00884,"Quần Jean Baggy, Giày Sneaker Thể Thao, Áo Thun Unisex Cotton",3,Thẻ Tín Dụng/Ghi Nợ
TRX_00885,"Củ Sạc Nhanh 65W, Kính Cường Lực Full Màn, Cáp Sạc Nhanh Type-C, Ốp Lưng Chống Sốc",4,SPayLater (Mua trước trả sau)
TRX_00886,"Khăn Ướt Kháng Khuẩn, Nồi Chiên Không Dầu, Ấm Siêu Tốc 2 Lớp, Bình Giữ Nhiệt Inox",4,ShopeePay
TRX_00887,"Củ Sạc Nhanh 65W, Đèn Bàn Học LED, Serum B5 Phục Hồi",3,SPayLater (Mua trước trả sau)
TRX_00888,"Serum B5 Phục Hồi, Sữa Rửa Mặt Dịu Nhẹ, Bình Sữa Chống Sặc",3,Thẻ Tín Dụng/Ghi Nợ
TRX_00889,"Nồi Chiên Không Dầu, Ấm Siêu Tốc 2 Lớp, Giá Đỡ Laptop Nhôm",3,COD (Tiền mặt)
TRX_00890,"Khăn Ướt Kháng Khuẩn, Ấm Siêu Tốc 2 Lớp, Củ Sạc Nhanh 65W",3,SPayLater (Mua trước trả sau)
TRX_00891,"Thảm Tập Yoga, Serum B5 Phục Hồi",2,Thẻ Tín Dụng/Ghi Nợ
TRX_00892,"Váy Nữ Dáng Xòe, Bàn Phím Cơ LED RGB, Bình Giữ Nhiệt Inox",3,Thẻ Tín Dụng/Ghi Nợ
TRX_00893,"Củ Sạc Nhanh 65W, Cáp Sạc Nhanh Type-C",2,SPayLater (Mua trước trả sau)
TRX_00894,"Củ Sạc Nhanh 65W, Ấm Siêu Tốc 2 Lớp, Áo Thun Unisex Cotton, Ốp Lưng Chống Sốc",4,ShopeePay
TRX_00895,"Serum B5 Phục Hồi, Kem Chống Nắng Kiềm Dầu, Nước Tẩy Trang Micellar",3,COD (Tiền mặt)
TRX_00896,"Kem Chống Nắng Kiềm Dầu, Lót Chuột Gaming Khổ Lớn, Bàn Phím Cơ LED RGB, Ốp Lưng Chống Sốc",4,ShopeePay
TRX_00897,"Kem Chống Nắng Kiềm Dầu, Sữa Rửa Mặt Dịu Nhẹ, Nước Tẩy Trang Micellar",3,COD (Tiền mặt)
TRX_00898,"Quần Jean Baggy, Giày Sneaker Thể Thao, Váy Nữ Dáng Xòe, Áo Thun Unisex Cotton",4,Thẻ Tín Dụng/Ghi Nợ
TRX_00899,"Kem Chống Nắng Kiềm Dầu, Serum B5 Phục Hồi, Sữa Rửa Mặt Dịu Nhẹ, Nước Tẩy Trang Micellar",4,COD (Tiền mặt)
TRX_00900,"Tã Bỉm Dán Siêu Thấm, Khăn Ướt Kháng Khuẩn, Bình Sữa Chống Sặc",3,SPayLater (Mua trước trả sau)
TRX_00901,"Nồi Chiên Không Dầu, Ấm Siêu Tốc 2 Lớp",2,COD (Tiền mặt)
TRX_00902,"Quần Jean Baggy, Giày Sneaker Thể Thao, Nước Tẩy Trang Micellar",3,ShopeePay
TRX_00903,"Nồi Chiên Không Dầu, Ấm Siêu Tốc 2 Lớp, Bình Giữ Nhiệt Inox",3,ShopeePay
TRX_00904,"Kem Chống Nắng Kiềm Dầu, Sữa Rửa Mặt Dịu Nhẹ, Nước Tẩy Trang Micellar, Bình Nước 2L, Serum B5 Phục Hồi",5,ShopeePay
TRX_00905,"Cáp Sạc Nhanh Type-C, Quần Jean Baggy, Váy Nữ Dáng Xòe, Máy Xay Sinh Tố Mini",4,ShopeePay
TRX_00906,"Khăn Ướt Kháng Khuẩn, Áo Thun Unisex Cotton",2,COD (Tiền mặt)
TRX_00907,"Giá Đỡ Laptop Nhôm, Ấm Siêu Tốc 2 Lớp, Chuột Không Dây Silent",3,SPayLater (Mua trước trả sau)
TRX_00908,"Nồi Chiên Không Dầu, Ấm Siêu Tốc 2 Lớp, Bình Giữ Nhiệt Inox",3,ShopeePay
TRX_00909,"Giá Đỡ Laptop Nhôm, Lót Chuột Gaming Khổ Lớn, Bàn Phím Cơ LED RGB, Chuột Không Dây Silent",4,Thẻ Tín Dụng/Ghi Nợ
TRX_00910,"Quần Jean Baggy, Giày Sneaker Thể Thao, Áo Thun Unisex Cotton",3,SPayLater (Mua trước trả sau)
TRX_00911,"Giá Đỡ Laptop Nhôm, Lót Chuột Gaming Khổ Lớn, Bàn Phím Cơ LED RGB, Chuột Không Dây Silent",4,Thẻ Tín Dụng/Ghi Nợ
TRX_00912,"Quần Jean Baggy, Giày Sneaker Thể Thao, Áo Thun Unisex Cotton",3,Thẻ Tín Dụng/Ghi Nợ
TRX_00913,"Quần Jean Baggy, Áo Thun Unisex Cotton, Sữa Rửa Mặt Dịu Nhẹ",3,SPayLater (Mua trước trả sau)
TRX_00914,"Giá Đỡ Laptop Nhôm, Lót Chuột Gaming Khổ Lớn, Chuột Không Dây Silent",3,Thẻ Tín Dụng/Ghi Nợ
TRX_00915,"Quần Jean Baggy, Lót Chuột Gaming Khổ Lớn, Bình Giữ Nhiệt Inox",3,SPayLater (Mua trước trả sau)
TRX_00916,"Giá Đỡ Laptop Nhôm, Lót Chuột Gaming Khổ Lớn, Bàn Phím Cơ LED RGB, Chuột Không Dây Silent",4,Thẻ Tín Dụng/Ghi Nợ
TRX_00917,"Khăn Ướt Kháng Khuẩn, Kem Chống Nắng Kiềm Dầu, Bàn Phím Cơ LED RGB",3,SPayLater (Mua trước trả sau)
TRX_00918,"Cáp Sạc Nhanh Type-C, Ốp Lưng Chống Sốc",2,Thẻ Tín Dụng/Ghi Nợ
TRX_00919,"Serum B5 Phục Hồi, Kem Chống Nắng Kiềm Dầu",2,COD (Tiền mặt)
TRX_00920,"Quần Jean Baggy, Giày Sneaker Thể Thao",2,COD (Tiền mặt)
TRX_00921,"Tã Bỉm Dán Siêu Thấm, Khăn Ướt Kháng Khuẩn, Bình Sữa Chống Sặc",3,COD (Tiền mặt)
TRX_00922,"Quần Jean Baggy, Giày Sneaker Thể Thao",2,ShopeePay
TRX_00923,"Serum B5 Phục Hồi, Sữa Rửa Mặt Dịu Nhẹ, Nước Tẩy Trang Micellar",3,SPayLater (Mua trước trả sau)
TRX_00924,"Bàn Phím Cơ LED RGB, Chuột Không Dây Silent, Nước Tẩy Trang Micellar, Lót Chuột Gaming Khổ Lớn, Giá Đỡ Laptop Nhôm",5,SPayLater (Mua trước trả sau)
TRX_00925,"Thảm Tập Yoga, Máy Xay Sinh Tố Mini, Bình Sữa Chống Sặc",3,COD (Tiền mặt)
TRX_00926,"Quần Jean Baggy, Giày Sneaker Thể Thao, Áo Thun Unisex Cotton",3,COD (Tiền mặt)
TRX_00927,"Thảm Tập Yoga, Giá Đỡ Laptop Nhôm",2,COD (Tiền mặt)
TRX_00928,"Nồi Chiên Không Dầu, Ấm Siêu Tốc 2 Lớp",2,SPayLater (Mua trước trả sau)
TRX_00929,"Giá Đỡ Laptop Nhôm, Lót Chuột Gaming Khổ Lớn, Bàn Phím Cơ LED RGB",3,SPayLater (Mua trước trả sau)
TRX_00930,"Củ Sạc Nhanh 65W, Kính Cường Lực Full Màn, Ốp Lưng Chống Sốc",3,SPayLater (Mua trước trả sau)
TRX_00931,"Giá Đỡ Laptop Nhôm, Bàn Phím Cơ LED RGB",2,SPayLater (Mua trước trả sau)
TRX_00932,"Đèn Bàn Học LED, Thảm Tập Yoga, Kính Cường Lực Full Màn, Bình Giữ Nhiệt Inox",4,SPayLater (Mua trước trả sau)
TRX_00933,"Tã Bỉm Dán Siêu Thấm, Bình Sữa Chống Sặc",2,SPayLater (Mua trước trả sau)
TRX_00934,"Củ Sạc Nhanh 65W, Kính Cường Lực Full Màn, Ốp Lưng Chống Sốc",3,Thẻ Tín Dụng/Ghi Nợ
TRX_00935,"Tã Bỉm Dán Siêu Thấm, Ấm Siêu Tốc 2 Lớp, Giá Đỡ Laptop Nhôm, Khăn Ướt Kháng Khuẩn",4,ShopeePay
TRX_00936,"Quần Jean Baggy, Lót Chuột Gaming Khổ Lớn, Nước Tẩy Trang Micellar",3,ShopeePay
TRX_00937,"Quần Jean Baggy, Giày Sneaker Thể Thao, Áo Thun Unisex Cotton",3,COD (Tiền mặt)
TRX_00938,"Bình Giữ Nhiệt Inox, Giá Đỡ Laptop Nhôm, Váy Nữ Dáng Xòe, Bình Nước 2L",4,COD (Tiền mặt)
TRX_00939,"Củ Sạc Nhanh 65W, Kính Cường Lực Full Màn, Cáp Sạc Nhanh Type-C, Ốp Lưng Chống Sốc",4,Thẻ Tín Dụng/Ghi Nợ
TRX_00940,"Củ Sạc Nhanh 65W, Kính Cường Lực Full Màn, Cáp Sạc Nhanh Type-C, Ốp Lưng Chống Sốc",4,COD (Tiền mặt)
TRX_00941,"Kính Cường Lực Full Màn, Cáp Sạc Nhanh Type-C",2,Thẻ Tín Dụng/Ghi Nợ
TRX_00942,"Nồi Chiên Không Dầu, Ấm Siêu Tốc 2 Lớp, Giá Đỡ Laptop Nhôm, Bình Giữ Nhiệt Inox",4,ShopeePay
TRX_00943,"Ốp Lưng Chống Sốc, Váy Nữ Dáng Xòe, Cáp Sạc Nhanh Type-C, Củ Sạc Nhanh 65W, Kính Cường Lực Full Màn",5,COD (Tiền mặt)
TRX_00944,"Tã Bỉm Dán Siêu Thấm, Váy Nữ Dáng Xòe, Serum B5 Phục Hồi",3,ShopeePay
TRX_00945,"Cáp Sạc Nhanh Type-C, Váy Nữ Dáng Xòe, Bàn Phím Cơ LED RGB",3,SPayLater (Mua trước trả sau)
TRX_00946,"Tã Bỉm Dán Siêu Thấm, Bình Sữa Chống Sặc",2,Thẻ Tín Dụng/Ghi Nợ
TRX_00947,"Tã Bỉm Dán Siêu Thấm, Nồi Chiên Không Dầu, Váy Nữ Dáng Xòe, Nước Tẩy Trang Micellar",4,ShopeePay
TRX_00948,"Kem Chống Nắng Kiềm Dầu, Serum B5 Phục Hồi, Sữa Rửa Mặt Dịu Nhẹ, Chuột Không Dây Silent",4,Thẻ Tín Dụng/Ghi Nợ
TRX_00949,"Củ Sạc Nhanh 65W, Cáp Sạc Nhanh Type-C, Ốp Lưng Chống Sốc",3,COD (Tiền mặt)
TRX_00950,"Quần Jean Baggy, Giày Sneaker Thể Thao, Áo Thun Unisex Cotton",3,COD (Tiền mặt)
TRX_00951,"Củ Sạc Nhanh 65W, Ốp Lưng Chống Sốc",2,SPayLater (Mua trước trả sau)
TRX_00952,"Sữa Rửa Mặt Dịu Nhẹ, Nước Tẩy Trang Micellar",2,Thẻ Tín Dụng/Ghi Nợ
TRX_00953,"Củ Sạc Nhanh 65W, Kính Cường Lực Full Màn, Cáp Sạc Nhanh Type-C, Ốp Lưng Chống Sốc",4,Thẻ Tín Dụng/Ghi Nợ
TRX_00954,"Nồi Chiên Không Dầu, Ấm Siêu Tốc 2 Lớp, Bình Giữ Nhiệt Inox",3,ShopeePay
TRX_00955,"Kem Chống Nắng Kiềm Dầu, Serum B5 Phục Hồi, Sữa Rửa Mặt Dịu Nhẹ, Nước Tẩy Trang Micellar",4,SPayLater (Mua trước trả sau)
TRX_00956,"Giá Đỡ Laptop Nhôm, Bàn Phím Cơ LED RGB",2,Thẻ Tín Dụng/Ghi Nợ
TRX_00957,"Khăn Ướt Kháng Khuẩn, Giày Sneaker Thể Thao, Cáp Sạc Nhanh Type-C, Chuột Không Dây Silent",4,SPayLater (Mua trước trả sau)
TRX_00958,"Giày Sneaker Thể Thao, Áo Thun Unisex Cotton, Bình Sữa Chống Sặc, Nước Tẩy Trang Micellar",4,ShopeePay
TRX_00959,"Nồi Chiên Không Dầu, Ấm Siêu Tốc 2 Lớp, Bình Giữ Nhiệt Inox",3,Thẻ Tín Dụng/Ghi Nợ
TRX_00960,"Giày Sneaker Thể Thao, Ấm Siêu Tốc 2 Lớp, Serum B5 Phục Hồi, Nước Tẩy Trang Micellar",4,ShopeePay
TRX_00961,"Serum B5 Phục Hồi, Kem Chống Nắng Kiềm Dầu",2,Thẻ Tín Dụng/Ghi Nợ
TRX_00962,"Ấm Siêu Tốc 2 Lớp, Bình Giữ Nhiệt Inox",2,ShopeePay
TRX_00963,"Kính Cường Lực Full Màn, Cáp Sạc Nhanh Type-C, Ốp Lưng Chống Sốc",3,Thẻ Tín Dụng/Ghi Nợ
TRX_00964,"Quần Jean Baggy, Giày Sneaker Thể Thao, Áo Thun Unisex Cotton, Đèn Bàn Học LED",4,ShopeePay
TRX_00965,"Nồi Chiên Không Dầu, Ấm Siêu Tốc 2 Lớp",2,COD (Tiền mặt)
TRX_00966,"Quần Jean Baggy, Thảm Tập Yoga, Ốp Lưng Chống Sốc",3,ShopeePay
TRX_00967,"Nồi Chiên Không Dầu, Bình Giữ Nhiệt Inox",2,SPayLater (Mua trước trả sau)
TRX_00968,"Tã Bỉm Dán Siêu Thấm, Bình Sữa Chống Sặc",2,ShopeePay
TRX_00969,"Quần Jean Baggy, Giày Sneaker Thể Thao, Áo Thun Unisex Cotton",3,Thẻ Tín Dụng/Ghi Nợ
TRX_00970,"Kính Cường Lực Full Màn, Cáp Sạc Nhanh Type-C",2,COD (Tiền mặt)
TRX_00971,"Củ Sạc Nhanh 65W, Cáp Sạc Nhanh Type-C",2,Thẻ Tín Dụng/Ghi Nợ
TRX_00972,"Máy Xay Sinh Tố Mini, Kem Chống Nắng Kiềm Dầu, Sữa Rửa Mặt Dịu Nhẹ, Nước Tẩy Trang Micellar",4,SPayLater (Mua trước trả sau)
TRX_00973,"Tã Bỉm Dán Siêu Thấm, Khăn Ướt Kháng Khuẩn, Kính Cường Lực Full Màn, Chuột Không Dây Silent",4,COD (Tiền mặt)
TRX_00974,"Quần Jean Baggy, Giày Sneaker Thể Thao, Áo Thun Unisex Cotton",3,COD (Tiền mặt)
TRX_00975,"Củ Sạc Nhanh 65W, Ấm Siêu Tốc 2 Lớp, Kính Cường Lực Full Màn, Chuột Không Dây Silent",4,ShopeePay
TRX_00976,"Ấm Siêu Tốc 2 Lớp, Chuột Không Dây Silent",2,COD (Tiền mặt)
TRX_00977,"Thảm Tập Yoga, Máy Xay Sinh Tố Mini, Serum B5 Phục Hồi",3,COD (Tiền mặt)
TRX_00978,"Máy Xay Sinh Tố Mini, Kính Cường Lực Full Màn, Lót Chuột Gaming Khổ Lớn",3,ShopeePay
TRX_00979,"Tã Bỉm Dán Siêu Thấm, Khăn Ướt Kháng Khuẩn, Bình Sữa Chống Sặc",3,SPayLater (Mua trước trả sau)
TRX_00980,"Tã Bỉm Dán Siêu Thấm, Khăn Ướt Kháng Khuẩn, Bình Sữa Chống Sặc",3,ShopeePay
TRX_00981,"Nồi Chiên Không Dầu, Ấm Siêu Tốc 2 Lớp, Bình Giữ Nhiệt Inox, Chuột Không Dây Silent",4,ShopeePay
TRX_00982,"Máy Xay Sinh Tố Mini, Bình Giữ Nhiệt Inox, Bình Sữa Chống Sặc",3,Thẻ Tín Dụng/Ghi Nợ
TRX_00983,"Khăn Ướt Kháng Khuẩn, Giày Sneaker Thể Thao, Áo Thun Unisex Cotton, Bình Sữa Chống Sặc",4,ShopeePay
TRX_00984,"Ốp Lưng Chống Sốc, Cáp Sạc Nhanh Type-C, Củ Sạc Nhanh 65W, Máy Xay Sinh Tố Mini, Kính Cường Lực Full Màn",5,COD (Tiền mặt)
TRX_00985,"Tã Bỉm Dán Siêu Thấm, Khăn Ướt Kháng Khuẩn, Bình Sữa Chống Sặc",3,ShopeePay
TRX_00986,"Giá Đỡ Laptop Nhôm, Lót Chuột Gaming Khổ Lớn, Chuột Không Dây Silent",3,Thẻ Tín Dụng/Ghi Nợ
TRX_00987,"Tã Bỉm Dán Siêu Thấm, Giá Đỡ Laptop Nhôm, Bàn Phím Cơ LED RGB",3,Thẻ Tín Dụng/Ghi Nợ
TRX_00988,"Kem Chống Nắng Kiềm Dầu, Serum B5 Phục Hồi, Sữa Rửa Mặt Dịu Nhẹ, Nước Tẩy Trang Micellar",4,ShopeePay
TRX_00989,"Tã Bỉm Dán Siêu Thấm, Nồi Chiên Không Dầu, Ấm Siêu Tốc 2 Lớp",3,ShopeePay
TRX_00990,"Củ Sạc Nhanh 65W, Kính Cường Lực Full Màn, Cáp Sạc Nhanh Type-C, Ốp Lưng Chống Sốc",4,SPayLater (Mua trước trả sau)
TRX_00991,"Quần Jean Baggy, Bình Nước 2L, Lót Chuột Gaming Khổ Lớn, Chuột Không Dây Silent",4,ShopeePay
TRX_00992,"Tã Bỉm Dán Siêu Thấm, Bình Sữa Chống Sặc",2,Thẻ Tín Dụng/Ghi Nợ
TRX_00993,"Serum B5 Phục Hồi, Kem Chống Nắng Kiềm Dầu",2,COD (Tiền mặt)
TRX_00994,"Nồi Chiên Không Dầu, Ấm Siêu Tốc 2 Lớp, Bình Giữ Nhiệt Inox",3,SPayLater (Mua trước trả sau)
TRX_00995,"Tã Bỉm Dán Siêu Thấm, Ấm Siêu Tốc 2 Lớp, Kính Cường Lực Full Màn, Sữa Rửa Mặt Dịu Nhẹ",4,SPayLater (Mua trước trả sau)
TRX_00996,"Đèn Bàn Học LED, Ấm Siêu Tốc 2 Lớp, Serum B5 Phục Hồi, Quần Jean Baggy",4,SPayLater (Mua trước trả sau)
TRX_00997,"Kính Cường Lực Full Màn, Cáp Sạc Nhanh Type-C, Ốp Lưng Chống Sốc",3,ShopeePay
TRX_00998,"Củ Sạc Nhanh 65W, Kính Cường Lực Full Màn, Cáp Sạc Nhanh Type-C, Ốp Lưng Chống Sốc",4,COD (Tiền mặt)
TRX_00999,"Nồi Chiên Không Dầu, Ấm Siêu Tốc 2 Lớp",2,ShopeePay
TRX_01000,"Serum B5 Phục Hồi, Kem Chống Nắng Kiềm Dầu, Sữa Rửa Mặt Dịu Nhẹ, Nước Tẩy Trang Micellar",4,ShopeePay
TRX_01001,"Tã Bỉm Dán Siêu Thấm, Sữa Rửa Mặt Dịu Nhẹ, Củ Sạc Nhanh 65W",3,Thẻ Tín Dụng/Ghi Nợ
TRX_01002,"Nồi Chiên Không Dầu, Bình Giữ Nhiệt Inox",2,Thẻ Tín Dụng/Ghi Nợ
TRX_01003,"Củ Sạc Nhanh 65W, Cáp Sạc Nhanh Type-C, Ốp Lưng Chống Sốc",3,Thẻ Tín Dụng/Ghi Nợ
TRX_01004,"Củ Sạc Nhanh 65W, Kính Cường Lực Full Màn, Cáp Sạc Nhanh Type-C, Ốp Lưng Chống Sốc",4,SPayLater (Mua trước trả sau)
TRX_01005,"Quần Jean Baggy, Giày Sneaker Thể Thao, Áo Thun Unisex Cotton",3,Thẻ Tín Dụng/Ghi Nợ
TRX_01006,"Củ Sạc Nhanh 65W, Máy Xay Sinh Tố Mini, Ốp Lưng Chống Sốc",3,SPayLater (Mua trước trả sau)
TRX_01007,"Quần Jean Baggy, Áo Thun Unisex Cotton",2,COD (Tiền mặt)
TRX_01008,"Kính Cường Lực Full Màn, Cáp Sạc Nhanh Type-C, Ốp Lưng Chống Sốc",3,Thẻ Tín Dụng/Ghi Nợ
TRX_01009,"Ốp Lưng Chống Sốc, Cáp Sạc Nhanh Type-C, Nước Tẩy Trang Micellar, Củ Sạc Nhanh 65W, Kính Cường Lực Full Màn",5,ShopeePay
TRX_01010,"Giá Đỡ Laptop Nhôm, Lót Chuột Gaming Khổ Lớn, Bàn Phím Cơ LED RGB",3,ShopeePay
TRX_01011,"Đèn Bàn Học LED, Áo Thun Unisex Cotton, Bình Giữ Nhiệt Inox, Bình Sữa Chống Sặc",4,Thẻ Tín Dụng/Ghi Nợ
TRX_01012,"Giá Đỡ Laptop Nhôm, Serum B5 Phục Hồi, Máy Xay Sinh Tố Mini, Lót Chuột Gaming Khổ Lớn",4,SPayLater (Mua trước trả sau)
TRX_01013,"Củ Sạc Nhanh 65W, Khăn Ướt Kháng Khuẩn, Bình Sữa Chống Sặc",3,COD (Tiền mặt)
TRX_01014,"Đèn Bàn Học LED, Váy Nữ Dáng Xòe",2,Thẻ Tín Dụng/Ghi Nợ
TRX_01015,"Củ Sạc Nhanh 65W, Kính Cường Lực Full Màn, Cáp Sạc Nhanh Type-C, Ốp Lưng Chống Sốc",4,SPayLater (Mua trước trả sau)
TRX_01016,"Quần Jean Baggy, Giày Sneaker Thể Thao, Áo Thun Unisex Cotton",3,Thẻ Tín Dụng/Ghi Nợ
TRX_01017,"Giày Sneaker Thể Thao, Kính Cường Lực Full Màn, Chuột Không Dây Silent",3,COD (Tiền mặt)
TRX_01018,"Đèn Bàn Học LED, Giày Sneaker Thể Thao, Bình Giữ Nhiệt Inox, Nước Tẩy Trang Micellar",4,Thẻ Tín Dụng/Ghi Nợ
TRX_01019,"Nồi Chiên Không Dầu, Ấm Siêu Tốc 2 Lớp, Bình Giữ Nhiệt Inox",3,ShopeePay
TRX_01020,"Kính Cường Lực Full Màn, Cáp Sạc Nhanh Type-C, Ốp Lưng Chống Sốc",3,COD (Tiền mặt)
TRX_01021,"Bàn Phím Cơ LED RGB, Chuột Không Dây Silent",2,Thẻ Tín Dụng/Ghi Nợ
TRX_01022,"Củ Sạc Nhanh 65W, Kính Cường Lực Full Màn, Cáp Sạc Nhanh Type-C, Ốp Lưng Chống Sốc",4,COD (Tiền mặt)
TRX_01023,"Tã Bỉm Dán Siêu Thấm, Khăn Ướt Kháng Khuẩn, Củ Sạc Nhanh 65W, Bình Sữa Chống Sặc",4,SPayLater (Mua trước trả sau)
TRX_01024,"Bình Nước 2L, Váy Nữ Dáng Xòe",2,SPayLater (Mua trước trả sau)
TRX_01025,"Củ Sạc Nhanh 65W, Kính Cường Lực Full Màn, Cáp Sạc Nhanh Type-C, Ốp Lưng Chống Sốc",4,SPayLater (Mua trước trả sau)
TRX_01026,"Tã Bỉm Dán Siêu Thấm, Máy Xay Sinh Tố Mini, Bình Sữa Chống Sặc",3,SPayLater (Mua trước trả sau)
TRX_01027,"Củ Sạc Nhanh 65W, Kính Cường Lực Full Màn, Ốp Lưng Chống Sốc",3,SPayLater (Mua trước trả sau)
TRX_01028,"Nồi Chiên Không Dầu, Giày Sneaker Thể Thao, Ốp Lưng Chống Sốc",3,Thẻ Tín Dụng/Ghi Nợ
TRX_01029,"Củ Sạc Nhanh 65W, Nồi Chiên Không Dầu, Ấm Siêu Tốc 2 Lớp, Bình Giữ Nhiệt Inox",4,ShopeePay
TRX_01030,"Giá Đỡ Laptop Nhôm, Lót Chuột Gaming Khổ Lớn, Bàn Phím Cơ LED RGB, Chuột Không Dây Silent",4,Thẻ Tín Dụng/Ghi Nợ
TRX_01031,"Kính Cường Lực Full Màn, Cáp Sạc Nhanh Type-C",2,Thẻ Tín Dụng/Ghi Nợ
TRX_01032,"Tã Bỉm Dán Siêu Thấm, Khăn Ướt Kháng Khuẩn, Bình Sữa Chống Sặc",3,COD (Tiền mặt)
TRX_01033,"Khăn Ướt Kháng Khuẩn, Bình Sữa Chống Sặc",2,Thẻ Tín Dụng/Ghi Nợ
TRX_01034,"Tã Bỉm Dán Siêu Thấm, Khăn Ướt Kháng Khuẩn, Máy Xay Sinh Tố Mini, Bình Sữa Chống Sặc",4,COD (Tiền mặt)
TRX_01035,"Nồi Chiên Không Dầu, Lót Chuột Gaming Khổ Lớn, Bàn Phím Cơ LED RGB, Serum B5 Phục Hồi",4,COD (Tiền mặt)
TRX_01036,"Nồi Chiên Không Dầu, Ấm Siêu Tốc 2 Lớp, Kem Chống Nắng Kiềm Dầu, Bình Giữ Nhiệt Inox",4,ShopeePay
TRX_01037,"Khăn Ướt Kháng Khuẩn, Máy Xay Sinh Tố Mini, Serum B5 Phục Hồi",3,ShopeePay
TRX_01038,"Đèn Bàn Học LED, Giày Sneaker Thể Thao, Máy Xay Sinh Tố Mini",3,COD (Tiền mặt)
TRX_01039,"Quần Jean Baggy, Giày Sneaker Thể Thao, Áo Thun Unisex Cotton",3,COD (Tiền mặt)
TRX_01040,"Nồi Chiên Không Dầu, Ấm Siêu Tốc 2 Lớp, Bình Giữ Nhiệt Inox",3,COD (Tiền mặt)
TRX_01041,"Giá Đỡ Laptop Nhôm, Lót Chuột Gaming Khổ Lớn, Bàn Phím Cơ LED RGB, Chuột Không Dây Silent",4,ShopeePay
TRX_01042,"Khăn Ướt Kháng Khuẩn, Bình Sữa Chống Sặc",2,Thẻ Tín Dụng/Ghi Nợ
TRX_01043,"Giá Đỡ Laptop Nhôm, Lót Chuột Gaming Khổ Lớn, Sữa Rửa Mặt Dịu Nhẹ, Bàn Phím Cơ LED RGB",4,COD (Tiền mặt)
TRX_01044,"Giá Đỡ Laptop Nhôm, Lót Chuột Gaming Khổ Lớn, Bàn Phím Cơ LED RGB, Chuột Không Dây Silent",4,SPayLater (Mua trước trả sau)
TRX_01045,"Củ Sạc Nhanh 65W, Bình Nước 2L, Bình Giữ Nhiệt Inox",3,COD (Tiền mặt)
TRX_01046,"Khăn Ướt Kháng Khuẩn, Ấm Siêu Tốc 2 Lớp, Áo Thun Unisex Cotton, Bình Giữ Nhiệt Inox",4,ShopeePay
TRX_01047,"Serum B5 Phục Hồi, Chuột Không Dây Silent",2,ShopeePay
TRX_01048,"Giá Đỡ Laptop Nhôm, Lót Chuột Gaming Khổ Lớn, Bàn Phím Cơ LED RGB, Chuột Không Dây Silent",4,ShopeePay
TRX_01049,"Quần Jean Baggy, Giày Sneaker Thể Thao, Áo Thun Unisex Cotton",3,SPayLater (Mua trước trả sau)
TRX_01050,"Khăn Ướt Kháng Khuẩn, Giày Sneaker Thể Thao, Thảm Tập Yoga",3,SPayLater (Mua trước trả sau)
TRX_01051,"Giày Sneaker Thể Thao, Áo Thun Unisex Cotton",2,COD (Tiền mặt)
TRX_01052,"Giá Đỡ Laptop Nhôm, Lót Chuột Gaming Khổ Lớn, Bàn Phím Cơ LED RGB, Chuột Không Dây Silent",4,Thẻ Tín Dụng/Ghi Nợ
TRX_01053,"Serum B5 Phục Hồi, Sữa Rửa Mặt Dịu Nhẹ, Nước Tẩy Trang Micellar",3,Thẻ Tín Dụng/Ghi Nợ
TRX_01054,"Kính Cường Lực Full Màn, Cáp Sạc Nhanh Type-C",2,ShopeePay
TRX_01055,"Củ Sạc Nhanh 65W, Kính Cường Lực Full Màn, Cáp Sạc Nhanh Type-C, Ốp Lưng Chống Sốc",4,ShopeePay
TRX_01056,"Tã Bỉm Dán Siêu Thấm, Bình Sữa Chống Sặc",2,Thẻ Tín Dụng/Ghi Nợ
TRX_01057,"Bàn Phím Cơ LED RGB, Bình Sữa Chống Sặc",2,Thẻ Tín Dụng/Ghi Nợ
TRX_01058,"Củ Sạc Nhanh 65W, Kính Cường Lực Full Màn, Cáp Sạc Nhanh Type-C, Ốp Lưng Chống Sốc",4,SPayLater (Mua trước trả sau)
TRX_01059,"Ốp Lưng Chống Sốc, Cáp Sạc Nhanh Type-C, Bàn Phím Cơ LED RGB, Củ Sạc Nhanh 65W, Kính Cường Lực Full Màn",5,SPayLater (Mua trước trả sau)
TRX_01060,"Tã Bỉm Dán Siêu Thấm, Thảm Tập Yoga, Bình Sữa Chống Sặc",3,Thẻ Tín Dụng/Ghi Nợ
TRX_01061,"Tã Bỉm Dán Siêu Thấm, Khăn Ướt Kháng Khuẩn, Bình Sữa Chống Sặc",3,ShopeePay
TRX_01062,"Váy Nữ Dáng Xòe, Serum B5 Phục Hồi, Kem Chống Nắng Kiềm Dầu, Ốp Lưng Chống Sốc",4,ShopeePay
TRX_01063,"Thảm Tập Yoga, Áo Thun Unisex Cotton, Bình Sữa Chống Sặc",3,COD (Tiền mặt)
TRX_01064,"Kem Chống Nắng Kiềm Dầu, Sữa Rửa Mặt Dịu Nhẹ, Nước Tẩy Trang Micellar",3,Thẻ Tín Dụng/Ghi Nợ
TRX_01065,"Củ Sạc Nhanh 65W, Kính Cường Lực Full Màn, Cáp Sạc Nhanh Type-C, Ốp Lưng Chống Sốc",4,Thẻ Tín Dụng/Ghi Nợ
TRX_01066,"Giá Đỡ Laptop Nhôm, Lót Chuột Gaming Khổ Lớn, Bàn Phím Cơ LED RGB, Chuột Không Dây Silent",4,COD (Tiền mặt)
TRX_01067,"Đèn Bàn Học LED, Bình Nước 2L, Chuột Không Dây Silent",3,SPayLater (Mua trước trả sau)
TRX_01068,"Quần Jean Baggy, Giày Sneaker Thể Thao, Lót Chuột Gaming Khổ Lớn, Áo Thun Unisex Cotton",4,SPayLater (Mua trước trả sau)
TRX_01069,"Kem Chống Nắng Kiềm Dầu, Sữa Rửa Mặt Dịu Nhẹ",2,COD (Tiền mặt)
TRX_01070,"Quần Jean Baggy, Thảm Tập Yoga, Ấm Siêu Tốc 2 Lớp",3,SPayLater (Mua trước trả sau)
TRX_01071,"Giày Sneaker Thể Thao, Áo Thun Unisex Cotton",2,Thẻ Tín Dụng/Ghi Nợ
TRX_01072,"Nồi Chiên Không Dầu, Lót Chuột Gaming Khổ Lớn, Bàn Phím Cơ LED RGB",3,Thẻ Tín Dụng/Ghi Nợ
TRX_01073,"Serum B5 Phục Hồi, Kem Chống Nắng Kiềm Dầu, Nước Tẩy Trang Micellar",3,ShopeePay
TRX_01074,"Nồi Chiên Không Dầu, Bình Giữ Nhiệt Inox",2,SPayLater (Mua trước trả sau)
TRX_01075,"Tã Bỉm Dán Siêu Thấm, Giày Sneaker Thể Thao",2,COD (Tiền mặt)
TRX_01076,"Nồi Chiên Không Dầu, Ấm Siêu Tốc 2 Lớp, Bình Giữ Nhiệt Inox",3,Thẻ Tín Dụng/Ghi Nợ
TRX_01077,"Bình Nước 2L, Ốp Lưng Chống Sốc",2,Thẻ Tín Dụng/Ghi Nợ
TRX_01078,"Tã Bỉm Dán Siêu Thấm, Khăn Ướt Kháng Khuẩn, Bình Sữa Chống Sặc",3,COD (Tiền mặt)
TRX_01079,"Nồi Chiên Không Dầu, Giày Sneaker Thể Thao, Kính Cường Lực Full Màn, Cáp Sạc Nhanh Type-C",4,SPayLater (Mua trước trả sau)
TRX_01080,"Củ Sạc Nhanh 65W, Áo Thun Unisex Cotton, Cáp Sạc Nhanh Type-C, Ốp Lưng Chống Sốc",4,ShopeePay
TRX_01081,"Kem Chống Nắng Kiềm Dầu, Khăn Ướt Kháng Khuẩn, Serum B5 Phục Hồi, Thảm Tập Yoga",4,Thẻ Tín Dụng/Ghi Nợ
TRX_01082,"Nồi Chiên Không Dầu, Máy Xay Sinh Tố Mini, Bàn Phím Cơ LED RGB",3,COD (Tiền mặt)
TRX_01083,"Giá Đỡ Laptop Nhôm, Bàn Phím Cơ LED RGB, Chuột Không Dây Silent",3,SPayLater (Mua trước trả sau)
TRX_01084,"Serum B5 Phục Hồi, Kem Chống Nắng Kiềm Dầu, Sữa Rửa Mặt Dịu Nhẹ, Nước Tẩy Trang Micellar",4,COD (Tiền mặt)
TRX_01085,"Sữa Rửa Mặt Dịu Nhẹ, Chuột Không Dây Silent, Bình Sữa Chống Sặc",3,ShopeePay
TRX_01086,"Serum B5 Phục Hồi, Cáp Sạc Nhanh Type-C",2,COD (Tiền mặt)
TRX_01087,"Quần Jean Baggy, Giày Sneaker Thể Thao",2,Thẻ Tín Dụng/Ghi Nợ
TRX_01088,"Tã Bỉm Dán Siêu Thấm, Quần Jean Baggy",2,ShopeePay
TRX_01089,"Serum B5 Phục Hồi, Kem Chống Nắng Kiềm Dầu, Sữa Rửa Mặt Dịu Nhẹ, Nước Tẩy Trang Micellar",4,SPayLater (Mua trước trả sau)
TRX_01090,"Giá Đỡ Laptop Nhôm, Lót Chuột Gaming Khổ Lớn, Bàn Phím Cơ LED RGB, Chuột Không Dây Silent",4,SPayLater (Mua trước trả sau)
TRX_01091,"Kính Cường Lực Full Màn, Cáp Sạc Nhanh Type-C",2,Thẻ Tín Dụng/Ghi Nợ
TRX_01092,"Khăn Ướt Kháng Khuẩn, Bình Sữa Chống Sặc",2,SPayLater (Mua trước trả sau)
TRX_01093,"Áo Thun Unisex Cotton, Sữa Rửa Mặt Dịu Nhẹ, Nước Tẩy Trang Micellar, Ốp Lưng Chống Sốc",4,ShopeePay
TRX_01094,"Ấm Siêu Tốc 2 Lớp, Bình Giữ Nhiệt Inox",2,SPayLater (Mua trước trả sau)
TRX_01095,"Kem Chống Nắng Kiềm Dầu, Serum B5 Phục Hồi, Sữa Rửa Mặt Dịu Nhẹ, Nước Tẩy Trang Micellar",4,SPayLater (Mua trước trả sau)
TRX_01096,"Giá Đỡ Laptop Nhôm, Chuột Không Dây Silent",2,ShopeePay
TRX_01097,"Củ Sạc Nhanh 65W, Kem Chống Nắng Kiềm Dầu, Bàn Phím Cơ LED RGB",3,ShopeePay
TRX_01098,"Lót Chuột Gaming Khổ Lớn, Bàn Phím Cơ LED RGB, Bình Giữ Nhiệt Inox",3,ShopeePay
TRX_01099,"Khăn Ướt Kháng Khuẩn, Kem Chống Nắng Kiềm Dầu, Sữa Rửa Mặt Dịu Nhẹ, Nước Tẩy Trang Micellar",4,SPayLater (Mua trước trả sau)
TRX_01100,"Serum B5 Phục Hồi, Kem Chống Nắng Kiềm Dầu, Sữa Rửa Mặt Dịu Nhẹ",3,ShopeePay
TRX_01101,"Lót Chuột Gaming Khổ Lớn, Bàn Phím Cơ LED RGB",2,COD (Tiền mặt)
TRX_01102,"Củ Sạc Nhanh 65W, Quần Jean Baggy, Váy Nữ Dáng Xòe, Áo Thun Unisex Cotton",4,Thẻ Tín Dụng/Ghi Nợ
TRX_01103,"Kem Chống Nắng Kiềm Dầu, Sữa Rửa Mặt Dịu Nhẹ, Nước Tẩy Trang Micellar",3,SPayLater (Mua trước trả sau)
TRX_01104,"Giá Đỡ Laptop Nhôm, Lót Chuột Gaming Khổ Lớn, Bàn Phím Cơ LED RGB, Chuột Không Dây Silent",4,Thẻ Tín Dụng/Ghi Nợ
TRX_01105,"Giày Sneaker Thể Thao, Lót Chuột Gaming Khổ Lớn",2,COD (Tiền mặt)
TRX_01106,"Nồi Chiên Không Dầu, Bình Giữ Nhiệt Inox, Bình Sữa Chống Sặc",3,ShopeePay
TRX_01107,"Serum B5 Phục Hồi, Kem Chống Nắng Kiềm Dầu, Sữa Rửa Mặt Dịu Nhẹ, Nước Tẩy Trang Micellar",4,Thẻ Tín Dụng/Ghi Nợ
TRX_01108,"Giá Đỡ Laptop Nhôm, Chuột Không Dây Silent",2,Thẻ Tín Dụng/Ghi Nợ
TRX_01109,"Củ Sạc Nhanh 65W, Váy Nữ Dáng Xòe, Máy Xay Sinh Tố Mini, Serum B5 Phục Hồi",4,Thẻ Tín Dụng/Ghi Nợ
TRX_01110,"Giày Sneaker Thể Thao, Áo Thun Unisex Cotton",2,SPayLater (Mua trước trả sau)
TRX_01111,"Tã Bỉm Dán Siêu Thấm, Quần Jean Baggy, Giày Sneaker Thể Thao, Áo Thun Unisex Cotton",4,ShopeePay
TRX_01112,"Nồi Chiên Không Dầu, Ấm Siêu Tốc 2 Lớp, Cáp Sạc Nhanh Type-C",3,COD (Tiền mặt)
TRX_01113,"Máy Xay Sinh Tố Mini, Cáp Sạc Nhanh Type-C",2,ShopeePay
TRX_01114,"Nồi Chiên Không Dầu, Bình Sữa Chống Sặc, Nước Tẩy Trang Micellar",3,SPayLater (Mua trước trả sau)
TRX_01115,"Quần Jean Baggy, Cáp Sạc Nhanh Type-C",2,COD (Tiền mặt)
TRX_01116,"Tã Bỉm Dán Siêu Thấm, Khăn Ướt Kháng Khuẩn",2,COD (Tiền mặt)
TRX_01117,"Quần Jean Baggy, Áo Thun Unisex Cotton",2,COD (Tiền mặt)
TRX_01118,"Giá Đỡ Laptop Nhôm, Bàn Phím Cơ LED RGB",2,SPayLater (Mua trước trả sau)
TRX_01119,"Khăn Ướt Kháng Khuẩn, Bàn Phím Cơ LED RGB, Bình Sữa Chống Sặc",3,ShopeePay
TRX_01120,"Kính Cường Lực Full Màn, Cáp Sạc Nhanh Type-C",2,Thẻ Tín Dụng/Ghi Nợ
TRX_01121,"Quần Jean Baggy, Giày Sneaker Thể Thao, Áo Thun Unisex Cotton",3,SPayLater (Mua trước trả sau)
TRX_01122,"Tã Bỉm Dán Siêu Thấm, Khăn Ướt Kháng Khuẩn",2,Thẻ Tín Dụng/Ghi Nợ
TRX_01123,"Nồi Chiên Không Dầu, Bình Giữ Nhiệt Inox",2,SPayLater (Mua trước trả sau)
TRX_01124,"Kem Chống Nắng Kiềm Dầu, Sữa Rửa Mặt Dịu Nhẹ",2,COD (Tiền mặt)
TRX_01125,"Đèn Bàn Học LED, Lót Chuột Gaming Khổ Lớn",2,COD (Tiền mặt)
TRX_01126,"Lót Chuột Gaming Khổ Lớn, Chuột Không Dây Silent, Ốp Lưng Chống Sốc",3,COD (Tiền mặt)
TRX_01127,"Chuột Không Dây Silent, Giá Đỡ Laptop Nhôm, Lót Chuột Gaming Khổ Lớn, Bàn Phím Cơ LED RGB",4,ShopeePay
TRX_01128,"Quần Jean Baggy, Lót Chuột Gaming Khổ Lớn, Áo Thun Unisex Cotton",3,ShopeePay
TRX_01129,"Tã Bỉm Dán Siêu Thấm, Ấm Siêu Tốc 2 Lớp, Bình Sữa Chống Sặc",3,ShopeePay
TRX_01130,"Đèn Bàn Học LED, Ấm Siêu Tốc 2 Lớp, Bình Giữ Nhiệt Inox",3,SPayLater (Mua trước trả sau)
TRX_01131,"Nồi Chiên Không Dầu, Ấm Siêu Tốc 2 Lớp, Bình Nước 2L",3,SPayLater (Mua trước trả sau)
TRX_01132,"Tã Bỉm Dán Siêu Thấm, Bình Nước 2L, Cáp Sạc Nhanh Type-C",3,Thẻ Tín Dụng/Ghi Nợ
TRX_01133,"Tã Bỉm Dán Siêu Thấm, Khăn Ướt Kháng Khuẩn, Thảm Tập Yoga, Bình Sữa Chống Sặc",4,Thẻ Tín Dụng/Ghi Nợ
TRX_01134,"Khăn Ướt Kháng Khuẩn, Serum B5 Phục Hồi, Cáp Sạc Nhanh Type-C, Chuột Không Dây Silent",4,SPayLater (Mua trước trả sau)
TRX_01135,"Giày Sneaker Thể Thao, Bình Giữ Nhiệt Inox, Chuột Không Dây Silent",3,ShopeePay
TRX_01136,"Váy Nữ Dáng Xòe, Kính Cường Lực Full Màn, Bàn Phím Cơ LED RGB",3,COD (Tiền mặt)
TRX_01137,"Tã Bỉm Dán Siêu Thấm, Khăn Ướt Kháng Khuẩn, Củ Sạc Nhanh 65W, Bình Sữa Chống Sặc",4,Thẻ Tín Dụng/Ghi Nợ
TRX_01138,"Củ Sạc Nhanh 65W, Áo Thun Unisex Cotton",2,ShopeePay
TRX_01139,"Ấm Siêu Tốc 2 Lớp, Váy Nữ Dáng Xòe, Kem Chống Nắng Kiềm Dầu, Nước Tẩy Trang Micellar",4,SPayLater (Mua trước trả sau)
TRX_01140,"Tã Bỉm Dán Siêu Thấm, Bình Sữa Chống Sặc",2,ShopeePay
TRX_01141,"Giá Đỡ Laptop Nhôm, Chuột Không Dây Silent",2,SPayLater (Mua trước trả sau)
TRX_01142,"Kem Chống Nắng Kiềm Dầu, Giá Đỡ Laptop Nhôm, Sữa Rửa Mặt Dịu Nhẹ, Nước Tẩy Trang Micellar",4,ShopeePay
TRX_01143,"Giá Đỡ Laptop Nhôm, Sữa Rửa Mặt Dịu Nhẹ, Ốp Lưng Chống Sốc",3,ShopeePay
TRX_01144,"Quần Jean Baggy, Áo Thun Unisex Cotton, Ốp Lưng Chống Sốc",3,SPayLater (Mua trước trả sau)
TRX_01145,"Quần Jean Baggy, Giày Sneaker Thể Thao, Áo Thun Unisex Cotton",3,ShopeePay
TRX_01146,"Khăn Ướt Kháng Khuẩn, Giá Đỡ Laptop Nhôm, Bình Sữa Chống Sặc",3,SPayLater (Mua trước trả sau)
TRX_01147,"Giá Đỡ Laptop Nhôm, Chuột Không Dây Silent",2,Thẻ Tín Dụng/Ghi Nợ
TRX_01148,"Nồi Chiên Không Dầu, Ấm Siêu Tốc 2 Lớp, Thảm Tập Yoga, Bình Giữ Nhiệt Inox",4,COD (Tiền mặt)
TRX_01149,"Khăn Ướt Kháng Khuẩn, Bình Sữa Chống Sặc",2,Thẻ Tín Dụng/Ghi Nợ
TRX_01150,"Áo Thun Unisex Cotton, Khăn Ướt Kháng Khuẩn, Thảm Tập Yoga, Bình Sữa Chống Sặc",4,COD (Tiền mặt)
TRX_01151,"Giày Sneaker Thể Thao, Thảm Tập Yoga, Áo Thun Unisex Cotton",3,COD (Tiền mặt)
TRX_01152,"Serum B5 Phục Hồi, Sữa Rửa Mặt Dịu Nhẹ",2,ShopeePay
TRX_01153,"Nồi Chiên Không Dầu, Ấm Siêu Tốc 2 Lớp, Bình Giữ Nhiệt Inox",3,COD (Tiền mặt)
TRX_01154,"Quần Jean Baggy, Giày Sneaker Thể Thao, Áo Thun Unisex Cotton, Bình Sữa Chống Sặc",4,Thẻ Tín Dụng/Ghi Nợ
TRX_01155,"Váy Nữ Dáng Xòe, Ấm Siêu Tốc 2 Lớp, Serum B5 Phục Hồi, Áo Thun Unisex Cotton",4,Thẻ Tín Dụng/Ghi Nợ
TRX_01156,"Serum B5 Phục Hồi, Kem Chống Nắng Kiềm Dầu, Nước Tẩy Trang Micellar",3,ShopeePay
TRX_01157,"Quần Jean Baggy, Giày Sneaker Thể Thao, Áo Thun Unisex Cotton",3,Thẻ Tín Dụng/Ghi Nợ
TRX_01158,"Serum B5 Phục Hồi, Sữa Rửa Mặt Dịu Nhẹ, Nước Tẩy Trang Micellar",3,ShopeePay
TRX_01159,"Củ Sạc Nhanh 65W, Kính Cường Lực Full Màn, Cáp Sạc Nhanh Type-C",3,ShopeePay
TRX_01160,"Nồi Chiên Không Dầu, Ấm Siêu Tốc 2 Lớp, Bình Giữ Nhiệt Inox",3,Thẻ Tín Dụng/Ghi Nợ
TRX_01161,"Serum B5 Phục Hồi, Sữa Rửa Mặt Dịu Nhẹ, Nước Tẩy Trang Micellar",3,COD (Tiền mặt)
TRX_01162,"Kính Cường Lực Full Màn, Cáp Sạc Nhanh Type-C",2,ShopeePay
TRX_01163,"Quần Jean Baggy, Giày Sneaker Thể Thao",2,Thẻ Tín Dụng/Ghi Nợ
TRX_01164,"Serum B5 Phục Hồi, Sữa Rửa Mặt Dịu Nhẹ, Bình Giữ Nhiệt Inox, Nước Tẩy Trang Micellar",4,Thẻ Tín Dụng/Ghi Nợ
TRX_01165,"Nồi Chiên Không Dầu, Ấm Siêu Tốc 2 Lớp, Bình Giữ Nhiệt Inox",3,Thẻ Tín Dụng/Ghi Nợ
TRX_01166,"Nồi Chiên Không Dầu, Ấm Siêu Tốc 2 Lớp, Bình Giữ Nhiệt Inox",3,ShopeePay
TRX_01167,"Quần Jean Baggy, Giày Sneaker Thể Thao, Áo Thun Unisex Cotton",3,ShopeePay
TRX_01168,"Củ Sạc Nhanh 65W, Khăn Ướt Kháng Khuẩn, Bình Sữa Chống Sặc",3,SPayLater (Mua trước trả sau)
TRX_01169,"Giày Sneaker Thể Thao, Áo Thun Unisex Cotton",2,ShopeePay
TRX_01170,"Nồi Chiên Không Dầu, Ấm Siêu Tốc 2 Lớp",2,SPayLater (Mua trước trả sau)
TRX_01171,"Giá Đỡ Laptop Nhôm, Lót Chuột Gaming Khổ Lớn, Chuột Không Dây Silent",3,Thẻ Tín Dụng/Ghi Nợ
TRX_01172,"Quần Jean Baggy, Giày Sneaker Thể Thao, Áo Thun Unisex Cotton, Chuột Không Dây Silent",4,COD (Tiền mặt)
TRX_01173,"Giá Đỡ Laptop Nhôm, Lót Chuột Gaming Khổ Lớn, Bàn Phím Cơ LED RGB, Chuột Không Dây Silent",4,SPayLater (Mua trước trả sau)
TRX_01174,"Bàn Phím Cơ LED RGB, Chuột Không Dây Silent, Ốp Lưng Chống Sốc",3,ShopeePay
TRX_01175,"Khăn Ướt Kháng Khuẩn, Lót Chuột Gaming Khổ Lớn, Bàn Phím Cơ LED RGB",3,Thẻ Tín Dụng/Ghi Nợ
TRX_01176,"Nồi Chiên Không Dầu, Ấm Siêu Tốc 2 Lớp, Bình Giữ Nhiệt Inox",3,ShopeePay
TRX_01177,"Tã Bỉm Dán Siêu Thấm, Bình Sữa Chống Sặc",2,SPayLater (Mua trước trả sau)
TRX_01178,"Serum B5 Phục Hồi, Kem Chống Nắng Kiềm Dầu, Sữa Rửa Mặt Dịu Nhẹ",3,Thẻ Tín Dụng/Ghi Nợ
TRX_01179,"Khăn Ướt Kháng Khuẩn, Lót Chuột Gaming Khổ Lớn, Bình Nước 2L, Nước Tẩy Trang Micellar",4,ShopeePay
TRX_01180,"Khăn Ướt Kháng Khuẩn, Kem Chống Nắng Kiềm Dầu, Nước Tẩy Trang Micellar",3,COD (Tiền mặt)
TRX_01181,"Củ Sạc Nhanh 65W, Lót Chuột Gaming Khổ Lớn, Ốp Lưng Chống Sốc",3,COD (Tiền mặt)
TRX_01182,"Nồi Chiên Không Dầu, Ấm Siêu Tốc 2 Lớp, Kính Cường Lực Full Màn, Bình Giữ Nhiệt Inox",4,Thẻ Tín Dụng/Ghi Nợ
TRX_01183,"Kính Cường Lực Full Màn, Cáp Sạc Nhanh Type-C, Chuột Không Dây Silent",3,ShopeePay
TRX_01184,"Kem Chống Nắng Kiềm Dầu, Ấm Siêu Tốc 2 Lớp, Serum B5 Phục Hồi, Sữa Rửa Mặt Dịu Nhẹ",4,SPayLater (Mua trước trả sau)
TRX_01185,"Nồi Chiên Không Dầu, Áo Thun Unisex Cotton, Bình Giữ Nhiệt Inox",3,ShopeePay
TRX_01186,"Ấm Siêu Tốc 2 Lớp, Bình Giữ Nhiệt Inox, Bình Sữa Chống Sặc",3,ShopeePay
TRX_01187,"Kem Chống Nắng Kiềm Dầu, Nước Tẩy Trang Micellar",2,SPayLater (Mua trước trả sau)
TRX_01188,"Khăn Ướt Kháng Khuẩn, Bình Nước 2L",2,COD (Tiền mặt)
TRX_01189,"Quần Jean Baggy, Giày Sneaker Thể Thao",2,COD (Tiền mặt)
TRX_01190,"Tã Bỉm Dán Siêu Thấm, Khăn Ướt Kháng Khuẩn, Bình Sữa Chống Sặc",3,COD (Tiền mặt)
TRX_01191,"Giá Đỡ Laptop Nhôm, Lót Chuột Gaming Khổ Lớn, Bàn Phím Cơ LED RGB, Chuột Không Dây Silent",4,Thẻ Tín Dụng/Ghi Nợ
TRX_01192,"Váy Nữ Dáng Xòe, Nồi Chiên Không Dầu, Giày Sneaker Thể Thao, Serum B5 Phục Hồi",4,COD (Tiền mặt)
TRX_01193,"Quần Jean Baggy, Giày Sneaker Thể Thao, Áo Thun Unisex Cotton",3,COD (Tiền mặt)
TRX_01194,"Giá Đỡ Laptop Nhôm, Chuột Không Dây Silent",2,Thẻ Tín Dụng/Ghi Nợ
TRX_01195,"Giá Đỡ Laptop Nhôm, Lót Chuột Gaming Khổ Lớn, Bàn Phím Cơ LED RGB",3,ShopeePay
TRX_01196,"Tã Bỉm Dán Siêu Thấm, Đèn Bàn Học LED, Kem Chống Nắng Kiềm Dầu, Sữa Rửa Mặt Dịu Nhẹ",4,COD (Tiền mặt)
TRX_01197,"Serum B5 Phục Hồi, Kem Chống Nắng Kiềm Dầu, Sữa Rửa Mặt Dịu Nhẹ, Nước Tẩy Trang Micellar",4,ShopeePay
TRX_01198,"Bàn Phím Cơ LED RGB, Chuột Không Dây Silent, Tã Bỉm Dán Siêu Thấm, Lót Chuột Gaming Khổ Lớn, Giá Đỡ Laptop Nhôm",5,SPayLater (Mua trước trả sau)
TRX_01199,"Serum B5 Phục Hồi, Sữa Rửa Mặt Dịu Nhẹ, Lót Chuột Gaming Khổ Lớn",3,COD (Tiền mặt)
TRX_01200,"Giá Đỡ Laptop Nhôm, Bàn Phím Cơ LED RGB",2,SPayLater (Mua trước trả sau)
TRX_01201,"Củ Sạc Nhanh 65W, Sữa Rửa Mặt Dịu Nhẹ, Nước Tẩy Trang Micellar",3,ShopeePay
TRX_01202,"Giá Đỡ Laptop Nhôm, Bàn Phím Cơ LED RGB, Chuột Không Dây Silent",3,Thẻ Tín Dụng/Ghi Nợ
TRX_01203,"Giày Sneaker Thể Thao, Kính Cường Lực Full Màn",2,SPayLater (Mua trước trả sau)
TRX_01204,"Serum B5 Phục Hồi, Lót Chuột Gaming Khổ Lớn",2,SPayLater (Mua trước trả sau)
TRX_01205,"Tã Bỉm Dán Siêu Thấm, Khăn Ướt Kháng Khuẩn",2,COD (Tiền mặt)
TRX_01206,"Tã Bỉm Dán Siêu Thấm, Bình Sữa Chống Sặc",2,Thẻ Tín Dụng/Ghi Nợ
TRX_01207,"Quần Jean Baggy, Ấm Siêu Tốc 2 Lớp",2,SPayLater (Mua trước trả sau)
TRX_01208,"Cáp Sạc Nhanh Type-C, Ốp Lưng Chống Sốc",2,COD (Tiền mặt)
TRX_01209,"Tã Bỉm Dán Siêu Thấm, Khăn Ướt Kháng Khuẩn, Bình Sữa Chống Sặc",3,ShopeePay
TRX_01210,"Nồi Chiên Không Dầu, Bình Giữ Nhiệt Inox",2,ShopeePay
TRX_01211,"Ấm Siêu Tốc 2 Lớp, Cáp Sạc Nhanh Type-C, Sữa Rửa Mặt Dịu Nhẹ",3,SPayLater (Mua trước trả sau)
TRX_01212,"Giá Đỡ Laptop Nhôm, Áo Thun Unisex Cotton",2,SPayLater (Mua trước trả sau)
TRX_01213,"Bàn Phím Cơ LED RGB, Chuột Không Dây Silent, Kính Cường Lực Full Màn, Lót Chuột Gaming Khổ Lớn, Giá Đỡ Laptop Nhôm",5,SPayLater (Mua trước trả sau)
TRX_01214,"Kem Chống Nắng Kiềm Dầu, Sữa Rửa Mặt Dịu Nhẹ, Nước Tẩy Trang Micellar, Quần Jean Baggy, Serum B5 Phục Hồi",5,ShopeePay
TRX_01215,"Củ Sạc Nhanh 65W, Kính Cường Lực Full Màn, Cáp Sạc Nhanh Type-C",3,SPayLater (Mua trước trả sau)
TRX_01216,"Nồi Chiên Không Dầu, Thảm Tập Yoga, Serum B5 Phục Hồi",3,ShopeePay
TRX_01217,"Nồi Chiên Không Dầu, Ấm Siêu Tốc 2 Lớp, Bình Giữ Nhiệt Inox",3,COD (Tiền mặt)
TRX_01218,"Serum B5 Phục Hồi, Nước Tẩy Trang Micellar",2,ShopeePay
TRX_01219,"Kem Chống Nắng Kiềm Dầu, Serum B5 Phục Hồi, Sữa Rửa Mặt Dịu Nhẹ, Nước Tẩy Trang Micellar",4,COD (Tiền mặt)
TRX_01220,"Củ Sạc Nhanh 65W, Cáp Sạc Nhanh Type-C",2,SPayLater (Mua trước trả sau)
TRX_01221,"Nồi Chiên Không Dầu, Ấm Siêu Tốc 2 Lớp, Cáp Sạc Nhanh Type-C, Bình Giữ Nhiệt Inox",4,Thẻ Tín Dụng/Ghi Nợ
TRX_01222,"Giá Đỡ Laptop Nhôm, Bàn Phím Cơ LED RGB",2,ShopeePay
TRX_01223,"Máy Xay Sinh Tố Mini, Nước Tẩy Trang Micellar",2,SPayLater (Mua trước trả sau)
TRX_01224,"Ấm Siêu Tốc 2 Lớp, Kem Chống Nắng Kiềm Dầu",2,ShopeePay
TRX_01225,"Khăn Ướt Kháng Khuẩn, Ấm Siêu Tốc 2 Lớp, Bình Giữ Nhiệt Inox",3,ShopeePay
TRX_01226,"Nồi Chiên Không Dầu, Ấm Siêu Tốc 2 Lớp",2,SPayLater (Mua trước trả sau)
TRX_01227,"Kính Cường Lực Full Màn, Ốp Lưng Chống Sốc",2,SPayLater (Mua trước trả sau)
TRX_01228,"Quần Jean Baggy, Ấm Siêu Tốc 2 Lớp",2,COD (Tiền mặt)
TRX_01229,"Kính Cường Lực Full Màn, Cáp Sạc Nhanh Type-C, Ốp Lưng Chống Sốc",3,ShopeePay
TRX_01230,"Ấm Siêu Tốc 2 Lớp, Thảm Tập Yoga, Ốp Lưng Chống Sốc",3,Thẻ Tín Dụng/Ghi Nợ
TRX_01231,"Giày Sneaker Thể Thao, Đèn Bàn Học LED, Thảm Tập Yoga, Ấm Siêu Tốc 2 Lớp",4,SPayLater (Mua trước trả sau)
TRX_01232,"Thảm Tập Yoga, Kính Cường Lực Full Màn, Giá Đỡ Laptop Nhôm, Chuột Không Dây Silent",4,COD (Tiền mặt)
TRX_01233,"Đèn Bàn Học LED, Kem Chống Nắng Kiềm Dầu, Sữa Rửa Mặt Dịu Nhẹ, Nước Tẩy Trang Micellar",4,Thẻ Tín Dụng/Ghi Nợ
TRX_01234,"Quần Jean Baggy, Giày Sneaker Thể Thao, Áo Thun Unisex Cotton",3,SPayLater (Mua trước trả sau)
TRX_01235,"Giá Đỡ Laptop Nhôm, Bàn Phím Cơ LED RGB, Chuột Không Dây Silent",3,Thẻ Tín Dụng/Ghi Nợ
TRX_01236,"Tã Bỉm Dán Siêu Thấm, Bình Sữa Chống Sặc",2,SPayLater (Mua trước trả sau)
TRX_01237,"Kính Cường Lực Full Màn, Cáp Sạc Nhanh Type-C, Ốp Lưng Chống Sốc",3,SPayLater (Mua trước trả sau)
TRX_01238,"Tã Bỉm Dán Siêu Thấm, Bình Sữa Chống Sặc",2,SPayLater (Mua trước trả sau)
TRX_01239,"Nồi Chiên Không Dầu, Khăn Ướt Kháng Khuẩn, Máy Xay Sinh Tố Mini",3,COD (Tiền mặt)
TRX_01240,"Giá Đỡ Laptop Nhôm, Lót Chuột Gaming Khổ Lớn, Bàn Phím Cơ LED RGB, Chuột Không Dây Silent",4,COD (Tiền mặt)
TRX_01241,"Củ Sạc Nhanh 65W, Giày Sneaker Thể Thao, Ốp Lưng Chống Sốc",3,SPayLater (Mua trước trả sau)
TRX_01242,"Nồi Chiên Không Dầu, Ấm Siêu Tốc 2 Lớp, Lót Chuột Gaming Khổ Lớn, Bình Giữ Nhiệt Inox",4,Thẻ Tín Dụng/Ghi Nợ
TRX_01243,"Giá Đỡ Laptop Nhôm, Lót Chuột Gaming Khổ Lớn, Bàn Phím Cơ LED RGB, Chuột Không Dây Silent",4,COD (Tiền mặt)
TRX_01244,"Củ Sạc Nhanh 65W, Kính Cường Lực Full Màn, Cáp Sạc Nhanh Type-C, Ốp Lưng Chống Sốc",4,Thẻ Tín Dụng/Ghi Nợ
TRX_01245,"Nồi Chiên Không Dầu, Ấm Siêu Tốc 2 Lớp, Bình Giữ Nhiệt Inox",3,ShopeePay
TRX_01246,"Kem Chống Nắng Kiềm Dầu, Serum B5 Phục Hồi, Sữa Rửa Mặt Dịu Nhẹ, Nước Tẩy Trang Micellar",4,Thẻ Tín Dụng/Ghi Nợ
TRX_01247,"Khăn Ướt Kháng Khuẩn, Giày Sneaker Thể Thao",2,ShopeePay
TRX_01248,"Tã Bỉm Dán Siêu Thấm, Bình Sữa Chống Sặc",2,SPayLater (Mua trước trả sau)
TRX_01249,"Thảm Tập Yoga, Kính Cường Lực Full Màn, Cáp Sạc Nhanh Type-C, Ốp Lưng Chống Sốc",4,SPayLater (Mua trước trả sau)
TRX_01250,"Kem Chống Nắng Kiềm Dầu, Serum B5 Phục Hồi, Sữa Rửa Mặt Dịu Nhẹ, Nước Tẩy Trang Micellar",4,SPayLater (Mua trước trả sau)
TRX_01251,"Sữa Rửa Mặt Dịu Nhẹ, Ốp Lưng Chống Sốc, Cáp Sạc Nhanh Type-C, Củ Sạc Nhanh 65W, Kính Cường Lực Full Màn",5,ShopeePay
TRX_01252,"Tã Bỉm Dán Siêu Thấm, Khăn Ướt Kháng Khuẩn, Serum B5 Phục Hồi, Thảm Tập Yoga",4,Thẻ Tín Dụng/Ghi Nợ
TRX_01253,"Serum B5 Phục Hồi, Kem Chống Nắng Kiềm Dầu, Nước Tẩy Trang Micellar",3,ShopeePay
TRX_01254,"Giày Sneaker Thể Thao, Áo Thun Unisex Cotton",2,COD (Tiền mặt)
TRX_01255,"Serum B5 Phục Hồi, Kem Chống Nắng Kiềm Dầu, Sữa Rửa Mặt Dịu Nhẹ, Nước Tẩy Trang Micellar",4,COD (Tiền mặt)
TRX_01256,"Quần Jean Baggy, Giày Sneaker Thể Thao, Áo Thun Unisex Cotton, Sữa Rửa Mặt Dịu Nhẹ",4,COD (Tiền mặt)
TRX_01257,"Serum B5 Phục Hồi, Kem Chống Nắng Kiềm Dầu, Sữa Rửa Mặt Dịu Nhẹ, Nước Tẩy Trang Micellar",4,SPayLater (Mua trước trả sau)
TRX_01258,"Sữa Rửa Mặt Dịu Nhẹ, Nước Tẩy Trang Micellar",2,Thẻ Tín Dụng/Ghi Nợ
TRX_01259,"Củ Sạc Nhanh 65W, Bình Nước 2L, Kính Cường Lực Full Màn",3,COD (Tiền mặt)
TRX_01260,"Ấm Siêu Tốc 2 Lớp, Bình Giữ Nhiệt Inox",2,Thẻ Tín Dụng/Ghi Nợ
TRX_01261,"Serum B5 Phục Hồi, Kem Chống Nắng Kiềm Dầu, Nước Tẩy Trang Micellar",3,Thẻ Tín Dụng/Ghi Nợ
TRX_01262,"Serum B5 Phục Hồi, Kem Chống Nắng Kiềm Dầu, Sữa Rửa Mặt Dịu Nhẹ, Nước Tẩy Trang Micellar",4,ShopeePay
TRX_01263,"Giá Đỡ Laptop Nhôm, Lót Chuột Gaming Khổ Lớn, Bàn Phím Cơ LED RGB",3,Thẻ Tín Dụng/Ghi Nợ
TRX_01264,"Giày Sneaker Thể Thao, Áo Thun Unisex Cotton, Nước Tẩy Trang Micellar",3,Thẻ Tín Dụng/Ghi Nợ
TRX_01265,"Nồi Chiên Không Dầu, Khăn Ướt Kháng Khuẩn, Serum B5 Phục Hồi, Lót Chuột Gaming Khổ Lớn",4,ShopeePay
TRX_01266,"Giày Sneaker Thể Thao, Lót Chuột Gaming Khổ Lớn, Áo Thun Unisex Cotton",3,COD (Tiền mặt)
TRX_01267,"Kem Chống Nắng Kiềm Dầu, Sữa Rửa Mặt Dịu Nhẹ, Nước Tẩy Trang Micellar, Máy Xay Sinh Tố Mini, Serum B5 Phục Hồi",5,SPayLater (Mua trước trả sau)
TRX_01268,"Serum B5 Phục Hồi, Kem Chống Nắng Kiềm Dầu, Sữa Rửa Mặt Dịu Nhẹ, Nước Tẩy Trang Micellar",4,COD (Tiền mặt)
TRX_01269,"Serum B5 Phục Hồi, Kem Chống Nắng Kiềm Dầu, Sữa Rửa Mặt Dịu Nhẹ, Nước Tẩy Trang Micellar",4,Thẻ Tín Dụng/Ghi Nợ
TRX_01270,"Serum B5 Phục Hồi, Kem Chống Nắng Kiềm Dầu, Sữa Rửa Mặt Dịu Nhẹ",3,SPayLater (Mua trước trả sau)
TRX_01271,"Tã Bỉm Dán Siêu Thấm, Bình Sữa Chống Sặc",2,COD (Tiền mặt)
TRX_01272,"Quần Jean Baggy, Giày Sneaker Thể Thao",2,ShopeePay
TRX_01273,"Quần Jean Baggy, Giày Sneaker Thể Thao, Bình Sữa Chống Sặc",3,SPayLater (Mua trước trả sau)
TRX_01274,"Nồi Chiên Không Dầu, Ấm Siêu Tốc 2 Lớp, Bàn Phím Cơ LED RGB, Bình Sữa Chống Sặc",4,COD (Tiền mặt)
TRX_01275,"Đèn Bàn Học LED, Ấm Siêu Tốc 2 Lớp, Kính Cường Lực Full Màn, Bàn Phím Cơ LED RGB",4,SPayLater (Mua trước trả sau)
TRX_01276,"Tã Bỉm Dán Siêu Thấm, Khăn Ướt Kháng Khuẩn",2,SPayLater (Mua trước trả sau)
TRX_01277,"Lót Chuột Gaming Khổ Lớn, Bàn Phím Cơ LED RGB, Ốp Lưng Chống Sốc",3,SPayLater (Mua trước trả sau)
TRX_01278,"Kính Cường Lực Full Màn, Sữa Rửa Mặt Dịu Nhẹ, Nước Tẩy Trang Micellar",3,SPayLater (Mua trước trả sau)
TRX_01279,"Giày Sneaker Thể Thao, Áo Thun Unisex Cotton",2,ShopeePay
TRX_01280,"Tã Bỉm Dán Siêu Thấm, Khăn Ướt Kháng Khuẩn, Bình Sữa Chống Sặc",3,COD (Tiền mặt)
TRX_01281,"Bình Giữ Nhiệt Inox, Giá Đỡ Laptop Nhôm, Bình Nước 2L",3,ShopeePay
TRX_01282,"Váy Nữ Dáng Xòe, Áo Thun Unisex Cotton, Nước Tẩy Trang Micellar",3,SPayLater (Mua trước trả sau)
TRX_01283,"Tã Bỉm Dán Siêu Thấm, Khăn Ướt Kháng Khuẩn, Bình Sữa Chống Sặc",3,COD (Tiền mặt)
TRX_01284,"Tã Bỉm Dán Siêu Thấm, Củ Sạc Nhanh 65W",2,Thẻ Tín Dụng/Ghi Nợ
TRX_01285,"Ấm Siêu Tốc 2 Lớp, Bình Giữ Nhiệt Inox",2,ShopeePay
TRX_01286,"Quần Jean Baggy, Áo Thun Unisex Cotton",2,ShopeePay
TRX_01287,"Nồi Chiên Không Dầu, Ấm Siêu Tốc 2 Lớp, Bình Giữ Nhiệt Inox, Chuột Không Dây Silent",4,ShopeePay
TRX_01288,"Nồi Chiên Không Dầu, Ấm Siêu Tốc 2 Lớp, Bình Giữ Nhiệt Inox",3,COD (Tiền mặt)
TRX_01289,"Cáp Sạc Nhanh Type-C, Ốp Lưng Chống Sốc",2,COD (Tiền mặt)
TRX_01290,"Cáp Sạc Nhanh Type-C, Váy Nữ Dáng Xòe, Lót Chuột Gaming Khổ Lớn, Ốp Lưng Chống Sốc",4,Thẻ Tín Dụng/Ghi Nợ
TRX_01291,"Tã Bỉm Dán Siêu Thấm, Đèn Bàn Học LED, Khăn Ướt Kháng Khuẩn, Quần Jean Baggy",4,COD (Tiền mặt)
TRX_01292,"Ấm Siêu Tốc 2 Lớp, Bàn Phím Cơ LED RGB, Bình Giữ Nhiệt Inox",3,ShopeePay
TRX_01293,"Kem Chống Nắng Kiềm Dầu, Kính Cường Lực Full Màn, Sữa Rửa Mặt Dịu Nhẹ",3,COD (Tiền mặt)
TRX_01294,"Quần Jean Baggy, Giày Sneaker Thể Thao",2,Thẻ Tín Dụng/Ghi Nợ
TRX_01295,"Giày Sneaker Thể Thao, Ấm Siêu Tốc 2 Lớp, Kính Cường Lực Full Màn",3,COD (Tiền mặt)
TRX_01296,"Giá Đỡ Laptop Nhôm, Lót Chuột Gaming Khổ Lớn, Bàn Phím Cơ LED RGB, Chuột Không Dây Silent",4,ShopeePay
TRX_01297,"Kem Chống Nắng Kiềm Dầu, Bàn Phím Cơ LED RGB",2,SPayLater (Mua trước trả sau)
TRX_01298,"Quần Jean Baggy, Kính Cường Lực Full Màn, Bình Giữ Nhiệt Inox",3,ShopeePay
TRX_01299,"Củ Sạc Nhanh 65W, Kính Cường Lực Full Màn, Cáp Sạc Nhanh Type-C, Ốp Lưng Chống Sốc",4,ShopeePay
TRX_01300,"Quần Jean Baggy, Giày Sneaker Thể Thao, Áo Thun Unisex Cotton",3,COD (Tiền mặt)
TRX_01301,"Cáp Sạc Nhanh Type-C, Máy Xay Sinh Tố Mini, Serum B5 Phục Hồi, Kem Chống Nắng Kiềm Dầu",4,COD (Tiền mặt)
TRX_01302,"Nồi Chiên Không Dầu, Ấm Siêu Tốc 2 Lớp, Bình Giữ Nhiệt Inox",3,SPayLater (Mua trước trả sau)
TRX_01303,"Khăn Ướt Kháng Khuẩn, Máy Xay Sinh Tố Mini, Bình Sữa Chống Sặc",3,COD (Tiền mặt)
TRX_01304,"Tã Bỉm Dán Siêu Thấm, Khăn Ướt Kháng Khuẩn, Bình Sữa Chống Sặc",3,ShopeePay
TRX_01305,"Khăn Ướt Kháng Khuẩn, Kính Cường Lực Full Màn",2,COD (Tiền mặt)
TRX_01306,"Quần Jean Baggy, Giày Sneaker Thể Thao, Áo Thun Unisex Cotton",3,SPayLater (Mua trước trả sau)
TRX_01307,"Cáp Sạc Nhanh Type-C, Quần Jean Baggy, Nồi Chiên Không Dầu",3,COD (Tiền mặt)
TRX_01308,"Giá Đỡ Laptop Nhôm, Chuột Không Dây Silent",2,ShopeePay
TRX_01309,"Giày Sneaker Thể Thao, Áo Thun Unisex Cotton",2,ShopeePay
TRX_01310,"Đèn Bàn Học LED, Kính Cường Lực Full Màn, Lót Chuột Gaming Khổ Lớn, Chuột Không Dây Silent",4,ShopeePay
TRX_01311,"Ấm Siêu Tốc 2 Lớp, Bình Nước 2L",2,Thẻ Tín Dụng/Ghi Nợ
TRX_01312,"Bình Nước 2L, Kính Cường Lực Full Màn, Chuột Không Dây Silent",3,ShopeePay
TRX_01313,"Tã Bỉm Dán Siêu Thấm, Quần Jean Baggy, Cáp Sạc Nhanh Type-C, Chuột Không Dây Silent",4,SPayLater (Mua trước trả sau)
TRX_01314,"Chuột Không Dây Silent, Bình Sữa Chống Sặc",2,SPayLater (Mua trước trả sau)
TRX_01315,"Nồi Chiên Không Dầu, Ấm Siêu Tốc 2 Lớp, Máy Xay Sinh Tố Mini, Bình Giữ Nhiệt Inox",4,ShopeePay
TRX_01316,"Quần Jean Baggy, Giày Sneaker Thể Thao, Áo Thun Unisex Cotton",3,ShopeePay
TRX_01317,"Kem Chống Nắng Kiềm Dầu, Serum B5 Phục Hồi, Sữa Rửa Mặt Dịu Nhẹ, Nước Tẩy Trang Micellar",4,SPayLater (Mua trước trả sau)
TRX_01318,"Bình Nước 2L, Serum B5 Phục Hồi, Kem Chống Nắng Kiềm Dầu, Bình Giữ Nhiệt Inox",4,COD (Tiền mặt)
TRX_01319,"Nồi Chiên Không Dầu, Bình Giữ Nhiệt Inox",2,ShopeePay
TRX_01320,"Tã Bỉm Dán Siêu Thấm, Khăn Ướt Kháng Khuẩn, Bình Sữa Chống Sặc",3,Thẻ Tín Dụng/Ghi Nợ
TRX_01321,"Bình Nước 2L, Bình Sữa Chống Sặc",2,Thẻ Tín Dụng/Ghi Nợ
TRX_01322,"Quần Jean Baggy, Áo Thun Unisex Cotton",2,Thẻ Tín Dụng/Ghi Nợ
TRX_01323,"Bình Nước 2L, Giá Đỡ Laptop Nhôm, Kem Chống Nắng Kiềm Dầu, Bình Giữ Nhiệt Inox",4,ShopeePay
TRX_01324,"Nồi Chiên Không Dầu, Ấm Siêu Tốc 2 Lớp",2,ShopeePay
TRX_01325,"Giá Đỡ Laptop Nhôm, Ấm Siêu Tốc 2 Lớp, Serum B5 Phục Hồi, Bàn Phím Cơ LED RGB",4,COD (Tiền mặt)
TRX_01326,"Nồi Chiên Không Dầu, Ấm Siêu Tốc 2 Lớp, Bình Giữ Nhiệt Inox",3,SPayLater (Mua trước trả sau)
TRX_01327,"Giá Đỡ Laptop Nhôm, Lót Chuột Gaming Khổ Lớn, Bàn Phím Cơ LED RGB",3,ShopeePay
TRX_01328,"Ấm Siêu Tốc 2 Lớp, Kem Chống Nắng Kiềm Dầu, Chuột Không Dây Silent",3,COD (Tiền mặt)
TRX_01329,"Serum B5 Phục Hồi, Kem Chống Nắng Kiềm Dầu, Sữa Rửa Mặt Dịu Nhẹ, Nước Tẩy Trang Micellar",4,ShopeePay
TRX_01330,"Tã Bỉm Dán Siêu Thấm, Ốp Lưng Chống Sốc",2,SPayLater (Mua trước trả sau)
TRX_01331,"Giá Đỡ Laptop Nhôm, Bàn Phím Cơ LED RGB, Chuột Không Dây Silent",3,ShopeePay
TRX_01332,"Kính Cường Lực Full Màn, Váy Nữ Dáng Xòe, Kem Chống Nắng Kiềm Dầu, Nước Tẩy Trang Micellar",4,Thẻ Tín Dụng/Ghi Nợ
TRX_01333,"Tã Bỉm Dán Siêu Thấm, Bình Sữa Chống Sặc",2,Thẻ Tín Dụng/Ghi Nợ
TRX_01334,"Nồi Chiên Không Dầu, Ấm Siêu Tốc 2 Lớp, Bình Giữ Nhiệt Inox",3,SPayLater (Mua trước trả sau)
TRX_01335,"Serum B5 Phục Hồi, Kem Chống Nắng Kiềm Dầu",2,Thẻ Tín Dụng/Ghi Nợ
TRX_01336,"Quần Jean Baggy, Giá Đỡ Laptop Nhôm, Bàn Phím Cơ LED RGB",3,SPayLater (Mua trước trả sau)
TRX_01337,"Tã Bỉm Dán Siêu Thấm, Giày Sneaker Thể Thao, Ốp Lưng Chống Sốc",3,ShopeePay
TRX_01338,"Tã Bỉm Dán Siêu Thấm, Khăn Ướt Kháng Khuẩn, Bình Sữa Chống Sặc",3,SPayLater (Mua trước trả sau)
TRX_01339,"Giá Đỡ Laptop Nhôm, Lót Chuột Gaming Khổ Lớn, Bàn Phím Cơ LED RGB, Chuột Không Dây Silent",4,Thẻ Tín Dụng/Ghi Nợ
TRX_01340,"Giày Sneaker Thể Thao, Chuột Không Dây Silent",2,COD (Tiền mặt)
TRX_01341,"Tã Bỉm Dán Siêu Thấm, Chuột Không Dây Silent, Khăn Ướt Kháng Khuẩn, Bình Sữa Chống Sặc",4,COD (Tiền mặt)
TRX_01342,"Tã Bỉm Dán Siêu Thấm, Ấm Siêu Tốc 2 Lớp, Bình Giữ Nhiệt Inox",3,SPayLater (Mua trước trả sau)
TRX_01343,"Quần Jean Baggy, Giày Sneaker Thể Thao, Áo Thun Unisex Cotton",3,Thẻ Tín Dụng/Ghi Nợ
TRX_01344,"Nồi Chiên Không Dầu, Ấm Siêu Tốc 2 Lớp, Bình Giữ Nhiệt Inox",3,ShopeePay
TRX_01345,"Tã Bỉm Dán Siêu Thấm, Giá Đỡ Laptop Nhôm, Lót Chuột Gaming Khổ Lớn, Sữa Rửa Mặt Dịu Nhẹ",4,Thẻ Tín Dụng/Ghi Nợ
TRX_01346,"Quần Jean Baggy, Giày Sneaker Thể Thao",2,Thẻ Tín Dụng/Ghi Nợ
TRX_01347,"Nồi Chiên Không Dầu, Ấm Siêu Tốc 2 Lớp, Bình Giữ Nhiệt Inox",3,Thẻ Tín Dụng/Ghi Nợ
TRX_01348,"Kem Chống Nắng Kiềm Dầu, Sữa Rửa Mặt Dịu Nhẹ, Nước Tẩy Trang Micellar, Giày Sneaker Thể Thao, Serum B5 Phục Hồi",5,SPayLater (Mua trước trả sau)
TRX_01349,"Khăn Ướt Kháng Khuẩn, Ốp Lưng Chống Sốc, Cáp Sạc Nhanh Type-C, Củ Sạc Nhanh 65W, Kính Cường Lực Full Màn",5,COD (Tiền mặt)
TRX_01350,"Khăn Ướt Kháng Khuẩn, Bình Sữa Chống Sặc",2,ShopeePay
TRX_01351,"Chuột Không Dây Silent, Lót Chuột Gaming Khổ Lớn, Bàn Phím Cơ LED RGB",3,SPayLater (Mua trước trả sau)
TRX_01352,"Serum B5 Phục Hồi, Kem Chống Nắng Kiềm Dầu, Sữa Rửa Mặt Dịu Nhẹ, Nước Tẩy Trang Micellar",4,COD (Tiền mặt)
TRX_01353,"Thảm Tập Yoga, Váy Nữ Dáng Xòe, Sữa Rửa Mặt Dịu Nhẹ, Bàn Phím Cơ LED RGB",4,ShopeePay
TRX_01354,"Nồi Chiên Không Dầu, Ấm Siêu Tốc 2 Lớp, Bình Giữ Nhiệt Inox",3,ShopeePay
TRX_01355,"Giá Đỡ Laptop Nhôm, Lót Chuột Gaming Khổ Lớn",2,SPayLater (Mua trước trả sau)
TRX_01356,"Củ Sạc Nhanh 65W, Kính Cường Lực Full Màn",2,Thẻ Tín Dụng/Ghi Nợ
TRX_01357,"Giá Đỡ Laptop Nhôm, Bình Giữ Nhiệt Inox, Chuột Không Dây Silent",3,Thẻ Tín Dụng/Ghi Nợ
TRX_01358,"Quần Jean Baggy, Giày Sneaker Thể Thao",2,ShopeePay
TRX_01359,"Giá Đỡ Laptop Nhôm, Chuột Không Dây Silent",2,COD (Tiền mặt)
TRX_01360,"Khăn Ướt Kháng Khuẩn, Nồi Chiên Không Dầu, Bình Nước 2L, Kính Cường Lực Full Màn",4,COD (Tiền mặt)
TRX_01361,"Ấm Siêu Tốc 2 Lớp, Ốp Lưng Chống Sốc",2,COD (Tiền mặt)
TRX_01362,"Củ Sạc Nhanh 65W, Đèn Bàn Học LED, Kính Cường Lực Full Màn, Chuột Không Dây Silent",4,Thẻ Tín Dụng/Ghi Nợ
TRX_01363,"Quần Jean Baggy, Giày Sneaker Thể Thao, Áo Thun Unisex Cotton",3,ShopeePay
TRX_01364,"Tã Bỉm Dán Siêu Thấm, Khăn Ướt Kháng Khuẩn, Bình Sữa Chống Sặc",3,COD (Tiền mặt)
TRX_01365,"Cáp Sạc Nhanh Type-C, Bình Sữa Chống Sặc",2,Thẻ Tín Dụng/Ghi Nợ
TRX_01366,"Tã Bỉm Dán Siêu Thấm, Khăn Ướt Kháng Khuẩn, Bình Nước 2L, Bình Sữa Chống Sặc",4,SPayLater (Mua trước trả sau)
TRX_01367,"Giá Đỡ Laptop Nhôm, Áo Thun Unisex Cotton, Bình Giữ Nhiệt Inox",3,Thẻ Tín Dụng/Ghi Nợ
TRX_01368,"Quần Jean Baggy, Giày Sneaker Thể Thao, Áo Thun Unisex Cotton",3,ShopeePay
TRX_01369,"Củ Sạc Nhanh 65W, Cáp Sạc Nhanh Type-C, Ốp Lưng Chống Sốc",3,COD (Tiền mặt)
TRX_01370,"Tã Bỉm Dán Siêu Thấm, Bình Sữa Chống Sặc",2,ShopeePay
TRX_01371,"Khăn Ướt Kháng Khuẩn, Bình Giữ Nhiệt Inox",2,ShopeePay
TRX_01372,"Củ Sạc Nhanh 65W, Kem Chống Nắng Kiềm Dầu, Ốp Lưng Chống Sốc",3,COD (Tiền mặt)
TRX_01373,"Tã Bỉm Dán Siêu Thấm, Khăn Ướt Kháng Khuẩn",2,Thẻ Tín Dụng/Ghi Nợ
TRX_01374,"Serum B5 Phục Hồi, Kem Chống Nắng Kiềm Dầu, Nước Tẩy Trang Micellar",3,SPayLater (Mua trước trả sau)
TRX_01375,"Giá Đỡ Laptop Nhôm, Lót Chuột Gaming Khổ Lớn, Bàn Phím Cơ LED RGB, Chuột Không Dây Silent",4,SPayLater (Mua trước trả sau)
TRX_01376,"Bàn Phím Cơ LED RGB, Chuột Không Dây Silent",2,Thẻ Tín Dụng/Ghi Nợ
TRX_01377,"Máy Xay Sinh Tố Mini, Kem Chống Nắng Kiềm Dầu, Bàn Phím Cơ LED RGB",3,SPayLater (Mua trước trả sau)
TRX_01378,"Váy Nữ Dáng Xòe, Áo Thun Unisex Cotton",2,Thẻ Tín Dụng/Ghi Nợ
TRX_01379,"Serum B5 Phục Hồi, Kem Chống Nắng Kiềm Dầu, Nước Tẩy Trang Micellar",3,ShopeePay
TRX_01380,"Củ Sạc Nhanh 65W, Kính Cường Lực Full Màn, Cáp Sạc Nhanh Type-C, Ốp Lưng Chống Sốc",4,ShopeePay
TRX_01381,"Giá Đỡ Laptop Nhôm, Lót Chuột Gaming Khổ Lớn",2,Thẻ Tín Dụng/Ghi Nợ
TRX_01382,"Giá Đỡ Laptop Nhôm, Lót Chuột Gaming Khổ Lớn, Bàn Phím Cơ LED RGB, Chuột Không Dây Silent",4,SPayLater (Mua trước trả sau)
TRX_01383,"Chuột Không Dây Silent, Giá Đỡ Laptop Nhôm, Lót Chuột Gaming Khổ Lớn, Bàn Phím Cơ LED RGB",4,SPayLater (Mua trước trả sau)
TRX_01384,"Thảm Tập Yoga, Kem Chống Nắng Kiềm Dầu, Sữa Rửa Mặt Dịu Nhẹ",3,ShopeePay
TRX_01385,"Giá Đỡ Laptop Nhôm, Chuột Không Dây Silent",2,Thẻ Tín Dụng/Ghi Nợ
TRX_01386,"Nồi Chiên Không Dầu, Bình Giữ Nhiệt Inox",2,Thẻ Tín Dụng/Ghi Nợ
TRX_01387,"Áo Thun Unisex Cotton, Kem Chống Nắng Kiềm Dầu, Sữa Rửa Mặt Dịu Nhẹ",3,ShopeePay
TRX_01388,"Quần Jean Baggy, Giày Sneaker Thể Thao",2,COD (Tiền mặt)
TRX_01389,"Quần Jean Baggy, Giày Sneaker Thể Thao, Áo Thun Unisex Cotton",3,SPayLater (Mua trước trả sau)
TRX_01390,"Đèn Bàn Học LED, Ốp Lưng Chống Sốc, Cáp Sạc Nhanh Type-C, Củ Sạc Nhanh 65W, Kính Cường Lực Full Màn",5,SPayLater (Mua trước trả sau)
TRX_01391,"Serum B5 Phục Hồi, Nước Tẩy Trang Micellar",2,SPayLater (Mua trước trả sau)
TRX_01392,"Nồi Chiên Không Dầu, Ấm Siêu Tốc 2 Lớp, Bình Giữ Nhiệt Inox",3,Thẻ Tín Dụng/Ghi Nợ
TRX_01393,"Giá Đỡ Laptop Nhôm, Ấm Siêu Tốc 2 Lớp",2,Thẻ Tín Dụng/Ghi Nợ
TRX_01394,"Khăn Ướt Kháng Khuẩn, Giá Đỡ Laptop Nhôm, Máy Xay Sinh Tố Mini",3,Thẻ Tín Dụng/Ghi Nợ
TRX_01395,"Lót Chuột Gaming Khổ Lớn, Chuột Không Dây Silent",2,ShopeePay
TRX_01396,"Nồi Chiên Không Dầu, Ấm Siêu Tốc 2 Lớp, Bình Giữ Nhiệt Inox",3,Thẻ Tín Dụng/Ghi Nợ
TRX_01397,"Serum B5 Phục Hồi, Kem Chống Nắng Kiềm Dầu, Sữa Rửa Mặt Dịu Nhẹ, Nước Tẩy Trang Micellar",4,Thẻ Tín Dụng/Ghi Nợ
TRX_01398,"Quần Jean Baggy, Giày Sneaker Thể Thao, Áo Thun Unisex Cotton",3,COD (Tiền mặt)
TRX_01399,"Đèn Bàn Học LED, Nồi Chiên Không Dầu, Bình Sữa Chống Sặc",3,ShopeePay
TRX_01400,"Giá Đỡ Laptop Nhôm, Bàn Phím Cơ LED RGB, Chuột Không Dây Silent",3,Thẻ Tín Dụng/Ghi Nợ
TRX_01401,"Giá Đỡ Laptop Nhôm, Lót Chuột Gaming Khổ Lớn",2,COD (Tiền mặt)
TRX_01402,"Nồi Chiên Không Dầu, Kem Chống Nắng Kiềm Dầu, Chuột Không Dây Silent, Nước Tẩy Trang Micellar",4,ShopeePay
TRX_01403,"Nồi Chiên Không Dầu, Máy Xay Sinh Tố Mini, Sữa Rửa Mặt Dịu Nhẹ",3,ShopeePay
TRX_01404,"Giá Đỡ Laptop Nhôm, Bàn Phím Cơ LED RGB, Chuột Không Dây Silent",3,COD (Tiền mặt)
TRX_01405,"Cáp Sạc Nhanh Type-C, Ốp Lưng Chống Sốc",2,SPayLater (Mua trước trả sau)
TRX_01406,"Khăn Ướt Kháng Khuẩn, Kính Cường Lực Full Màn, Cáp Sạc Nhanh Type-C, Ốp Lưng Chống Sốc",4,COD (Tiền mặt)
TRX_01407,"Quần Jean Baggy, Giày Sneaker Thể Thao, Áo Thun Unisex Cotton, Ốp Lưng Chống Sốc",4,ShopeePay
TRX_01408,"Lót Chuột Gaming Khổ Lớn, Bàn Phím Cơ LED RGB, Chuột Không Dây Silent",3,SPayLater (Mua trước trả sau)
TRX_01409,"Giá Đỡ Laptop Nhôm, Lót Chuột Gaming Khổ Lớn, Bàn Phím Cơ LED RGB, Chuột Không Dây Silent",4,COD (Tiền mặt)
TRX_01410,"Củ Sạc Nhanh 65W, Cáp Sạc Nhanh Type-C, Ốp Lưng Chống Sốc",3,SPayLater (Mua trước trả sau)
TRX_01411,"Quần Jean Baggy, Giày Sneaker Thể Thao",2,Thẻ Tín Dụng/Ghi Nợ
TRX_01412,"Giày Sneaker Thể Thao, Áo Thun Unisex Cotton",2,COD (Tiền mặt)
TRX_01413,"Giày Sneaker Thể Thao, Áo Thun Unisex Cotton",2,ShopeePay
TRX_01414,"Máy Xay Sinh Tố Mini, Cáp Sạc Nhanh Type-C, Ốp Lưng Chống Sốc",3,ShopeePay
TRX_01415,"Nồi Chiên Không Dầu, Bình Nước 2L, Máy Xay Sinh Tố Mini",3,ShopeePay
TRX_01416,"Ấm Siêu Tốc 2 Lớp, Serum B5 Phục Hồi, Thảm Tập Yoga, Nước Tẩy Trang Micellar",4,ShopeePay
TRX_01417,"Serum B5 Phục Hồi, Sữa Rửa Mặt Dịu Nhẹ, Nước Tẩy Trang Micellar",3,COD (Tiền mặt)
TRX_01418,"Tã Bỉm Dán Siêu Thấm, Giá Đỡ Laptop Nhôm, Cáp Sạc Nhanh Type-C",3,COD (Tiền mặt)
TRX_01419,"Nồi Chiên Không Dầu, Ấm Siêu Tốc 2 Lớp",2,Thẻ Tín Dụng/Ghi Nợ
TRX_01420,"Củ Sạc Nhanh 65W, Kính Cường Lực Full Màn",2,COD (Tiền mặt)
TRX_01421,"Bàn Phím Cơ LED RGB, Nước Tẩy Trang Micellar",2,Thẻ Tín Dụng/Ghi Nợ
TRX_01422,"Quần Jean Baggy, Giày Sneaker Thể Thao, Áo Thun Unisex Cotton",3,COD (Tiền mặt)
TRX_01423,"Củ Sạc Nhanh 65W, Giá Đỡ Laptop Nhôm, Kính Cường Lực Full Màn, Bình Giữ Nhiệt Inox",4,COD (Tiền mặt)
TRX_01424,"Chuột Không Dây Silent, Giá Đỡ Laptop Nhôm, Lót Chuột Gaming Khổ Lớn, Bàn Phím Cơ LED RGB",4,ShopeePay
TRX_01425,"Giày Sneaker Thể Thao, Máy Xay Sinh Tố Mini, Áo Thun Unisex Cotton",3,COD (Tiền mặt)
TRX_01426,"Nồi Chiên Không Dầu, Ấm Siêu Tốc 2 Lớp, Kem Chống Nắng Kiềm Dầu, Bình Giữ Nhiệt Inox",4,Thẻ Tín Dụng/Ghi Nợ
TRX_01427,"Giá Đỡ Laptop Nhôm, Bàn Phím Cơ LED RGB, Chuột Không Dây Silent",3,ShopeePay
TRX_01428,"Kính Cường Lực Full Màn, Váy Nữ Dáng Xòe, Nước Tẩy Trang Micellar",3,Thẻ Tín Dụng/Ghi Nợ
TRX_01429,"Nồi Chiên Không Dầu, Sữa Rửa Mặt Dịu Nhẹ, Nước Tẩy Trang Micellar",3,SPayLater (Mua trước trả sau)
TRX_01430,"Khăn Ướt Kháng Khuẩn, Bàn Phím Cơ LED RGB",2,ShopeePay
TRX_01431,"Nồi Chiên Không Dầu, Ấm Siêu Tốc 2 Lớp",2,SPayLater (Mua trước trả sau)
TRX_01432,"Váy Nữ Dáng Xòe, Giày Sneaker Thể Thao, Giá Đỡ Laptop Nhôm, Ốp Lưng Chống Sốc",4,SPayLater (Mua trước trả sau)
TRX_01433,"Nồi Chiên Không Dầu, Ấm Siêu Tốc 2 Lớp, Bình Giữ Nhiệt Inox",3,SPayLater (Mua trước trả sau)
TRX_01434,"Quần Jean Baggy, Giày Sneaker Thể Thao",2,ShopeePay
TRX_01435,"Quần Jean Baggy, Giày Sneaker Thể Thao, Áo Thun Unisex Cotton",3,COD (Tiền mặt)
TRX_01436,"Giày Sneaker Thể Thao, Lót Chuột Gaming Khổ Lớn, Bàn Phím Cơ LED RGB",3,ShopeePay
TRX_01437,"Củ Sạc Nhanh 65W, Ốp Lưng Chống Sốc",2,ShopeePay
TRX_01438,"Bình Nước 2L, Serum B5 Phục Hồi, Nước Tẩy Trang Micellar",3,ShopeePay
TRX_01439,"Serum B5 Phục Hồi, Sữa Rửa Mặt Dịu Nhẹ",2,SPayLater (Mua trước trả sau)
TRX_01440,"Giá Đỡ Laptop Nhôm, Lót Chuột Gaming Khổ Lớn, Chuột Không Dây Silent",3,Thẻ Tín Dụng/Ghi Nợ
TRX_01441,"Quần Jean Baggy, Áo Thun Unisex Cotton",2,SPayLater (Mua trước trả sau)
TRX_01442,"Tã Bỉm Dán Siêu Thấm, Máy Xay Sinh Tố Mini, Bình Sữa Chống Sặc",3,Thẻ Tín Dụng/Ghi Nợ
TRX_01443,"Ấm Siêu Tốc 2 Lớp, Máy Xay Sinh Tố Mini, Bình Sữa Chống Sặc",3,ShopeePay
TRX_01444,"Serum B5 Phục Hồi, Kem Chống Nắng Kiềm Dầu",2,Thẻ Tín Dụng/Ghi Nợ
TRX_01445,"Khăn Ướt Kháng Khuẩn, Máy Xay Sinh Tố Mini, Bình Giữ Nhiệt Inox, Bình Sữa Chống Sặc",4,ShopeePay
TRX_01446,"Serum B5 Phục Hồi, Nước Tẩy Trang Micellar",2,Thẻ Tín Dụng/Ghi Nợ
TRX_01447,"Giá Đỡ Laptop Nhôm, Lót Chuột Gaming Khổ Lớn, Bàn Phím Cơ LED RGB, Chuột Không Dây Silent",4,COD (Tiền mặt)
TRX_01448,"Củ Sạc Nhanh 65W, Kính Cường Lực Full Màn, Cáp Sạc Nhanh Type-C, Ốp Lưng Chống Sốc",4,COD (Tiền mặt)
TRX_01449,"Áo Thun Unisex Cotton, Nồi Chiên Không Dầu, Máy Xay Sinh Tố Mini, Kem Chống Nắng Kiềm Dầu",4,ShopeePay
TRX_01450,"Kem Chống Nắng Kiềm Dầu, Serum B5 Phục Hồi, Sữa Rửa Mặt Dịu Nhẹ, Nước Tẩy Trang Micellar",4,SPayLater (Mua trước trả sau)
TRX_01451,"Nồi Chiên Không Dầu, Lót Chuột Gaming Khổ Lớn, Bàn Phím Cơ LED RGB, Nước Tẩy Trang Micellar",4,Thẻ Tín Dụng/Ghi Nợ
TRX_01452,"Bàn Phím Cơ LED RGB, Chuột Không Dây Silent, Thảm Tập Yoga, Lót Chuột Gaming Khổ Lớn, Giá Đỡ Laptop Nhôm",5,Thẻ Tín Dụng/Ghi Nợ
TRX_01453,"Giày Sneaker Thể Thao, Áo Thun Unisex Cotton",2,Thẻ Tín Dụng/Ghi Nợ
TRX_01454,"Quần Jean Baggy, Giày Sneaker Thể Thao, Kính Cường Lực Full Màn, Sữa Rửa Mặt Dịu Nhẹ",4,SPayLater (Mua trước trả sau)
TRX_01455,"Nồi Chiên Không Dầu, Ấm Siêu Tốc 2 Lớp, Kem Chống Nắng Kiềm Dầu",3,ShopeePay
TRX_01456,"Tã Bỉm Dán Siêu Thấm, Khăn Ướt Kháng Khuẩn, Bình Sữa Chống Sặc",3,Thẻ Tín Dụng/Ghi Nợ
TRX_01457,"Giá Đỡ Laptop Nhôm, Lót Chuột Gaming Khổ Lớn, Chuột Không Dây Silent, Nước Tẩy Trang Micellar",4,ShopeePay
TRX_01458,"Ốp Lưng Chống Sốc, Cáp Sạc Nhanh Type-C, Củ Sạc Nhanh 65W, Nồi Chiên Không Dầu, Kính Cường Lực Full Màn",5,COD (Tiền mặt)
TRX_01459,"Củ Sạc Nhanh 65W, Cáp Sạc Nhanh Type-C, Ốp Lưng Chống Sốc",3,SPayLater (Mua trước trả sau)
TRX_01460,"Chuột Không Dây Silent, Giá Đỡ Laptop Nhôm, Lót Chuột Gaming Khổ Lớn, Bàn Phím Cơ LED RGB",4,ShopeePay
TRX_01461,"Khăn Ướt Kháng Khuẩn, Thảm Tập Yoga, Chuột Không Dây Silent",3,COD (Tiền mặt)
TRX_01462,"Serum B5 Phục Hồi, Sữa Rửa Mặt Dịu Nhẹ, Nước Tẩy Trang Micellar",3,SPayLater (Mua trước trả sau)
TRX_01463,"Giá Đỡ Laptop Nhôm, Lót Chuột Gaming Khổ Lớn, Bàn Phím Cơ LED RGB, Chuột Không Dây Silent",4,ShopeePay
TRX_01464,"Bình Nước 2L, Ấm Siêu Tốc 2 Lớp",2,SPayLater (Mua trước trả sau)
TRX_01465,"Củ Sạc Nhanh 65W, Ốp Lưng Chống Sốc",2,SPayLater (Mua trước trả sau)
TRX_01466,"Nồi Chiên Không Dầu, Váy Nữ Dáng Xòe, Quần Jean Baggy",3,COD (Tiền mặt)
TRX_01467,"Tã Bỉm Dán Siêu Thấm, Khăn Ướt Kháng Khuẩn, Bình Sữa Chống Sặc",3,Thẻ Tín Dụng/Ghi Nợ
TRX_01468,"Giá Đỡ Laptop Nhôm, Lót Chuột Gaming Khổ Lớn, Chuột Không Dây Silent",3,Thẻ Tín Dụng/Ghi Nợ
TRX_01469,"Giá Đỡ Laptop Nhôm, Bình Giữ Nhiệt Inox",2,COD (Tiền mặt)
TRX_01470,"Củ Sạc Nhanh 65W, Kính Cường Lực Full Màn, Cáp Sạc Nhanh Type-C, Ốp Lưng Chống Sốc",4,SPayLater (Mua trước trả sau)
TRX_01471,"Tã Bỉm Dán Siêu Thấm, Khăn Ướt Kháng Khuẩn",2,SPayLater (Mua trước trả sau)
TRX_01472,"Nồi Chiên Không Dầu, Ấm Siêu Tốc 2 Lớp",2,ShopeePay
TRX_01473,"Kính Cường Lực Full Màn, Serum B5 Phục Hồi, Máy Xay Sinh Tố Mini, Bình Giữ Nhiệt Inox",4,Thẻ Tín Dụng/Ghi Nợ
TRX_01474,"Giá Đỡ Laptop Nhôm, Lót Chuột Gaming Khổ Lớn, Bàn Phím Cơ LED RGB, Chuột Không Dây Silent",4,Thẻ Tín Dụng/Ghi Nợ
TRX_01475,"Sữa Rửa Mặt Dịu Nhẹ, Ốp Lưng Chống Sốc, Cáp Sạc Nhanh Type-C, Củ Sạc Nhanh 65W, Kính Cường Lực Full Màn",5,COD (Tiền mặt)
TRX_01476,"Nồi Chiên Không Dầu, Ấm Siêu Tốc 2 Lớp, Bình Giữ Nhiệt Inox",3,ShopeePay
TRX_01477,"Lót Chuột Gaming Khổ Lớn, Bàn Phím Cơ LED RGB, Chuột Không Dây Silent",3,SPayLater (Mua trước trả sau)
TRX_01478,"Nồi Chiên Không Dầu, Ấm Siêu Tốc 2 Lớp, Váy Nữ Dáng Xòe, Bình Giữ Nhiệt Inox",4,SPayLater (Mua trước trả sau)
TRX_01479,"Nồi Chiên Không Dầu, Giày Sneaker Thể Thao, Bàn Phím Cơ LED RGB, Bình Giữ Nhiệt Inox",4,ShopeePay
TRX_01480,"Giá Đỡ Laptop Nhôm, Lót Chuột Gaming Khổ Lớn",2,SPayLater (Mua trước trả sau)
TRX_01481,"Kem Chống Nắng Kiềm Dầu, Sữa Rửa Mặt Dịu Nhẹ, Áo Thun Unisex Cotton, Nước Tẩy Trang Micellar, Serum B5 Phục Hồi",5,COD (Tiền mặt)
TRX_01482,"Quần Jean Baggy, Giày Sneaker Thể Thao, Áo Thun Unisex Cotton",3,SPayLater (Mua trước trả sau)
TRX_01483,"Giá Đỡ Laptop Nhôm, Bàn Phím Cơ LED RGB, Chuột Không Dây Silent",3,ShopeePay
TRX_01484,"Nồi Chiên Không Dầu, Ấm Siêu Tốc 2 Lớp, Bàn Phím Cơ LED RGB, Bình Giữ Nhiệt Inox",4,ShopeePay
TRX_01485,"Nồi Chiên Không Dầu, Ấm Siêu Tốc 2 Lớp, Bình Giữ Nhiệt Inox, Ốp Lưng Chống Sốc",4,Thẻ Tín Dụng/Ghi Nợ
TRX_01486,"Củ Sạc Nhanh 65W, Cáp Sạc Nhanh Type-C, Bàn Phím Cơ LED RGB",3,SPayLater (Mua trước trả sau)
TRX_01487,"Máy Xay Sinh Tố Mini, Sữa Rửa Mặt Dịu Nhẹ",2,COD (Tiền mặt)
TRX_01488,"Kem Chống Nắng Kiềm Dầu, Áo Thun Unisex Cotton",2,Thẻ Tín Dụng/Ghi Nợ
TRX_01489,"Serum B5 Phục Hồi, Kem Chống Nắng Kiềm Dầu",2,Thẻ Tín Dụng/Ghi Nợ
TRX_01490,"Tã Bỉm Dán Siêu Thấm, Khăn Ướt Kháng Khuẩn, Bình Sữa Chống Sặc",3,ShopeePay
TRX_01491,"Kem Chống Nắng Kiềm Dầu, Serum B5 Phục Hồi, Sữa Rửa Mặt Dịu Nhẹ",3,SPayLater (Mua trước trả sau)
TRX_01492,"Cáp Sạc Nhanh Type-C, Ốp Lưng Chống Sốc",2,SPayLater (Mua trước trả sau)
TRX_01493,"Đèn Bàn Học LED, Bình Nước 2L, Cáp Sạc Nhanh Type-C",3,COD (Tiền mặt)
TRX_01494,"Kem Chống Nắng Kiềm Dầu, Serum B5 Phục Hồi, Sữa Rửa Mặt Dịu Nhẹ, Nước Tẩy Trang Micellar",4,ShopeePay
TRX_01495,"Nồi Chiên Không Dầu, Ấm Siêu Tốc 2 Lớp, Máy Xay Sinh Tố Mini, Bình Giữ Nhiệt Inox",4,ShopeePay
TRX_01496,"Giày Sneaker Thể Thao, Sữa Rửa Mặt Dịu Nhẹ",2,SPayLater (Mua trước trả sau)
TRX_01497,"Nồi Chiên Không Dầu, Bình Giữ Nhiệt Inox",2,SPayLater (Mua trước trả sau)
TRX_01498,"Quần Jean Baggy, Áo Thun Unisex Cotton",2,SPayLater (Mua trước trả sau)
TRX_01499,"Nồi Chiên Không Dầu, Ấm Siêu Tốc 2 Lớp, Bình Giữ Nhiệt Inox",3,COD (Tiền mặt)
TRX_01500,"Quần Jean Baggy, Váy Nữ Dáng Xòe, Bàn Phím Cơ LED RGB",3,Thẻ Tín Dụng/Ghi Nợ
