product_id,product_name,category,shop_type,shop_location,price,discount_rate,is_megasale,shipping_fee,view_count,favorite_count,historical_sold,monthly_sold,rating_star,rating_count,shop_rating,chat_response_rate,ship_on_time_rate,avg_delivery_days,return_rate,bad_review_rate,growth_potential,risk_level
SP_00001,[Shop Yêu Thích] Củ Sạc Nhanh 65W GaN Type-C Đa Năng Mã SP-0001,Điện Thoại & Phụ Kiện,Shop Yêu Thích,Nước Ngoài (Trung Quốc),1978000,10,0,45000,7539,179,856,265,4.13,453,3.9,91.0,95.6,3.6,10.51,15.51,Trung Bình,Cao
SP_00002,[Shop Yêu Thích+] Quần Jean Baggy Form Rộng Thế Hệ Mới Mã SP-0002,Thời Trang Nam/Nữ,Shop Yêu Thích+,Nước Ngoài (Trung Quốc),343000,10,1,22000,45651,3043,4968,3717,4.07,2560,3.92,81.4,99.4,4.3,16.03,24.7,Trung Bình,Cao
SP_00003,[Shopee Mall] Quạt Cây Đứng Điều Khiển Từ Xa Hot Trend Mã SP-0003,Thiết Bị Điện Gia Dụng,Shopee Mall,TP. Hồ Chí Minh,525000,15,0,0,20251,1405,3064,697,4.8,1377,4.83,78.0,88.1,6.2,5.68,3.24,Tiềm Năng Cao,Trung Bình
SP_00004,[Shop Thường] Bình Nước Thể Thao 2 Lít Có Vạch Chia Thông Minh Mã SP-0004,Thể Thao & Du Lịch,Shop Thường,Cần Thơ,413000,20,0,45000,14194,1701,1030,45,3.99,443,4.06,76.3,89.0,6.2,16.71,16.5,Trung Bình,Cao
SP_00005,[Shop Yêu Thích] Bánh Quy Bơ Phô Mai Giòn Rụm Giá Rẻ Mã SP-0005,Bách Hóa Online,Shop Yêu Thích,Bình Dương,296000,10,1,45000,3044,230,677,261,4.62,346,4.45,71.4,86.3,2.0,5.52,4.06,Trung Bình,Cao
SP_00006,[Shop Thường] Ốp Lưng Chống Sốc Trong Suốt Thế Hệ Mới Mã SP-0006,Điện Thoại & Phụ Kiện,Shop Thường,Đồng Nai,4484000,20,0,0,3043,410,996,129,3.67,348,4.62,83.6,91.4,6.3,16.7,15.11,Rủi Ro / Kém,Cao
SP_00007,[Shop Yêu Thích+] Lót Chuột Gaming Khổ Lớn 80x30cm Chính Hãng Mã SP-0007,Máy Tính & Laptop,Shop Yêu Thích+,TP. Hồ Chí Minh,4308000,60,1,15000,1397,125,562,434,4.64,283,3.98,80.9,86.7,6.4,6.95,1.58,Trung Bình,Cao
SP_00008,[Shopee Mall] Củ Sạc Nhanh 65W GaN Type-C Giá Rẻ Mã SP-0008,Điện Thoại & Phụ Kiện,Shopee Mall,Đồng Nai,1180000,10,0,45000,30668,3031,7911,2284,4.29,4688,4.0,79.4,88.0,6.5,13.42,19.83,Trung Bình,Cao
SP_00009,[Shop Yêu Thích] Cà Phê Rang Xay Nguyên Chất Đậm Vị Hot Trend Mã SP-0009,Bách Hóa Online,Shop Yêu Thích,Đồng Nai,90000,25,1,45000,14286,417,2539,166,3.83,1102,4.08,78.4,92.6,3.9,11.82,27.53,Rủi Ro / Kém,Cao
SP_00010,[Shop Thường] Hạt Dinh Dưỡng Hạnh Nhân Óc Chó Mix Giá Rẻ Mã SP-0010,Bách Hóa Online,Shop Thường,Bình Dương,219000,5,1,30000,18968,2509,1139,702,4.12,530,4.23,95.9,90.0,2.7,6.76,20.11,Trung Bình,Cao
SP_00011,[Shop Yêu Thích] Giá Đỡ Laptop Nhôm Tản Nhiệt Gấp Gọn Giá Rẻ Mã SP-0011,Máy Tính & Laptop,Shop Yêu Thích,Bình Dương,767000,40,1,45000,811,73,83,72,4.48,35,3.92,76.4,92.2,3.5,4.85,18.23,Rủi Ro / Kém,Cao
SP_00012,[Shop Thường] Gối Cao Su Non Công Thái Học Đa Năng Mã SP-0012,Nhà Cửa & Đời Sống,Shop Thường,TP. Hồ Chí Minh,594000,40,1,15000,53053,1464,10219,1998,3.83,5458,4.03,95.6,92.4,2.3,17.93,10.16,Rủi Ro / Kém,Cao
SP_00013,[Shop Yêu Thích] Kính Cường Lực 9D Full Màn Chính Hãng Mã SP-0013,Điện Thoại & Phụ Kiện,Shop Yêu Thích,Cần Thơ,3457000,5,0,45000,27296,2743,3644,1085,4.39,1559,4.1,90.1,88.9,3.1,7.85,11.53,Trung Bình,Trung Bình
SP_00014,[Shopee Mall] Gối Cao Su Non Công Thái Học Chống Nước Mã SP-0014,Nhà Cửa & Đời Sống,Shopee Mall,Nước Ngoài (Trung Quốc),34000,40,1,45000,4080,120,458,108,4.99,155,5.0,78.5,88.6,3.7,4.85,1.86,Rủi Ro / Kém,Thấp
SP_00015,[Shop Yêu Thích+] Thảm Tập Yoga TPE 2 Lớp Chống Trượt Siêu Bền Mã SP-0015,Thể Thao & Du Lịch,Shop Yêu Thích+,Bình Dương,131000,10,0,0,3510,198,452,30,3.73,255,4.69,84.7,88.9,6.0,16.27,10.49,Rủi Ro / Kém,Cao
SP_00016,[Shop Yêu Thích+] Bình Giữ Nhiệt Inox 304 800ml Cao Cấp Mã SP-0016,Nhà Cửa & Đời Sống,Shop Yêu Thích+,Nước Ngoài (Trung Quốc),158000,20,1,30000,3539,75,626,306,4.14,201,4.46,86.6,90.5,3.6,4.61,17.85,Trung Bình,Cao
SP_00017,[Shop Yêu Thích] Váy Nữ Dáng Xòe Vintage Hot Trend Mã SP-0017,Thời Trang Nam/Nữ,Shop Yêu Thích,Nước Ngoài (Trung Quốc),741000,5,0,45000,5941,598,866,158,4.11,321,4.86,75.3,96.8,3.6,6.6,32.96,Trung Bình,Cao
SP_00018,[Shop Yêu Thích] Tã Bỉm Dán Siêu Thấm Hút Ban Đêm Đa Năng Mã SP-0018,Mẹ & Bé,Shop Yêu Thích,Đà Nẵng,135000,30,1,0,11658,1470,1696,546,3.83,665,4.83,82.0,94.8,2.9,5.01,28.88,Rủi Ro / Kém,Cao
SP_00019,[Shop Yêu Thích+] Dây Nhảy Thể Lực Lõi Thép Chống Rối Siêu Bền Mã SP-0019,Thể Thao & Du Lịch,Shop Yêu Thích+,Hà Nội,53000,5,0,22000,8983,489,715,158,4.94,444,4.01,99.5,91.5,2.1,7.7,1.36,Trung Bình,Trung Bình
SP_00020,[Shop Yêu Thích] Bình Sữa Cổ Rộng Chống Sặc PPSU Siêu Bền Mã SP-0020,Mẹ & Bé,Shop Yêu Thích,Bình Dương,397000,30,1,0,5663,572,1069,590,4.88,457,4.94,82.1,91.0,3.0,1.52,2.39,Trung Bình,Thấp
SP_00021,[Shop Yêu Thích+] Lót Chuột Gaming Khổ Lớn 80x30cm Nhập Khẩu Mã SP-0021,Máy Tính & Laptop,Shop Yêu Thích+,Đồng Nai,3476000,50,1,0,14695,1794,2576,458,3.82,997,4.16,97.0,92.0,5.5,6.46,10.29,Rủi Ro / Kém,Trung Bình
SP_00022,[Shop Yêu Thích+] Nồi Chiên Không Dầu Điện Tử 6.5L Hot Trend Mã SP-0022,Thiết Bị Điện Gia Dụng,Shop Yêu Thích+,Nước Ngoài (Trung Quốc),1990000,15,1,0,2753,359,348,258,4.21,209,4.09,82.0,90.7,2.2,13.97,32.1,Trung Bình,Cao
SP_00023,[Shop Yêu Thích] Ốp Lưng Chống Sốc Trong Suốt Hot Trend Mã SP-0023,Điện Thoại & Phụ Kiện,Shop Yêu Thích,Nước Ngoài (Trung Quốc),4393000,40,1,0,5682,203,584,424,4.88,319,4.47,96.7,99.1,4.6,6.25,2.77,Trung Bình,Trung Bình
SP_00024,[Shop Thường] Dây Nhảy Thể Lực Lõi Thép Chống Rối Thông Minh Mã SP-0024,Thể Thao & Du Lịch,Shop Thường,TP. Hồ Chí Minh,485000,20,0,22000,7344,745,712,249,4.28,285,4.72,96.8,90.0,1.9,6.19,18.34,Trung Bình,Cao
SP_00025,[Shop Thường] Kem Chống Nắng Kiềm Dầu SPF50+ Thế Hệ Mới Mã SP-0025,Mỹ Phẩm & Làm Đẹp,Shop Thường,Nước Ngoài (Trung Quốc),397000,50,1,30000,9634,718,2515,571,3.81,1645,4.3,84.3,93.5,6.2,8.33,18.53,Rủi Ro / Kém,Cao
SP_00026,[Shop Yêu Thích] Khăn Ướt Kháng Khuẩn Không Mùi Siêu Bền Mã SP-0026,Mẹ & Bé,Shop Yêu Thích,Hà Nội,524000,15,0,30000,23569,2552,2897,1141,4.0,1939,3.83,86.0,99.5,6.0,12.58,25.9,Trung Bình,Cao
SP_00027,[Shop Yêu Thích] Tã Bỉm Dán Siêu Thấm Hút Ban Đêm Giá Rẻ Mã SP-0027,Mẹ & Bé,Shop Yêu Thích,Cần Thơ,76000,20,0,15000,3841,516,847,331,4.01,344,4.35,70.6,86.2,4.2,18.5,17.45,Trung Bình,Cao
SP_00028,[Shop Yêu Thích] Củ Sạc Nhanh 65W GaN Type-C Cao Cấp Mã SP-0028,Điện Thoại & Phụ Kiện,Shop Yêu Thích,Đà Nẵng,1783000,0,0,15000,11330,1057,1251,237,4.5,564,3.95,98.9,94.0,5.1,6.72,1.24,Trung Bình,Trung Bình
SP_00029,[Shop Yêu Thích+] Kính Cường Lực 9D Full Màn Cao Cấp Mã SP-0029,Điện Thoại & Phụ Kiện,Shop Yêu Thích+,Hà Nội,3224000,30,1,15000,13962,1417,1136,446,4.54,711,3.89,87.0,96.8,1.7,4.76,3.48,Trung Bình,Thấp
SP_00030,[Shop Thường] Băng Quấn Cổ Chân Bảo Vệ Khớp Cao Cấp Mã SP-0030,Thể Thao & Du Lịch,Shop Thường,Đồng Nai,526000,5,0,22000,1213,135,537,151,4.74,305,4.56,97.6,94.1,5.4,4.22,4.22,Rủi Ro / Kém,Thấp
SP_00031,[Shopee Mall] Hộp Cơm Cắm Điện Hâm Nóng Tự Động Hot Trend Mã SP-0031,Nhà Cửa & Đời Sống,Shopee Mall,Hà Nội,310000,40,1,15000,14529,1552,1774,1031,4.35,687,4.7,80.2,96.8,5.9,14.17,15.46,Trung Bình,Cao
SP_00032,[Shop Yêu Thích] Bình Nước Thể Thao 2 Lít Có Vạch Chia Chính Hãng Mã SP-0032,Thể Thao & Du Lịch,Shop Yêu Thích,Cần Thơ,441000,40,1,45000,3304,343,870,143,4.54,406,4.71,89.9,88.6,3.3,4.93,2.05,Rủi Ro / Kém,Thấp
SP_00033,[Shop Thường] Băng Quấn Cổ Chân Bảo Vệ Khớp Chống Nước Mã SP-0033,Thể Thao & Du Lịch,Shop Thường,Hà Nội,302000,20,0,0,1508,175,723,47,3.97,284,4.67,91.7,92.2,6.4,11.61,15.64,Rủi Ro / Kém,Cao
SP_00034,[Shop Yêu Thích+] Sữa Rửa Mặt Dịu Nhẹ Cho Da Dầu Mụn Hot Trend Mã SP-0034,Mỹ Phẩm & Làm Đẹp,Shop Yêu Thích+,Hà Nội,242000,20,1,45000,45105,1221,4745,569,3.57,2360,3.95,87.2,97.9,3.8,10.39,12.98,Rủi Ro / Kém,Cao
SP_00035,[Shopee Mall] Gối Cao Su Non Công Thái Học Chính Hãng Mã SP-0035,Nhà Cửa & Đời Sống,Shopee Mall,Bình Dương,435000,40,1,0,51059,2028,11138,5043,4.53,3874,4.49,88.2,96.3,5.5,2.31,2.85,Tiềm Năng Cao,Thấp
SP_00036,[Shop Thường] Trà Xanh Thái Nguyên Thượng Hạng Nhập Khẩu Mã SP-0036,Bách Hóa Online,Shop Thường,Đà Nẵng,337000,60,1,45000,25284,831,5331,1754,4.94,1939,3.87,72.3,87.6,1.5,4.1,3.17,Tiềm Năng Cao,Cao
SP_00037,[Shop Yêu Thích+] Quần Jean Baggy Form Rộng Đa Năng Mã SP-0037,Thời Trang Nam/Nữ,Shop Yêu Thích+,Nước Ngoài (Trung Quốc),778000,40,1,0,5949,728,1344,756,4.89,469,4.62,74.5,88.3,2.8,1.64,0.77,Trung Bình,Thấp
SP_00038,[Shop Yêu Thích+] Bộ Cây Lau Nhà Tự Vắt 360 Độ Nhập Khẩu Mã SP-0038,Nhà Cửa & Đời Sống,Shop Yêu Thích+,Nước Ngoài (Trung Quốc),474000,5,0,22000,2041,173,333,103,4.91,223,4.64,88.1,95.9,1.6,2.33,3.53,Rủi Ro / Kém,Thấp
SP_00039,[Shopee Mall] Váy Nữ Dáng Xòe Vintage Nhập Khẩu Mã SP-0039,Thời Trang Nam/Nữ,Shopee Mall,Bình Dương,840000,10,0,30000,17791,1709,3279,576,3.77,1605,4.9,79.6,91.0,2.0,6.33,19.11,Rủi Ro / Kém,Cao
SP_00040,[Shopee Mall] Gối Cao Su Non Công Thái Học Siêu Bền Mã SP-0040,Nhà Cửa & Đời Sống,Shopee Mall,Nước Ngoài (Trung Quốc),490000,5,0,22000,9201,1218,1955,645,4.66,1015,3.94,75.6,91.1,3.3,6.55,3.31,Trung Bình,Trung Bình
SP_00041,[Shop Yêu Thích] Quần Jean Baggy Form Rộng Đa Năng Mã SP-0041,Thời Trang Nam/Nữ,Shop Yêu Thích,TP. Hồ Chí Minh,353000,40,1,30000,2452,243,293,80,4.96,140,3.95,95.2,88.3,2.1,8.08,3.41,Rủi Ro / Kém,Trung Bình
SP_00042,[Shop Yêu Thích+] Trà Xanh Thái Nguyên Thượng Hạng Siêu Bền Mã SP-0042,Bách Hóa Online,Shop Yêu Thích+,Hà Nội,450000,40,1,30000,10753,751,2773,1424,4.33,914,4.09,95.6,96.4,3.2,15.42,15.21,Trung Bình,Cao
SP_00043,[Shop Thường] Hộp Cơm Cắm Điện Hâm Nóng Tự Động Nhập Khẩu Mã SP-0043,Nhà Cửa & Đời Sống,Shop Thường,Cần Thơ,177000,40,1,45000,1024,122,602,186,4.0,353,4.38,77.0,93.5,5.4,4.63,28.11,Rủi Ro / Kém,Cao
SP_00044,[Shop Thường] Xe Đẩy Gấp Gọn Siêu Nhẹ Du Lịch Thông Minh Mã SP-0044,Mẹ & Bé,Shop Thường,Đà Nẵng,62000,10,0,45000,36506,4740,2371,246,3.65,1401,4.2,89.6,91.1,2.3,10.81,34.17,Rủi Ro / Kém,Cao
SP_00045,[Shop Thường] Bình Sữa Cổ Rộng Chống Sặc PPSU Chống Nước Mã SP-0045,Mẹ & Bé,Shop Thường,Hà Nội,349000,40,1,45000,4991,509,1286,313,3.6,441,3.84,96.2,94.4,3.7,14.06,32.39,Rủi Ro / Kém,Cao
SP_00046,[Shop Yêu Thích+] Nồi Chiên Không Dầu Điện Tử 6.5L Đa Năng Mã SP-0046,Thiết Bị Điện Gia Dụng,Shop Yêu Thích+,Đà Nẵng,3220000,30,1,15000,16793,1824,1268,335,4.12,699,4.09,97.4,88.6,2.2,10.69,14.86,Trung Bình,Cao
SP_00047,[Shop Yêu Thích] Áo Khoác Bomber Chống Gió Đa Năng Mã SP-0047,Thời Trang Nam/Nữ,Shop Yêu Thích,Đà Nẵng,134000,40,1,22000,6103,885,1352,316,3.95,618,4.99,77.1,92.2,4.4,12.33,34.8,Trung Bình,Cao
SP_00048,[Shopee Mall] Áo Khoác Bomber Chống Gió Đa Năng Mã SP-0048,Thời Trang Nam/Nữ,Shopee Mall,Cần Thơ,638000,0,0,30000,11511,1391,1348,301,4.85,752,4.8,90.3,94.2,5.1,5.77,4.27,Trung Bình,Trung Bình
SP_00049,[Shop Thường] Củ Sạc Nhanh 65W GaN Type-C Đa Năng Mã SP-0049,Điện Thoại & Phụ Kiện,Shop Thường,Bình Dương,423000,60,1,22000,12368,721,2503,342,3.64,1633,4.68,85.1,90.4,2.9,6.39,32.68,Rủi Ro / Kém,Cao
SP_00050,[Shop Thường] Hộp Cơm Cắm Điện Hâm Nóng Tự Động Chính Hãng Mã SP-0050,Nhà Cửa & Đời Sống,Shop Thường,Đà Nẵng,102000,10,0,15000,3565,525,1286,379,4.59,437,4.83,77.9,90.8,2.1,3.45,3.87,Trung Bình,Thấp
SP_00051,[Shop Yêu Thích] Bộ Đồ Chơi Xếp Hình Gỗ Trí Uẩn Chính Hãng Mã SP-0051,Mẹ & Bé,Shop Yêu Thích,Hà Nội,507000,0,0,45000,52892,5511,9227,3859,4.42,3888,4.19,74.2,91.0,6.2,8.41,21.3,Tiềm Năng Cao,Cao
SP_00052,[Shop Thường] Nước Tẩy Trang Micellar Water Dịu Nhẹ Thông Minh Mã SP-0052,Mỹ Phẩm & Làm Đẹp,Shop Thường,TP. Hồ Chí Minh,523000,25,0,45000,22883,917,2835,1110,4.61,1553,4.3,78.4,98.9,5.0,2.24,2.5,Tiềm Năng Cao,Thấp
SP_00053,[Shop Yêu Thích+] Nồi Chiên Không Dầu Điện Tử 6.5L Chống Nước Mã SP-0053,Thiết Bị Điện Gia Dụng,Shop Yêu Thích+,Nước Ngoài (Trung Quốc),646000,30,1,22000,42576,5545,5885,768,3.68,4056,4.03,80.0,85.7,6.4,15.41,13.54,Rủi Ro / Kém,Cao
SP_00054,[Shop Yêu Thích] Bình Nước Thể Thao 2 Lít Có Vạch Chia Nhập Khẩu Mã SP-0054,Thể Thao & Du Lịch,Shop Yêu Thích,Hà Nội,263000,25,0,45000,34282,1330,2146,814,4.79,743,3.8,74.0,97.8,3.3,6.81,3.15,Tiềm Năng Cao,Trung Bình
SP_00055,[Shop Yêu Thích] Giá Đỡ Laptop Nhôm Tản Nhiệt Gấp Gọn Cao Cấp Mã SP-0055,Máy Tính & Laptop,Shop Yêu Thích,Hà Nội,3598000,50,1,0,14165,1715,2089,808,4.21,1145,4.69,97.3,95.8,4.8,8.37,25.37,Trung Bình,Cao
SP_00056,[Shop Thường] Áo Khoác Bomber Chống Gió Thế Hệ Mới Mã SP-0056,Thời Trang Nam/Nữ,Shop Thường,Bình Dương,761000,5,0,30000,38741,3838,1872,238,3.62,1004,3.89,81.4,95.5,4.5,8.28,21.65,Rủi Ro / Kém,Cao
SP_00057,[Shop Yêu Thích] Củ Sạc Nhanh 65W GaN Type-C Siêu Bền Mã SP-0057,Điện Thoại & Phụ Kiện,Shop Yêu Thích,Hà Nội,3673000,40,1,15000,1889,135,529,248,4.74,242,4.3,97.7,87.3,1.8,7.15,0.92,Trung Bình,Cao
SP_00058,[Shopee Mall] Máy Hút Bụi Cầm Tay Không Dây Siêu Hút Siêu Bền Mã SP-0058,Thiết Bị Điện Gia Dụng,Shopee Mall,Hà Nội,2850000,5,0,30000,3772,550,801,109,4.58,407,4.84,84.5,87.3,5.7,3.3,3.0,Rủi Ro / Kém,Cao
SP_00059,[Shop Thường] Bộ Cây Lau Nhà Tự Vắt 360 Độ Hot Trend Mã SP-0059,Nhà Cửa & Đời Sống,Shop Thường,Bình Dương,599000,60,1,45000,1194,118,573,160,4.34,337,4.61,80.2,89.6,1.5,16.61,23.29,Rủi Ro / Kém,Cao
SP_00060,[Shopee Mall] Tai Nghe Bluetooth True Wireless Chống Ồn Cao Cấp Mã SP-0060,Điện Thoại & Phụ Kiện,Shopee Mall,Bình Dương,4495000,15,0,30000,6402,728,1586,489,4.06,1041,4.21,92.6,87.3,1.7,5.18,19.96,Trung Bình,Cao
SP_00061,[Shop Thường] Nước Giặt Xả Hương Nước Hoa Đậm Đặc Giá Rẻ Mã SP-0061,Bách Hóa Online,Shop Thường,TP. Hồ Chí Minh,304000,15,0,0,7881,852,1543,205,3.67,495,4.21,88.0,90.8,1.5,8.37,13.7,Rủi Ro / Kém,Trung Bình
SP_00062,[Shopee Mall] Hộp Cơm Cắm Điện Hâm Nóng Tự Động Chống Nước Mã SP-0062,Nhà Cửa & Đời Sống,Shopee Mall,Bình Dương,32000,40,1,30000,5248,585,1171,631,4.07,542,4.01,83.1,96.0,3.8,5.13,16.45,Trung Bình,Cao
SP_00063,[Shopee Mall] Xe Đẩy Gấp Gọn Siêu Nhẹ Du Lịch Đa Năng Mã SP-0063,Mẹ & Bé,Shopee Mall,TP. Hồ Chí Minh,439000,0,0,15000,26968,3456,6320,1598,4.43,2168,4.76,82.0,91.4,1.9,16.62,28.14,Tiềm Năng Cao,Cao
SP_00064,[Shopee Mall] Máy Hút Bụi Cầm Tay Không Dây Siêu Hút Chính Hãng Mã SP-0064,Thiết Bị Điện Gia Dụng,Shopee Mall,Cần Thơ,4496000,50,1,15000,7118,815,1922,405,4.02,778,4.89,74.6,87.6,5.3,5.09,33.68,Trung Bình,Cao
SP_00065,[Shop Thường] Bánh Quy Bơ Phô Mai Giòn Rụm Nhập Khẩu Mã SP-0065,Bách Hóa Online,Shop Thường,Đà Nẵng,603000,60,1,22000,5447,215,481,310,4.44,263,4.84,72.2,90.2,3.8,4.55,17.96,Trung Bình,Cao
SP_00066,[Shop Thường] Củ Sạc Nhanh 65W GaN Type-C Nhập Khẩu Mã SP-0066,Điện Thoại & Phụ Kiện,Shop Thường,Cần Thơ,3940000,60,1,45000,12236,309,3116,1624,4.61,1532,4.95,71.9,87.2,2.0,7.69,2.05,Tiềm Năng Cao,Cao
SP_00067,[Shopee Mall] Kính Cường Lực 9D Full Màn Thông Minh Mã SP-0067,Điện Thoại & Phụ Kiện,Shopee Mall,Đà Nẵng,2179000,40,1,30000,2778,186,852,332,4.41,464,4.43,89.4,96.7,1.8,5.37,26.32,Trung Bình,Cao
SP_00068,[Shop Yêu Thích+] Bộ Cây Lau Nhà Tự Vắt 360 Độ Thông Minh Mã SP-0068,Nhà Cửa & Đời Sống,Shop Yêu Thích+,Cần Thơ,108000,60,1,15000,24807,2611,4433,1171,3.97,1883,4.9,93.7,90.6,5.6,13.72,30.38,Trung Bình,Cao
SP_00069,[Shop Yêu Thích+] Thảm Tập Yoga TPE 2 Lớp Chống Trượt Thế Hệ Mới Mã SP-0069,Thể Thao & Du Lịch,Shop Yêu Thích+,Đà Nẵng,43000,25,0,15000,1662,74,504,64,4.65,326,4.21,93.1,86.5,5.7,7.57,0.67,Rủi Ro / Kém,Cao
SP_00070,[Shop Yêu Thích] Lót Chuột Gaming Khổ Lớn 80x30cm Thế Hệ Mới Mã SP-0070,Máy Tính & Laptop,Shop Yêu Thích,Nước Ngoài (Trung Quốc),1479000,10,0,45000,65512,5037,8242,1159,3.75,5674,4.77,92.6,94.0,5.4,7.39,14.46,Rủi Ro / Kém,Trung Bình
SP_00071,[Shop Thường] Hạt Dinh Dưỡng Hạnh Nhân Óc Chó Mix Chống Nước Mã SP-0071,Bách Hóa Online,Shop Thường,Hà Nội,497000,20,0,45000,22692,2863,4760,1930,4.95,1532,4.43,81.1,92.1,6.2,6.19,2.82,Tiềm Năng Cao,Trung Bình
SP_00072,[Shop Yêu Thích+] Bình Giữ Nhiệt Inox 304 800ml Thông Minh Mã SP-0072,Nhà Cửa & Đời Sống,Shop Yêu Thích+,Hà Nội,485000,50,1,15000,3823,528,1263,148,3.64,410,4.8,77.1,92.4,6.5,9.44,8.76,Rủi Ro / Kém,Trung Bình
SP_00073,[Shopee Mall] Máy Hút Bụi Cầm Tay Không Dây Siêu Hút Thông Minh Mã SP-0073,Thiết Bị Điện Gia Dụng,Shopee Mall,Hà Nội,2500000,40,1,15000,583,58,152,57,4.2,83,4.71,85.8,95.8,2.1,8.18,16.13,Rủi Ro / Kém,Cao
SP_00074,[Shop Thường] Son Kem Lì Mịn Môi Lâu Trôi Nhập Khẩu Mã SP-0074,Mỹ Phẩm & Làm Đẹp,Shop Thường,Đà Nẵng,123000,5,0,30000,25848,2248,2234,180,3.52,676,4.52,87.1,90.2,2.4,13.69,22.13,Rủi Ro / Kém,Cao
SP_00075,[Shopee Mall] Kính Cường Lực 9D Full Màn Siêu Bền Mã SP-0075,Điện Thoại & Phụ Kiện,Shopee Mall,Đà Nẵng,3348000,40,1,0,18906,1001,1047,195,4.97,594,4.56,87.5,86.5,5.3,1.57,2.09,Trung Bình,Cao
SP_00076,[Shop Yêu Thích] Hub Chuyển Đổi Type-C 7 in 1 Giá Rẻ Mã SP-0076,Máy Tính & Laptop,Shop Yêu Thích,Đà Nẵng,1254000,5,0,30000,20084,2467,4687,799,3.8,2377,3.84,86.3,99.6,2.8,14.92,13.16,Rủi Ro / Kém,Cao
SP_00077,[Shopee Mall] Váy Nữ Dáng Xòe Vintage Đa Năng Mã SP-0077,Thời Trang Nam/Nữ,Shopee Mall,Nước Ngoài (Trung Quốc),877000,25,0,30000,22628,1589,5790,1981,4.84,2592,4.69,78.0,96.8,1.9,3.9,2.44,Tiềm Năng Cao,Thấp
SP_00078,[Shop Yêu Thích+] Lót Chuột Gaming Khổ Lớn 80x30cm Đa Năng Mã SP-0078,Máy Tính & Laptop,Shop Yêu Thích+,Hà Nội,990000,5,0,22000,1653,124,489,125,4.4,293,4.17,88.4,98.5,3.7,13.27,29.37,Rủi Ro / Kém,Cao
SP_00079,[Shop Yêu Thích] Ốp Lưng Chống Sốc Trong Suốt Chống Nước Mã SP-0079,Điện Thoại & Phụ Kiện,Shop Yêu Thích,TP. Hồ Chí Minh,405000,10,0,30000,7158,867,997,172,3.6,317,3.84,83.5,87.3,3.4,10.44,10.08,Rủi Ro / Kém,Cao
SP_00080,[Shop Yêu Thích+] Băng Quấn Cổ Chân Bảo Vệ Khớp Thế Hệ Mới Mã SP-0080,Thể Thao & Du Lịch,Shop Yêu Thích+,TP. Hồ Chí Minh,310000,15,0,0,2347,165,504,187,4.25,298,4.68,88.4,88.2,5.0,18.48,13.4,Rủi Ro / Kém,Cao
SP_00081,[Shop Thường] Ốp Lưng Chống Sốc Trong Suốt Thông Minh Mã SP-0081,Điện Thoại & Phụ Kiện,Shop Thường,Nước Ngoài (Trung Quốc),869000,25,0,0,30327,1789,2333,396,3.94,1300,4.46,85.3,96.7,2.1,6.91,11.75,Trung Bình,Trung Bình
SP_00082,[Shop Yêu Thích+] Cà Phê Rang Xay Nguyên Chất Đậm Vị Chống Nước Mã SP-0082,Bách Hóa Online,Shop Yêu Thích+,Đồng Nai,503000,50,1,15000,15144,911,4162,743,3.63,1935,4.53,73.8,93.5,3.1,5.08,20.58,Rủi Ro / Kém,Cao
SP_00083,[Shop Yêu Thích] Máy Hút Bụi Cầm Tay Không Dây Siêu Hút Siêu Bền Mã SP-0083,Thiết Bị Điện Gia Dụng,Shop Yêu Thích,Đồng Nai,1207000,30,1,45000,6527,235,509,67,3.58,203,4.89,85.6,99.0,2.9,5.14,13.3,Rủi Ro / Kém,Trung Bình
SP_00084,[Shopee Mall] Đèn Bàn Học LED Chống Cận Thị Đa Năng Mã SP-0084,Nhà Cửa & Đời Sống,Shopee Mall,TP. Hồ Chí Minh,539000,10,0,45000,1485,168,683,289,4.49,221,3.99,72.4,97.8,6.2,15.18,15.15,Trung Bình,Cao
SP_00085,[Shop Thường] Khăn Ướt Kháng Khuẩn Không Mùi Cao Cấp Mã SP-0085,Mẹ & Bé,Shop Thường,Đà Nẵng,583000,20,0,22000,6087,663,627,213,4.71,232,4.38,83.9,91.2,3.2,1.65,4.38,Trung Bình,Thấp
SP_00086,[Shop Yêu Thích+] Máy Xay Sinh Tố Mini Cầm Tay 6 Lưỡi Thông Minh Mã SP-0086,Thiết Bị Điện Gia Dụng,Shop Yêu Thích+,Cần Thơ,4368000,50,1,0,6399,350,599,150,4.2,391,4.18,98.9,91.2,6.0,15.8,33.21,Trung Bình,Cao
SP_00087,[Shop Thường] Máy Hút Bụi Cầm Tay Không Dây Siêu Hút Thông Minh Mã SP-0087,Thiết Bị Điện Gia Dụng,Shop Thường,Đồng Nai,4366000,40,1,30000,20118,637,2588,1693,4.25,1146,4.85,84.8,85.7,5.9,13.49,20.71,Trung Bình,Cao
SP_00088,[Shop Yêu Thích] Áo Thun Unisex Cotton 100% Thế Hệ Mới Mã SP-0088,Thời Trang Nam/Nữ,Shop Yêu Thích,TP. Hồ Chí Minh,962000,20,0,30000,15723,1480,1438,289,4.1,658,4.24,86.5,91.7,5.6,13.04,24.5,Trung Bình,Cao
SP_00089,[Shop Yêu Thích+] Ốp Lưng Chống Sốc Trong Suốt Chống Nước Mã SP-0089,Điện Thoại & Phụ Kiện,Shop Yêu Thích+,Cần Thơ,3145000,10,1,45000,33233,832,6635,1206,3.56,3604,4.28,79.8,92.6,4.6,6.36,34.75,Rủi Ro / Kém,Cao
SP_00090,[Shop Thường] Bộ Cây Lau Nhà Tự Vắt 360 Độ Chống Nước Mã SP-0090,Nhà Cửa & Đời Sống,Shop Thường,Đồng Nai,601000,20,0,0,10085,1486,2014,834,4.51,1311,4.24,87.9,94.3,2.8,5.74,4.87,Trung Bình,Trung Bình
SP_00091,[Shop Thường] Kem Chống Nắng Kiềm Dầu SPF50+ Nhập Khẩu Mã SP-0091,Mỹ Phẩm & Làm Đẹp,Shop Thường,Bình Dương,233000,50,1,45000,2410,305,503,303,4.07,159,4.73,74.5,89.6,5.0,9.95,28.92,Trung Bình,Cao
SP_00092,[Shop Yêu Thích] Quần Jean Baggy Form Rộng Siêu Bền Mã SP-0092,Thời Trang Nam/Nữ,Shop Yêu Thích,TP. Hồ Chí Minh,633000,25,0,30000,19236,817,4622,538,3.97,2641,4.43,90.4,97.8,5.5,7.83,21.07,Trung Bình,Cao
SP_00093,[Shop Yêu Thích] Bộ Cây Lau Nhà Tự Vắt 360 Độ Đa Năng Mã SP-0093,Nhà Cửa & Đời Sống,Shop Yêu Thích,TP. Hồ Chí Minh,329000,20,0,30000,21955,3104,4650,933,4.02,2466,4.18,96.9,93.0,3.5,9.0,28.87,Trung Bình,Cao
SP_00094,[Shopee Mall] Bình Giữ Nhiệt Inox 304 800ml Đa Năng Mã SP-0094,Nhà Cửa & Đời Sống,Shopee Mall,Hà Nội,379000,40,1,22000,12858,1641,1449,282,3.82,796,4.7,77.3,93.7,4.8,11.7,25.22,Rủi Ro / Kém,Cao
SP_00095,[Shop Thường] Ốp Lưng Chống Sốc Trong Suốt Chống Nước Mã SP-0095,Điện Thoại & Phụ Kiện,Shop Thường,Đồng Nai,973000,10,1,45000,22608,2371,5311,838,3.74,3646,4.97,89.4,89.8,6.0,5.3,23.5,Rủi Ro / Kém,Cao
SP_00096,[Shop Yêu Thích] Quần Jean Baggy Form Rộng Thế Hệ Mới Mã SP-0096,Thời Trang Nam/Nữ,Shop Yêu Thích,TP. Hồ Chí Minh,96000,30,1,30000,10712,1428,1032,191,4.62,358,4.02,78.5,99.5,6.4,4.85,2.72,Trung Bình,Thấp
SP_00097,[Shop Yêu Thích] Dây Nhảy Thể Lực Lõi Thép Chống Rối Đa Năng Mã SP-0097,Thể Thao & Du Lịch,Shop Yêu Thích,Cần Thơ,140000,25,1,30000,11595,253,1368,808,4.58,511,4.58,96.9,97.7,5.6,4.62,0.89,Tiềm Năng Cao,Thấp
SP_00098,[Shop Thường] Tai Nghe Bluetooth True Wireless Chống Ồn Thông Minh Mã SP-0098,Điện Thoại & Phụ Kiện,Shop Thường,Cần Thơ,2800000,15,1,30000,8867,1277,1235,569,4.63,553,4.08,90.0,88.5,3.8,1.78,3.59,Trung Bình,Thấp
SP_00099,[Shop Yêu Thích+] Bình Giữ Nhiệt Inox 304 800ml Đa Năng Mã SP-0099,Nhà Cửa & Đời Sống,Shop Yêu Thích+,Nước Ngoài (Trung Quốc),251000,15,0,30000,886,87,398,166,4.62,244,3.98,94.8,96.9,5.3,5.94,3.18,Rủi Ro / Kém,Trung Bình
SP_00100,[Shop Yêu Thích+] Kính Cường Lực 9D Full Màn Giá Rẻ Mã SP-0100,Điện Thoại & Phụ Kiện,Shop Yêu Thích+,Hà Nội,789000,60,1,0,2212,189,431,138,4.32,210,3.87,91.5,95.1,3.9,17.03,20.03,Rủi Ro / Kém,Cao
SP_00101,[Shop Thường] Hạt Dinh Dưỡng Hạnh Nhân Óc Chó Mix Siêu Bền Mã SP-0101,Bách Hóa Online,Shop Thường,Hà Nội,492000,60,1,0,979,58,174,132,4.51,97,4.47,80.3,85.7,1.8,8.45,4.71,Rủi Ro / Kém,Cao
SP_00102,[Shop Thường] Cà Phê Rang Xay Nguyên Chất Đậm Vị Đa Năng Mã SP-0102,Bách Hóa Online,Shop Thường,Đồng Nai,209000,10,0,30000,15675,1227,3835,887,4.84,2202,4.25,86.2,94.8,4.8,3.28,1.3,Tiềm Năng Cao,Thấp
SP_00103,[Shop Yêu Thích] Khăn Ướt Kháng Khuẩn Không Mùi Thông Minh Mã SP-0103,Mẹ & Bé,Shop Yêu Thích,Đồng Nai,28000,0,0,30000,6160,549,1436,375,4.32,524,4.61,96.3,87.8,5.3,4.47,25.83,Trung Bình,Cao
SP_00104,[Shopee Mall] Quần Jean Baggy Form Rộng Hot Trend Mã SP-0104,Thời Trang Nam/Nữ,Shopee Mall,Cần Thơ,162000,60,1,0,11156,1488,967,350,4.51,379,4.34,71.7,97.8,4.0,2.81,4.17,Trung Bình,Thấp
SP_00105,[Shop Yêu Thích+] Quạt Cây Đứng Điều Khiển Từ Xa Nhập Khẩu Mã SP-0105,Thiết Bị Điện Gia Dụng,Shop Yêu Thích+,Bình Dương,2090000,20,0,45000,36218,1011,9104,1301,3.95,3373,4.07,86.7,95.0,1.7,8.99,25.37,Trung Bình,Cao
SP_00106,[Shop Thường] Băng Quấn Cổ Chân Bảo Vệ Khớp Thế Hệ Mới Mã SP-0106,Thể Thao & Du Lịch,Shop Thường,Đà Nẵng,177000,20,0,45000,4801,283,1313,344,4.77,429,4.37,82.5,91.1,4.1,3.61,1.65,Trung Bình,Thấp
SP_00107,[Shopee Mall] Ốp Lưng Chống Sốc Trong Suốt Chống Nước Mã SP-0107,Điện Thoại & Phụ Kiện,Shopee Mall,TP. Hồ Chí Minh,1710000,0,0,45000,8424,374,2044,684,4.81,795,4.52,97.2,88.1,3.0,7.77,1.45,Trung Bình,Trung Bình
SP_00108,[Shop Yêu Thích] Ốp Lưng Chống Sốc Trong Suốt Hot Trend Mã SP-0108,Điện Thoại & Phụ Kiện,Shop Yêu Thích,Đà Nẵng,3399000,15,0,22000,21631,1442,2165,885,4.3,1058,4.26,91.7,96.9,5.3,8.64,13.48,Trung Bình,Trung Bình
SP_00109,[Shop Yêu Thích] Bình Sữa Cổ Rộng Chống Sặc PPSU Nhập Khẩu Mã SP-0109,Mẹ & Bé,Shop Yêu Thích,Cần Thơ,174000,0,0,45000,4397,175,655,196,4.13,265,4.49,98.3,93.1,3.2,15.07,21.19,Trung Bình,Cao
SP_00110,[Shop Yêu Thích+] Bánh Quy Bơ Phô Mai Giòn Rụm Thông Minh Mã SP-0110,Bách Hóa Online,Shop Yêu Thích+,TP. Hồ Chí Minh,198000,10,0,30000,1701,253,687,76,4.83,443,4.02,90.0,99.0,5.3,3.8,4.29,Rủi Ro / Kém,Thấp
SP_00111,[Shop Yêu Thích] Tai Nghe Bluetooth True Wireless Chống Ồn Cao Cấp Mã SP-0111,Điện Thoại & Phụ Kiện,Shop Yêu Thích,Nước Ngoài (Trung Quốc),4292000,40,1,22000,5632,796,1646,581,4.46,862,3.87,85.9,85.2,2.9,18.17,8.46,Trung Bình,Cao
SP_00112,[Shopee Mall] Tã Bỉm Dán Siêu Thấm Hút Ban Đêm Chính Hãng Mã SP-0112,Mẹ & Bé,Shopee Mall,Cần Thơ,561000,10,1,45000,3137,171,569,423,4.72,231,4.43,79.0,95.3,5.6,1.14,4.96,Trung Bình,Thấp
SP_00113,[Shop Thường] Áo Thun Unisex Cotton 100% Thế Hệ Mới Mã SP-0113,Thời Trang Nam/Nữ,Shop Thường,Cần Thơ,445000,50,1,30000,40324,1704,5876,1222,3.51,4064,3.87,96.8,99.4,6.1,7.33,32.33,Rủi Ro / Kém,Cao
SP_00114,[Shopee Mall] Trà Xanh Thái Nguyên Thượng Hạng Cao Cấp Mã SP-0114,Bách Hóa Online,Shopee Mall,Bình Dương,312000,50,1,45000,25263,3298,960,231,3.77,566,4.59,72.3,90.9,2.3,7.49,30.54,Rủi Ro / Kém,Cao
SP_00115,[Shop Yêu Thích] Băng Quấn Cổ Chân Bảo Vệ Khớp Thế Hệ Mới Mã SP-0115,Thể Thao & Du Lịch,Shop Yêu Thích,Đồng Nai,105000,50,1,22000,15552,2006,2034,1175,4.16,1403,3.86,89.0,89.8,5.4,10.53,14.16,Trung Bình,Cao
SP_00116,[Shop Thường] Xe Đẩy Gấp Gọn Siêu Nhẹ Du Lịch Thông Minh Mã SP-0116,Mẹ & Bé,Shop Thường,Hà Nội,112000,60,1,22000,31272,958,2373,1277,4.57,1086,4.76,72.7,90.3,6.2,4.06,3.93,Tiềm Năng Cao,Thấp
SP_00117,[Shop Thường] Chuột Không Dây Silent Siêu Nhạy Thông Minh Mã SP-0117,Máy Tính & Laptop,Shop Thường,TP. Hồ Chí Minh,3826000,50,1,45000,24919,788,4100,807,3.65,1866,4.41,81.6,89.3,1.9,17.07,32.44,Rủi Ro / Kém,Cao
SP_00118,[Shop Yêu Thích] Bình Nước Thể Thao 2 Lít Có Vạch Chia Thế Hệ Mới Mã SP-0118,Thể Thao & Du Lịch,Shop Yêu Thích,Đà Nẵng,167000,20,0,30000,3597,200,755,38,3.75,307,3.98,88.8,88.6,4.5,6.84,10.89,Rủi Ro / Kém,Trung Bình
SP_00119,[Shop Thường] Áo Khoác Bomber Chống Gió Chống Nước Mã SP-0119,Thời Trang Nam/Nữ,Shop Thường,Cần Thơ,882000,25,0,30000,33962,4980,2209,687,4.79,1282,4.78,75.3,92.1,3.5,3.05,3.81,Tiềm Năng Cao,Thấp
SP_00120,[Shop Yêu Thích+] Nước Giặt Xả Hương Nước Hoa Đậm Đặc Hot Trend Mã SP-0120,Bách Hóa Online,Shop Yêu Thích+,Cần Thơ,410000,20,0,30000,12126,557,3126,1058,4.9,1630,4.24,83.8,99.1,5.0,4.01,1.81,Tiềm Năng Cao,Thấp
SP_00121,[Shop Yêu Thích] Ốp Lưng Chống Sốc Trong Suốt Giá Rẻ Mã SP-0121,Điện Thoại & Phụ Kiện,Shop Yêu Thích,Cần Thơ,2630000,15,0,15000,25210,746,6505,1976,4.68,3346,4.66,96.1,98.7,3.6,0.79,4.86,Tiềm Năng Cao,Thấp
SP_00122,[Shopee Mall] Túi Trống Thể Thao Tập Gym Du Lịch Chính Hãng Mã SP-0122,Thể Thao & Du Lịch,Shopee Mall,TP. Hồ Chí Minh,279000,25,1,45000,34463,3724,4458,1941,4.98,1531,3.85,76.7,86.5,5.2,4.96,3.59,Tiềm Năng Cao,Cao
SP_00123,[Shop Thường] Trà Xanh Thái Nguyên Thượng Hạng Thế Hệ Mới Mã SP-0123,Bách Hóa Online,Shop Thường,Bình Dương,627000,50,1,15000,6240,209,811,97,3.54,294,4.21,83.7,89.6,2.5,11.0,20.86,Rủi Ro / Kém,Cao
SP_00124,[Shop Yêu Thích+] Trà Xanh Thái Nguyên Thượng Hạng Chính Hãng Mã SP-0124,Bách Hóa Online,Shop Yêu Thích+,Cần Thơ,70000,5,1,22000,2248,92,688,346,4.52,302,4.58,83.9,91.3,5.5,5.54,1.34,Trung Bình,Trung Bình
SP_00125,[Shop Yêu Thích] Xe Đẩy Gấp Gọn Siêu Nhẹ Du Lịch Cao Cấp Mã SP-0125,Mẹ & Bé,Shop Yêu Thích,Bình Dương,485000,60,1,30000,4380,204,1280,880,4.56,798,4.27,81.0,92.9,2.5,1.41,3.52,Trung Bình,Thấp
SP_00126,[Shop Thường] Băng Quấn Cổ Chân Bảo Vệ Khớp Nhập Khẩu Mã SP-0126,Thể Thao & Du Lịch,Shop Thường,Cần Thơ,650000,30,1,45000,8855,704,955,518,4.03,526,3.94,74.0,86.3,2.1,8.43,12.94,Trung Bình,Cao
SP_00127,[Shop Thường] Lót Chuột Gaming Khổ Lớn 80x30cm Thế Hệ Mới Mã SP-0127,Máy Tính & Laptop,Shop Thường,Hà Nội,1279000,60,1,30000,26057,2341,6536,5290,4.23,3245,4.31,79.4,87.1,3.8,4.78,17.69,Trung Bình,Cao
SP_00128,[Shop Thường] Hạt Dinh Dưỡng Hạnh Nhân Óc Chó Mix Hot Trend Mã SP-0128,Bách Hóa Online,Shop Thường,Cần Thơ,600000,50,1,30000,30070,3377,3933,673,4.24,2382,4.29,78.2,89.3,4.2,6.44,20.35,Trung Bình,Cao
SP_00129,[Shopee Mall] Nước Giặt Xả Hương Nước Hoa Đậm Đặc Siêu Bền Mã SP-0129,Bách Hóa Online,Shopee Mall,Hà Nội,611000,5,0,45000,604,76,401,102,4.05,160,4.79,92.1,91.3,4.8,7.59,31.62,Rủi Ro / Kém,Cao
SP_00130,[Shopee Mall] Trà Xanh Thái Nguyên Thượng Hạng Chống Nước Mã SP-0130,Bách Hóa Online,Shopee Mall,Đà Nẵng,474000,5,0,15000,11223,1229,2784,894,4.61,1025,4.05,76.2,87.1,2.5,0.97,2.08,Tiềm Năng Cao,Cao
SP_00131,[Shop Yêu Thích+] Bình Nước Thể Thao 2 Lít Có Vạch Chia Chống Nước Mã SP-0131,Thể Thao & Du Lịch,Shop Yêu Thích+,Cần Thơ,321000,60,1,22000,8604,1178,1880,1647,4.27,1259,4.94,96.0,99.7,2.1,16.56,14.74,Trung Bình,Cao
SP_00132,[Shop Thường] Máy Hút Bụi Cầm Tay Không Dây Siêu Hút Thế Hệ Mới Mã SP-0132,Thiết Bị Điện Gia Dụng,Shop Thường,Nước Ngoài (Trung Quốc),1314000,60,1,22000,4267,127,1276,298,4.06,529,4.55,81.1,98.9,6.3,8.75,8.07,Trung Bình,Trung Bình
SP_00133,[Shopee Mall] Ốp Lưng Chống Sốc Trong Suốt Chống Nước Mã SP-0133,Điện Thoại & Phụ Kiện,Shopee Mall,Bình Dương,3408000,15,0,15000,2415,137,439,52,3.98,221,4.39,90.5,90.1,1.7,5.44,29.17,Rủi Ro / Kém,Cao
SP_00134,[Shop Thường] Áo Thun Unisex Cotton 100% Thông Minh Mã SP-0134,Thời Trang Nam/Nữ,Shop Thường,Hà Nội,526000,0,0,30000,6678,248,1246,505,4.53,815,4.04,80.8,86.4,1.9,5.82,3.42,Trung Bình,Cao
SP_00135,[Shop Thường] Bộ Đồ Chơi Xếp Hình Gỗ Trí Uẩn Hot Trend Mã SP-0135,Mẹ & Bé,Shop Thường,Hà Nội,118000,5,1,30000,43446,3802,5571,3893,4.39,3878,3.89,74.0,91.3,1.9,9.55,27.73,Trung Bình,Cao
SP_00136,[Shop Yêu Thích+] Cáp Sạc Nhanh Tự Ngắt Bọc Dù Chống Nước Mã SP-0136,Điện Thoại & Phụ Kiện,Shop Yêu Thích+,Hà Nội,1273000,30,1,15000,6355,183,1300,720,4.52,770,4.57,74.5,94.3,3.6,5.99,4.37,Trung Bình,Trung Bình
SP_00137,[Shop Thường] Tai Nghe Bluetooth True Wireless Chống Ồn Chính Hãng Mã SP-0137,Điện Thoại & Phụ Kiện,Shop Thường,Đồng Nai,3029000,30,1,22000,11471,1190,1287,294,3.87,792,4.75,95.4,95.2,4.8,8.37,21.98,Rủi Ro / Kém,Cao
SP_00138,[Shopee Mall] Son Kem Lì Mịn Môi Lâu Trôi Đa Năng Mã SP-0138,Mỹ Phẩm & Làm Đẹp,Shopee Mall,Nước Ngoài (Trung Quốc),861000,15,0,0,18711,546,4235,1886,4.46,2857,4.09,95.8,87.0,4.3,9.3,26.44,Tiềm Năng Cao,Cao
SP_00139,[Shopee Mall] Cà Phê Rang Xay Nguyên Chất Đậm Vị Cao Cấp Mã SP-0139,Bách Hóa Online,Shopee Mall,TP. Hồ Chí Minh,39000,20,1,0,7279,416,1761,834,4.1,591,4.94,88.5,92.9,2.9,8.49,21.81,Trung Bình,Cao
SP_00140,[Shop Thường] Lót Chuột Gaming Khổ Lớn 80x30cm Chống Nước Mã SP-0140,Máy Tính & Laptop,Shop Thường,Bình Dương,691000,20,0,15000,54016,4131,7329,349,3.63,4156,3.87,75.3,94.7,1.6,5.99,8.31,Rủi Ro / Kém,Trung Bình
SP_00141,[Shop Yêu Thích+] Quạt Cây Đứng Điều Khiển Từ Xa Siêu Bền Mã SP-0141,Thiết Bị Điện Gia Dụng,Shop Yêu Thích+,Đồng Nai,1517000,25,1,22000,49730,6812,5386,570,3.68,3155,4.68,72.3,93.5,3.8,9.22,21.49,Rủi Ro / Kém,Cao
SP_00142,[Shop Yêu Thích+] Giá Đỡ Laptop Nhôm Tản Nhiệt Gấp Gọn Thông Minh Mã SP-0142,Máy Tính & Laptop,Shop Yêu Thích+,Cần Thơ,992000,60,1,0,4850,124,1201,226,4.26,807,4.07,98.8,87.6,1.7,15.65,27.28,Trung Bình,Cao
SP_00143,[Shop Yêu Thích] Tã Bỉm Dán Siêu Thấm Hút Ban Đêm Chống Nước Mã SP-0143,Mẹ & Bé,Shop Yêu Thích,Đà Nẵng,451000,25,0,0,10814,1162,573,87,3.68,401,4.49,72.1,99.1,3.8,8.09,30.81,Rủi Ro / Kém,Cao
SP_00144,[Shopee Mall] Kính Cường Lực 9D Full Màn Giá Rẻ Mã SP-0144,Điện Thoại & Phụ Kiện,Shopee Mall,Đồng Nai,3172000,15,0,22000,5868,398,1835,272,3.86,1093,4.69,93.9,93.1,2.3,17.52,8.65,Rủi Ro / Kém,Cao
SP_00145,[Shopee Mall] Nồi Chiên Không Dầu Điện Tử 6.5L Chống Nước Mã SP-0145,Thiết Bị Điện Gia Dụng,Shopee Mall,Hà Nội,3232000,20,1,45000,5528,801,1430,690,4.13,960,4.98,85.6,98.3,5.0,9.4,34.31,Trung Bình,Cao
SP_00146,[Shop Thường] Kính Cường Lực 9D Full Màn Thông Minh Mã SP-0146,Điện Thoại & Phụ Kiện,Shop Thường,Nước Ngoài (Trung Quốc),763000,60,1,45000,1063,39,545,230,4.49,321,3.87,79.5,95.9,2.9,5.08,13.47,Rủi Ro / Kém,Trung Bình
SP_00147,[Shop Yêu Thích] Tai Nghe Bluetooth True Wireless Chống Ồn Chính Hãng Mã SP-0147,Điện Thoại & Phụ Kiện,Shop Yêu Thích,Nước Ngoài (Trung Quốc),3832000,40,1,22000,14607,2123,1272,688,4.3,432,4.29,79.1,97.0,5.0,12.75,13.81,Trung Bình,Cao
SP_00148,[Shop Yêu Thích] Máy Hút Bụi Cầm Tay Không Dây Siêu Hút Chính Hãng Mã SP-0148,Thiết Bị Điện Gia Dụng,Shop Yêu Thích,Nước Ngoài (Trung Quốc),3064000,30,1,45000,10977,1389,1246,204,3.95,751,3.86,83.9,88.7,5.5,6.03,8.32,Trung Bình,Trung Bình
SP_00149,[Shop Thường] Serum Phục Hồi Da B5 Dưỡng Ẩm Sâu Hot Trend Mã SP-0149,Mỹ Phẩm & Làm Đẹp,Shop Thường,TP. Hồ Chí Minh,440000,5,0,22000,1292,193,434,44,3.61,157,4.9,94.9,98.4,3.2,4.62,20.45,Rủi Ro / Kém,Cao
SP_00150,[Shopee Mall] Xe Đẩy Gấp Gọn Siêu Nhẹ Du Lịch Giá Rẻ Mã SP-0150,Mẹ & Bé,Shopee Mall,TP. Hồ Chí Minh,416000,30,1,15000,5399,300,777,161,4.86,314,4.22,82.4,89.4,4.3,0.99,1.76,Trung Bình,Thấp
SP_00151,[Shop Yêu Thích] Tã Bỉm Dán Siêu Thấm Hút Ban Đêm Siêu Bền Mã SP-0151,Mẹ & Bé,Shop Yêu Thích,Bình Dương,581000,0,0,22000,36332,2351,5785,1364,4.67,2156,4.38,76.6,89.7,6.0,6.73,0.76,Tiềm Năng Cao,Trung Bình
SP_00152,[Shop Yêu Thích] Băng Quấn Cổ Chân Bảo Vệ Khớp Nhập Khẩu Mã SP-0152,Thể Thao & Du Lịch,Shop Yêu Thích,Nước Ngoài (Trung Quốc),188000,5,1,15000,4607,641,689,249,4.72,431,4.12,95.2,90.3,5.7,1.91,3.17,Trung Bình,Thấp
SP_00153,[Shop Yêu Thích+] Quạt Cây Đứng Điều Khiển Từ Xa Cao Cấp Mã SP-0153,Thiết Bị Điện Gia Dụng,Shop Yêu Thích+,TP. Hồ Chí Minh,1314000,60,1,15000,2847,416,523,196,4.72,210,4.8,85.8,88.2,1.5,7.84,1.41,Trung Bình,Trung Bình
SP_00154,[Shopee Mall] Máy Hút Bụi Cầm Tay Không Dây Siêu Hút Chống Nước Mã SP-0154,Thiết Bị Điện Gia Dụng,Shopee Mall,Bình Dương,329000,10,0,15000,10584,1395,2755,954,4.77,1561,4.73,80.1,93.7,3.1,8.31,3.8,Tiềm Năng Cao,Trung Bình
SP_00155,[Shop Yêu Thích+] Trà Xanh Thái Nguyên Thượng Hạng Thông Minh Mã SP-0155,Bách Hóa Online,Shop Yêu Thích+,Đồng Nai,253000,60,1,15000,64160,3739,4443,4133,4.6,2033,4.25,99.0,99.7,1.7,5.32,4.64,Tiềm Năng Cao,Trung Bình
SP_00156,[Shop Thường] Nước Tẩy Trang Micellar Water Dịu Nhẹ Chính Hãng Mã SP-0156,Mỹ Phẩm & Làm Đẹp,Shop Thường,Đà Nẵng,203000,25,0,15000,4657,478,1556,216,3.98,869,4.22,83.4,98.1,2.8,7.62,9.83,Trung Bình,Trung Bình
SP_00157,[Shop Thường] Củ Sạc Nhanh 65W GaN Type-C Cao Cấp Mã SP-0157,Điện Thoại & Phụ Kiện,Shop Thường,Hà Nội,3739000,30,1,15000,17227,1192,2647,2074,4.24,1411,4.86,76.8,96.2,3.8,15.59,8.9,Trung Bình,Cao
SP_00158,[Shopee Mall] Ấm Siêu Tốc 2 Lớp Cách Nhiệt 1.8L Chính Hãng Mã SP-0158,Thiết Bị Điện Gia Dụng,Shopee Mall,Hà Nội,2950000,10,0,15000,22008,3009,1425,633,4.32,941,4.68,82.9,95.4,4.8,12.81,19.72,Trung Bình,Cao
SP_00159,[Shop Yêu Thích] Cáp Sạc Nhanh Tự Ngắt Bọc Dù Hot Trend Mã SP-0159,Điện Thoại & Phụ Kiện,Shop Yêu Thích,Hà Nội,3502000,50,1,45000,4569,232,488,98,3.92,162,4.12,72.6,85.1,5.6,13.06,20.97,Rủi Ro / Kém,Cao
SP_00160,[Shop Yêu Thích+] Quần Jean Baggy Form Rộng Thông Minh Mã SP-0160,Thời Trang Nam/Nữ,Shop Yêu Thích+,Nước Ngoài (Trung Quốc),142000,40,1,0,20041,1675,3571,1910,4.1,1606,4.17,75.6,90.6,1.7,10.38,15.11,Trung Bình,Cao
SP_00161,[Shop Yêu Thích] Bộ Cây Lau Nhà Tự Vắt 360 Độ Cao Cấp Mã SP-0161,Nhà Cửa & Đời Sống,Shop Yêu Thích,Hà Nội,124000,5,0,45000,7377,365,528,204,4.63,251,4.3,96.0,92.9,3.9,7.55,2.64,Trung Bình,Trung Bình
SP_00162,[Shop Yêu Thích] Bình Sữa Cổ Rộng Chống Sặc PPSU Siêu Bền Mã SP-0162,Mẹ & Bé,Shop Yêu Thích,Nước Ngoài (Trung Quốc),148000,40,1,15000,15507,737,1153,250,3.75,551,4.94,88.8,99.8,5.7,7.74,32.59,Rủi Ro / Kém,Cao
SP_00163,[Shop Thường] Củ Sạc Nhanh 65W GaN Type-C Thế Hệ Mới Mã SP-0163,Điện Thoại & Phụ Kiện,Shop Thường,Nước Ngoài (Trung Quốc),2821000,20,0,0,15557,1367,2124,323,4.43,1123,4.74,98.9,93.6,2.0,5.53,29.05,Trung Bình,Cao
SP_00164,[Shop Thường] Bộ Cây Lau Nhà Tự Vắt 360 Độ Chống Nước Mã SP-0164,Nhà Cửa & Đời Sống,Shop Thường,Đà Nẵng,295000,30,1,30000,12010,509,1751,1054,4.21,557,4.49,79.9,98.2,2.7,14.81,32.86,Trung Bình,Cao
SP_00165,[Shop Yêu Thích+] Váy Nữ Dáng Xòe Vintage Đa Năng Mã SP-0165,Thời Trang Nam/Nữ,Shop Yêu Thích+,Nước Ngoài (Trung Quốc),346000,40,1,0,1919,113,777,186,3.84,367,4.97,75.6,94.6,2.6,15.95,28.01,Rủi Ro / Kém,Cao
SP_00166,[Shop Yêu Thích] Băng Quấn Cổ Chân Bảo Vệ Khớp Cao Cấp Mã SP-0166,Thể Thao & Du Lịch,Shop Yêu Thích,Đà Nẵng,92000,20,0,30000,27554,3700,1110,451,4.78,427,3.96,71.0,85.9,1.8,3.38,1.4,Tiềm Năng Cao,Cao
SP_00167,[Shopee Mall] Nước Giặt Xả Hương Nước Hoa Đậm Đặc Thế Hệ Mới Mã SP-0167,Bách Hóa Online,Shopee Mall,Đồng Nai,56000,15,0,45000,6302,514,1139,179,4.94,754,4.34,90.7,96.1,2.9,3.59,1.23,Trung Bình,Thấp
SP_00168,[Shop Yêu Thích] Serum Phục Hồi Da B5 Dưỡng Ẩm Sâu Hot Trend Mã SP-0168,Mỹ Phẩm & Làm Đẹp,Shop Yêu Thích,Đà Nẵng,334000,30,1,45000,3596,430,590,125,4.67,371,3.82,88.3,88.3,6.2,6.2,3.69,Rủi Ro / Kém,Trung Bình
SP_00169,[Shop Thường] Xe Đẩy Gấp Gọn Siêu Nhẹ Du Lịch Chống Nước Mã SP-0169,Mẹ & Bé,Shop Thường,Đà Nẵng,283000,15,0,45000,1124,37,509,223,4.1,328,4.79,87.8,93.3,2.9,13.92,21.01,Rủi Ro / Kém,Cao
SP_00170,[Shop Yêu Thích+] Hộp Cơm Cắm Điện Hâm Nóng Tự Động Đa Năng Mã SP-0170,Nhà Cửa & Đời Sống,Shop Yêu Thích+,Đồng Nai,330000,15,1,15000,13906,1728,2600,784,4.71,811,4.88,78.9,92.4,6.0,3.74,3.82,Tiềm Năng Cao,Thấp
SP_00171,[Shop Thường] Sữa Rửa Mặt Dịu Nhẹ Cho Da Dầu Mụn Hot Trend Mã SP-0171,Mỹ Phẩm & Làm Đẹp,Shop Thường,TP. Hồ Chí Minh,987000,25,0,15000,17477,761,974,349,4.81,579,4.81,97.4,93.3,6.2,7.7,3.44,Trung Bình,Trung Bình
SP_00172,[Shop Thường] Máy Hút Bụi Cầm Tay Không Dây Siêu Hút Đa Năng Mã SP-0172,Thiết Bị Điện Gia Dụng,Shop Thường,Hà Nội,2864000,25,0,22000,750,20,434,74,3.68,147,4.36,85.0,98.2,5.8,9.53,16.06,Rủi Ro / Kém,Cao
SP_00173,[Shop Yêu Thích+] Bàn Phím Cơ LED RGB Blue/Red Switch Hot Trend Mã SP-0173,Máy Tính & Laptop,Shop Yêu Thích+,Bình Dương,3502000,60,1,30000,11264,489,718,335,4.79,402,3.97,78.2,85.1,5.3,1.85,3.94,Trung Bình,Cao
SP_00174,[Shop Thường] Tai Nghe Bluetooth True Wireless Chống Ồn Nhập Khẩu Mã SP-0174,Điện Thoại & Phụ Kiện,Shop Thường,Đà Nẵng,3667000,30,1,30000,4352,108,522,473,4.07,319,4.96,70.5,92.9,1.5,14.64,14.11,Trung Bình,Cao
SP_00175,[Shop Thường] Đèn Bàn Học LED Chống Cận Thị Chính Hãng Mã SP-0175,Nhà Cửa & Đời Sống,Shop Thường,TP. Hồ Chí Minh,540000,60,1,22000,16041,942,1889,942,4.74,899,4.0,74.0,95.2,6.5,4.42,3.88,Tiềm Năng Cao,Thấp
SP_00176,[Shop Yêu Thích] Bình Sữa Cổ Rộng Chống Sặc PPSU Hot Trend Mã SP-0176,Mẹ & Bé,Shop Yêu Thích,Hà Nội,159000,15,0,45000,3374,379,891,144,3.68,363,4.41,71.5,92.9,6.5,13.6,25.65,Rủi Ro / Kém,Cao
SP_00177,[Shop Thường] Áo Thun Unisex Cotton 100% Thế Hệ Mới Mã SP-0177,Thời Trang Nam/Nữ,Shop Thường,Cần Thơ,448000,5,0,30000,18113,1976,805,106,3.81,459,4.64,88.2,89.0,2.2,16.04,10.83,Rủi Ro / Kém,Cao
SP_00178,[Shopee Mall] Cáp Sạc Nhanh Tự Ngắt Bọc Dù Chính Hãng Mã SP-0178,Điện Thoại & Phụ Kiện,Shopee Mall,Hà Nội,4227000,15,0,22000,7834,521,1033,117,4.96,519,4.8,98.0,88.1,3.2,0.52,3.52,Trung Bình,Thấp
SP_00179,[Shopee Mall] Hạt Dinh Dưỡng Hạnh Nhân Óc Chó Mix Chính Hãng Mã SP-0179,Bách Hóa Online,Shopee Mall,Hà Nội,128000,20,0,30000,41905,3367,2276,369,3.94,1463,4.99,90.3,90.3,3.6,5.68,30.98,Trung Bình,Cao
SP_00180,[Shop Yêu Thích+] Quần Jean Baggy Form Rộng Thông Minh Mã SP-0180,Thời Trang Nam/Nữ,Shop Yêu Thích+,Hà Nội,425000,40,1,45000,2719,186,354,184,4.6,149,4.12,95.5,90.7,5.5,5.69,4.09,Rủi Ro / Kém,Trung Bình
SP_00181,[Shopee Mall] Chuột Không Dây Silent Siêu Nhạy Thông Minh Mã SP-0181,Máy Tính & Laptop,Shopee Mall,Bình Dương,3558000,60,1,30000,6756,294,960,624,4.52,630,4.76,96.8,95.8,3.9,4.4,4.49,Trung Bình,Thấp
SP_00182,[Shop Yêu Thích+] Áo Thun Unisex Cotton 100% Đa Năng Mã SP-0182,Thời Trang Nam/Nữ,Shop Yêu Thích+,Nước Ngoài (Trung Quốc),71000,50,1,45000,2306,332,787,171,3.84,271,4.67,77.5,94.8,3.2,13.81,18.39,Rủi Ro / Kém,Cao
SP_00183,[Shopee Mall] Túi Trống Thể Thao Tập Gym Du Lịch Cao Cấp Mã SP-0183,Thể Thao & Du Lịch,Shopee Mall,Đồng Nai,185000,50,1,30000,39292,1168,5561,1860,4.8,2800,4.82,81.4,93.1,5.6,1.13,2.5,Tiềm Năng Cao,Thấp
SP_00184,[Shop Thường] Cà Phê Rang Xay Nguyên Chất Đậm Vị Giá Rẻ Mã SP-0184,Bách Hóa Online,Shop Thường,Đà Nẵng,348000,5,0,0,31975,2955,1016,383,4.12,701,3.92,96.7,94.4,4.3,13.49,20.32,Trung Bình,Cao
SP_00185,[Shop Thường] Nồi Chiên Không Dầu Điện Tử 6.5L Hot Trend Mã SP-0185,Thiết Bị Điện Gia Dụng,Shop Thường,Hà Nội,2869000,50,1,45000,4974,334,703,385,4.57,311,4.52,98.9,97.3,3.0,4.68,3.66,Trung Bình,Thấp
SP_00186,[Shop Thường] Hub Chuyển Đổi Type-C 7 in 1 Thông Minh Mã SP-0186,Máy Tính & Laptop,Shop Thường,Bình Dương,1026000,20,0,15000,16681,801,3633,1274,4.78,1251,3.94,97.8,91.1,5.7,5.21,3.97,Tiềm Năng Cao,Trung Bình
SP_00187,[Shop Yêu Thích] Nước Giặt Xả Hương Nước Hoa Đậm Đặc Siêu Bền Mã SP-0187,Bách Hóa Online,Shop Yêu Thích,Đà Nẵng,535000,0,0,0,25992,2496,6474,2734,4.15,2406,4.46,91.9,93.6,2.1,9.62,24.21,Trung Bình,Cao
SP_00188,[Shop Yêu Thích] Dây Nhảy Thể Lực Lõi Thép Chống Rối Thế Hệ Mới Mã SP-0188,Thể Thao & Du Lịch,Shop Yêu Thích,TP. Hồ Chí Minh,305000,30,1,22000,12651,472,1896,1368,4.18,1213,4.96,79.4,93.1,5.2,12.03,13.87,Trung Bình,Cao
SP_00189,[Shop Yêu Thích] Hộp Cơm Cắm Điện Hâm Nóng Tự Động Thông Minh Mã SP-0189,Nhà Cửa & Đời Sống,Shop Yêu Thích,Hà Nội,540000,50,1,22000,11814,1099,2361,1318,4.64,1419,4.65,78.6,97.5,5.7,6.97,2.85,Tiềm Năng Cao,Trung Bình
SP_00190,[Shopee Mall] Tã Bỉm Dán Siêu Thấm Hút Ban Đêm Cao Cấp Mã SP-0190,Mẹ & Bé,Shopee Mall,Nước Ngoài (Trung Quốc),229000,20,0,15000,4653,181,614,124,4.53,374,4.98,94.4,85.5,2.0,7.44,3.83,Rủi Ro / Kém,Cao
SP_00191,[Shop Yêu Thích] Nước Tẩy Trang Micellar Water Dịu Nhẹ Thế Hệ Mới Mã SP-0191,Mỹ Phẩm & Làm Đẹp,Shop Yêu Thích,TP. Hồ Chí Minh,582000,20,0,0,1965,283,650,284,4.08,213,4.91,76.1,96.0,5.8,16.48,19.96,Trung Bình,Cao
SP_00192,[Shop Yêu Thích] Quạt Cây Đứng Điều Khiển Từ Xa Siêu Bền Mã SP-0192,Thiết Bị Điện Gia Dụng,Shop Yêu Thích,Hà Nội,1735000,20,0,0,34626,3005,4141,327,3.76,1684,4.02,95.4,87.4,1.5,10.76,33.31,Rủi Ro / Kém,Cao
SP_00193,[Shopee Mall] Giá Đỡ Laptop Nhôm Tản Nhiệt Gấp Gọn Nhập Khẩu Mã SP-0193,Máy Tính & Laptop,Shopee Mall,Đà Nẵng,2617000,40,1,45000,35101,3931,5609,501,3.61,2821,4.46,86.1,91.2,2.0,7.21,13.76,Rủi Ro / Kém,Trung Bình
SP_00194,[Shop Yêu Thích] Ấm Siêu Tốc 2 Lớp Cách Nhiệt 1.8L Đa Năng Mã SP-0194,Thiết Bị Điện Gia Dụng,Shop Yêu Thích,Hà Nội,4495000,40,1,45000,15540,328,2991,1032,4.97,2001,4.79,71.2,88.6,5.9,3.55,4.08,Tiềm Năng Cao,Thấp
SP_00195,[Shop Yêu Thích+] Bộ Đồ Chơi Xếp Hình Gỗ Trí Uẩn Siêu Bền Mã SP-0195,Mẹ & Bé,Shop Yêu Thích+,Cần Thơ,50000,50,1,22000,6710,558,981,289,4.26,671,4.42,98.7,87.5,4.2,4.11,9.77,Trung Bình,Cao
SP_00196,[Shop Yêu Thích] Son Kem Lì Mịn Môi Lâu Trôi Chính Hãng Mã SP-0196,Mỹ Phẩm & Làm Đẹp,Shop Yêu Thích,Bình Dương,609000,30,1,0,6943,553,768,56,3.73,312,4.7,94.6,86.0,6.1,9.91,20.18,Rủi Ro / Kém,Cao
SP_00197,[Shop Thường] Bộ Đồ Chơi Xếp Hình Gỗ Trí Uẩn Cao Cấp Mã SP-0197,Mẹ & Bé,Shop Thường,Bình Dương,146000,50,1,0,19916,2355,3531,2272,4.43,1774,4.57,90.6,89.3,4.5,8.08,33.02,Tiềm Năng Cao,Cao
SP_00198,[Shop Yêu Thích] Bình Sữa Cổ Rộng Chống Sặc PPSU Giá Rẻ Mã SP-0198,Mẹ & Bé,Shop Yêu Thích,Hà Nội,571000,15,1,30000,34611,2019,6028,4311,4.77,3730,4.76,81.2,95.8,6.2,4.93,3.0,Tiềm Năng Cao,Thấp
SP_00199,[Shop Thường] Áo Thun Unisex Cotton 100% Nhập Khẩu Mã SP-0199,Thời Trang Nam/Nữ,Shop Thường,Đồng Nai,609000,50,1,0,33216,4565,3730,3213,4.62,1336,4.17,88.5,87.7,2.8,1.42,3.52,Tiềm Năng Cao,Cao
SP_00200,[Shopee Mall] Giày Sneaker Thể Thao Trắng Giá Rẻ Mã SP-0200,Thời Trang Nam/Nữ,Shopee Mall,Cần Thơ,356000,5,0,15000,23203,1462,1695,308,4.23,706,4.67,75.8,86.0,3.9,8.76,25.8,Trung Bình,Cao
SP_00201,[Shop Yêu Thích+] Lót Chuột Gaming Khổ Lớn 80x30cm Nhập Khẩu Mã SP-0201,Máy Tính & Laptop,Shop Yêu Thích+,Hà Nội,2741000,30,1,15000,15909,776,3299,421,3.87,1891,3.81,84.4,89.9,3.7,15.23,21.15,Rủi Ro / Kém,Cao
SP_00202,[Shop Yêu Thích+] Lót Chuột Gaming Khổ Lớn 80x30cm Chính Hãng Mã SP-0202,Máy Tính & Laptop,Shop Yêu Thích+,Đồng Nai,1296000,50,1,15000,1818,54,103,74,4.83,69,4.12,93.1,93.6,2.6,0.79,1.67,Rủi Ro / Kém,Thấp
SP_00203,[Shop Thường] Hạt Dinh Dưỡng Hạnh Nhân Óc Chó Mix Chống Nước Mã SP-0203,Bách Hóa Online,Shop Thường,Đồng Nai,253000,60,1,22000,3144,99,360,245,4.25,229,3.96,75.0,94.1,4.1,10.47,12.84,Trung Bình,Cao
SP_00204,[Shopee Mall] Hub Chuyển Đổi Type-C 7 in 1 Chống Nước Mã SP-0204,Máy Tính & Laptop,Shopee Mall,Cần Thơ,1942000,40,1,15000,34823,890,3102,1928,4.05,2074,3.88,71.2,98.0,4.7,5.5,34.15,Trung Bình,Cao
SP_00205,[Shop Yêu Thích] Hộp Cơm Cắm Điện Hâm Nóng Tự Động Nhập Khẩu Mã SP-0205,Nhà Cửa & Đời Sống,Shop Yêu Thích,Bình Dương,410000,30,1,22000,14487,436,1710,506,4.85,1076,4.51,93.8,90.1,5.9,0.55,4.47,Trung Bình,Thấp
SP_00206,[Shop Yêu Thích+] Bàn Phím Cơ LED RGB Blue/Red Switch Chính Hãng Mã SP-0206,Máy Tính & Laptop,Shop Yêu Thích+,Đồng Nai,1882000,10,1,22000,638,67,256,156,4.73,130,4.52,74.8,88.1,5.7,0.68,0.69,Rủi Ro / Kém,Thấp
SP_00207,[Shopee Mall] Bàn Phím Cơ LED RGB Blue/Red Switch Siêu Bền Mã SP-0207,Máy Tính & Laptop,Shopee Mall,Nước Ngoài (Trung Quốc),1353000,0,1,15000,2104,307,817,544,4.11,342,4.42,83.5,86.3,6.5,16.58,12.61,Trung Bình,Cao
SP_00208,[Shop Yêu Thích] Khăn Ướt Kháng Khuẩn Không Mùi Thông Minh Mã SP-0208,Mẹ & Bé,Shop Yêu Thích,Đồng Nai,548000,20,1,22000,16837,487,1983,404,4.39,1281,4.91,82.6,92.5,2.2,5.4,20.85,Trung Bình,Cao
SP_00209,[Shopee Mall] Giày Sneaker Thể Thao Trắng Siêu Bền Mã SP-0209,Thời Trang Nam/Nữ,Shopee Mall,Bình Dương,154000,40,1,15000,576,11,493,284,4.31,225,4.88,85.9,85.6,2.6,15.63,29.32,Rủi Ro / Kém,Cao
SP_00210,[Shopee Mall] Quạt Cây Đứng Điều Khiển Từ Xa Nhập Khẩu Mã SP-0210,Thiết Bị Điện Gia Dụng,Shopee Mall,Cần Thơ,3635000,10,0,15000,3129,305,609,40,3.63,360,4.89,87.3,96.7,2.1,4.1,25.67,Rủi Ro / Kém,Cao
SP_00211,[Shopee Mall] Máy Xay Sinh Tố Mini Cầm Tay 6 Lưỡi Chống Nước Mã SP-0211,Thiết Bị Điện Gia Dụng,Shopee Mall,Đà Nẵng,1417000,30,1,45000,12435,933,1524,1128,4.78,586,4.1,86.7,93.2,2.4,4.97,2.68,Tiềm Năng Cao,Thấp
SP_00212,[Shopee Mall] Máy Xay Sinh Tố Mini Cầm Tay 6 Lưỡi Thông Minh Mã SP-0212,Thiết Bị Điện Gia Dụng,Shopee Mall,Bình Dương,2032000,40,1,15000,18159,2218,4068,2708,4.26,1486,3.92,70.2,99.3,2.0,6.11,33.0,Trung Bình,Cao
SP_00213,[Shop Yêu Thích] Củ Sạc Nhanh 65W GaN Type-C Đa Năng Mã SP-0213,Điện Thoại & Phụ Kiện,Shop Yêu Thích,Đồng Nai,3187000,5,0,30000,16331,1719,1834,220,4.1,1122,4.92,84.8,87.6,1.6,16.33,33.13,Trung Bình,Cao
SP_00214,[Shop Yêu Thích] Đèn Bàn Học LED Chống Cận Thị Cao Cấp Mã SP-0214,Nhà Cửa & Đời Sống,Shop Yêu Thích,Nước Ngoài (Trung Quốc),198000,0,0,0,4309,240,859,81,3.63,464,4.97,92.1,92.7,1.8,5.31,15.68,Rủi Ro / Kém,Cao
SP_00215,[Shop Yêu Thích+] Túi Trống Thể Thao Tập Gym Du Lịch Chống Nước Mã SP-0215,Thể Thao & Du Lịch,Shop Yêu Thích+,Nước Ngoài (Trung Quốc),308000,15,0,15000,19181,395,1583,217,4.11,525,4.35,98.4,89.4,5.5,17.87,31.66,Trung Bình,Cao
SP_00216,[Shop Thường] Gối Cao Su Non Công Thái Học Thế Hệ Mới Mã SP-0216,Nhà Cửa & Đời Sống,Shop Thường,Đồng Nai,274000,25,0,30000,4562,602,762,94,4.84,426,4.62,90.3,99.7,2.6,3.03,4.8,Rủi Ro / Kém,Thấp
SP_00217,[Shop Yêu Thích] Thảm Tập Yoga TPE 2 Lớp Chống Trượt Đa Năng Mã SP-0217,Thể Thao & Du Lịch,Shop Yêu Thích,TP. Hồ Chí Minh,319000,5,0,22000,6404,524,1157,348,4.9,436,3.89,97.9,96.0,2.5,6.4,1.56,Trung Bình,Trung Bình
SP_00218,[Shop Yêu Thích] Đèn Bàn Học LED Chống Cận Thị Hot Trend Mã SP-0218,Nhà Cửa & Đời Sống,Shop Yêu Thích,Đồng Nai,280000,60,1,22000,21085,2943,4116,585,3.66,2650,3.99,95.4,99.2,3.4,8.57,32.25,Rủi Ro / Kém,Cao
SP_00219,[Shop Yêu Thích+] Gối Cao Su Non Công Thái Học Thông Minh Mã SP-0219,Nhà Cửa & Đời Sống,Shop Yêu Thích+,Hà Nội,432000,15,0,15000,16231,1333,2684,594,4.7,1733,3.86,83.7,96.5,2.1,4.65,1.92,Trung Bình,Thấp
SP_00220,[Shopee Mall] Quần Jean Baggy Form Rộng Thế Hệ Mới Mã SP-0220,Thời Trang Nam/Nữ,Shopee Mall,TP. Hồ Chí Minh,392000,25,0,22000,28879,1589,7141,651,3.89,3571,4.02,91.0,88.1,3.4,16.39,15.55,Rủi Ro / Kém,Cao
SP_00221,[Shopee Mall] Lót Chuột Gaming Khổ Lớn 80x30cm Hot Trend Mã SP-0221,Máy Tính & Laptop,Shopee Mall,Đà Nẵng,2361000,15,0,30000,16577,1923,2236,361,4.7,1122,4.04,95.5,99.7,4.1,6.26,4.03,Trung Bình,Trung Bình
SP_00222,[Shopee Mall] Bộ Cây Lau Nhà Tự Vắt 360 Độ Nhập Khẩu Mã SP-0222,Nhà Cửa & Đời Sống,Shopee Mall,Nước Ngoài (Trung Quốc),432000,5,0,0,13100,1690,1061,92,3.88,476,4.06,98.0,93.3,2.8,4.29,11.27,Rủi Ro / Kém,Trung Bình
SP_00223,[Shop Yêu Thích] Nước Tẩy Trang Micellar Water Dịu Nhẹ Nhập Khẩu Mã SP-0223,Mỹ Phẩm & Làm Đẹp,Shop Yêu Thích,Bình Dương,858000,20,0,45000,1975,267,380,99,4.6,264,4.38,89.2,97.9,6.1,3.87,3.26,Rủi Ro / Kém,Thấp
SP_00224,[Shop Yêu Thích+] Củ Sạc Nhanh 65W GaN Type-C Thông Minh Mã SP-0224,Điện Thoại & Phụ Kiện,Shop Yêu Thích+,Cần Thơ,2019000,25,0,22000,7376,526,2070,832,4.41,926,4.65,99.0,93.7,3.6,6.67,8.62,Trung Bình,Trung Bình
SP_00225,[Shop Yêu Thích] Sữa Rửa Mặt Dịu Nhẹ Cho Da Dầu Mụn Chính Hãng Mã SP-0225,Mỹ Phẩm & Làm Đẹp,Shop Yêu Thích,TP. Hồ Chí Minh,229000,30,1,0,5122,417,618,292,4.91,210,3.91,74.7,88.9,4.8,7.58,1.89,Trung Bình,Trung Bình
SP_00226,[Shop Yêu Thích] Gối Cao Su Non Công Thái Học Thông Minh Mã SP-0226,Nhà Cửa & Đời Sống,Shop Yêu Thích,Đồng Nai,564000,10,1,22000,4695,384,1433,438,3.99,512,4.83,86.2,99.0,4.5,10.62,28.22,Trung Bình,Cao
SP_00227,[Shop Yêu Thích+] Khăn Ướt Kháng Khuẩn Không Mùi Siêu Bền Mã SP-0227,Mẹ & Bé,Shop Yêu Thích+,Nước Ngoài (Trung Quốc),380000,40,1,45000,54684,3282,6688,716,3.63,4192,4.07,80.3,97.5,3.8,4.12,32.9,Rủi Ro / Kém,Cao
SP_00228,[Shop Thường] Trà Xanh Thái Nguyên Thượng Hạng Cao Cấp Mã SP-0228,Bách Hóa Online,Shop Thường,Nước Ngoài (Trung Quốc),324000,60,1,15000,7990,355,2023,695,4.32,1208,4.76,81.4,90.8,2.8,10.12,14.47,Trung Bình,Cao
SP_00229,[Shop Yêu Thích+] Hộp Cơm Cắm Điện Hâm Nóng Tự Động Siêu Bền Mã SP-0229,Nhà Cửa & Đời Sống,Shop Yêu Thích+,Đà Nẵng,447000,15,0,15000,33890,2683,4760,605,3.67,1790,3.96,71.5,85.3,4.2,6.7,10.76,Rủi Ro / Kém,Cao
SP_00230,[Shop Yêu Thích] Hub Chuyển Đổi Type-C 7 in 1 Cao Cấp Mã SP-0230,Máy Tính & Laptop,Shop Yêu Thích,TP. Hồ Chí Minh,888000,10,1,15000,15460,1915,4105,749,3.97,1368,4.21,74.4,96.1,2.8,9.69,22.67,Trung Bình,Cao
SP_00231,[Shopee Mall] Sữa Rửa Mặt Dịu Nhẹ Cho Da Dầu Mụn Thế Hệ Mới Mã SP-0231,Mỹ Phẩm & Làm Đẹp,Shopee Mall,Hà Nội,183000,15,0,30000,24257,1113,4709,1329,4.99,3267,4.1,90.4,92.0,3.1,3.08,3.33,Tiềm Năng Cao,Thấp
SP_00232,[Shop Yêu Thích+] Túi Trống Thể Thao Tập Gym Du Lịch Chính Hãng Mã SP-0232,Thể Thao & Du Lịch,Shop Yêu Thích+,Cần Thơ,517000,20,1,0,10976,380,2033,172,3.83,1090,4.84,77.3,90.9,6.3,12.43,26.65,Rủi Ro / Kém,Cao
SP_00233,[Shop Yêu Thích] Giá Đỡ Laptop Nhôm Tản Nhiệt Gấp Gọn Chính Hãng Mã SP-0233,Máy Tính & Laptop,Shop Yêu Thích,Nước Ngoài (Trung Quốc),1441000,40,1,0,13402,1957,2681,609,4.01,1561,4.62,73.8,96.7,2.7,18.23,29.29,Trung Bình,Cao
SP_00234,[Shopee Mall] Máy Xay Sinh Tố Mini Cầm Tay 6 Lưỡi Hot Trend Mã SP-0234,Thiết Bị Điện Gia Dụng,Shopee Mall,Nước Ngoài (Trung Quốc),3244000,25,0,22000,10674,820,1378,374,4.23,730,4.88,79.7,93.0,3.8,16.58,24.16,Trung Bình,Cao
SP_00235,[Shop Yêu Thích] Bình Nước Thể Thao 2 Lít Có Vạch Chia Chính Hãng Mã SP-0235,Thể Thao & Du Lịch,Shop Yêu Thích,Nước Ngoài (Trung Quốc),485000,20,0,45000,3758,386,530,86,3.5,295,4.24,88.6,90.4,3.1,4.92,34.11,Rủi Ro / Kém,Cao
SP_00236,[Shop Thường] Tã Bỉm Dán Siêu Thấm Hút Ban Đêm Siêu Bền Mã SP-0236,Mẹ & Bé,Shop Thường,Nước Ngoài (Trung Quốc),589000,10,0,22000,19726,641,3483,546,3.98,1230,4.29,76.1,97.9,3.9,5.43,23.42,Trung Bình,Cao
SP_00237,[Shop Yêu Thích+] Xe Đẩy Gấp Gọn Siêu Nhẹ Du Lịch Siêu Bền Mã SP-0237,Mẹ & Bé,Shop Yêu Thích+,Nước Ngoài (Trung Quốc),75000,25,1,0,5443,572,1711,440,4.88,559,3.82,98.1,93.3,3.6,3.45,3.69,Trung Bình,Thấp
SP_00238,[Shopee Mall] Bộ Cây Lau Nhà Tự Vắt 360 Độ Cao Cấp Mã SP-0238,Nhà Cửa & Đời Sống,Shopee Mall,Đồng Nai,336000,5,0,45000,869,77,341,112,4.59,185,3.92,86.8,99.0,4.3,6.47,3.95,Rủi Ro / Kém,Trung Bình
SP_00239,[Shopee Mall] Máy Xay Sinh Tố Mini Cầm Tay 6 Lưỡi Thế Hệ Mới Mã SP-0239,Thiết Bị Điện Gia Dụng,Shopee Mall,Đà Nẵng,1516000,10,0,45000,16054,2404,2236,371,3.74,1167,4.21,95.3,99.8,3.6,13.18,30.31,Rủi Ro / Kém,Cao
SP_00240,[Shop Yêu Thích] Nước Tẩy Trang Micellar Water Dịu Nhẹ Siêu Bền Mã SP-0240,Mỹ Phẩm & Làm Đẹp,Shop Yêu Thích,Hà Nội,443000,50,1,22000,3424,495,129,104,4.18,70,4.23,79.1,99.7,3.0,7.22,31.1,Rủi Ro / Kém,Cao
SP_00241,[Shop Yêu Thích] Bộ Cây Lau Nhà Tự Vắt 360 Độ Siêu Bền Mã SP-0241,Nhà Cửa & Đời Sống,Shop Yêu Thích,Bình Dương,121000,0,0,15000,42816,4096,3904,800,4.05,2067,3.97,76.5,93.4,1.9,8.71,21.03,Trung Bình,Cao
SP_00242,[Shopee Mall] Kính Cường Lực 9D Full Màn Đa Năng Mã SP-0242,Điện Thoại & Phụ Kiện,Shopee Mall,Đồng Nai,3275000,5,0,22000,46663,3459,10763,3978,4.73,6452,4.22,97.9,97.6,4.7,5.56,0.74,Tiềm Năng Cao,Trung Bình
SP_00243,[Shop Yêu Thích] Váy Nữ Dáng Xòe Vintage Siêu Bền Mã SP-0243,Thời Trang Nam/Nữ,Shop Yêu Thích,Hà Nội,393000,50,1,15000,37452,5604,9519,5146,4.51,3706,3.98,81.8,89.3,2.2,1.16,3.07,Tiềm Năng Cao,Thấp
SP_00244,[Shopee Mall] Dây Nhảy Thể Lực Lõi Thép Chống Rối Đa Năng Mã SP-0244,Thể Thao & Du Lịch,Shopee Mall,Cần Thơ,433000,50,1,30000,7434,279,1396,240,3.7,737,4.73,85.7,99.8,2.7,7.86,19.61,Rủi Ro / Kém,Cao
SP_00245,[Shop Thường] Củ Sạc Nhanh 65W GaN Type-C Thế Hệ Mới Mã SP-0245,Điện Thoại & Phụ Kiện,Shop Thường,Cần Thơ,3142000,25,1,22000,733,43,506,158,3.54,282,4.51,97.7,91.5,2.7,13.94,12.21,Rủi Ro / Kém,Cao
SP_00246,[Shop Yêu Thích] Củ Sạc Nhanh 65W GaN Type-C Cao Cấp Mã SP-0246,Điện Thoại & Phụ Kiện,Shop Yêu Thích,Đồng Nai,1359000,20,1,0,40032,2527,7836,2376,4.21,3166,4.17,91.9,92.1,2.2,14.13,8.5,Trung Bình,Cao
SP_00247,[Shop Yêu Thích] Thảm Tập Yoga TPE 2 Lớp Chống Trượt Đa Năng Mã SP-0247,Thể Thao & Du Lịch,Shop Yêu Thích,Bình Dương,86000,20,1,45000,8884,1269,744,299,4.2,424,4.13,70.6,97.8,5.8,13.42,14.24,Trung Bình,Cao
SP_00248,[Shop Thường] Thảm Tập Yoga TPE 2 Lớp Chống Trượt Chống Nước Mã SP-0248,Thể Thao & Du Lịch,Shop Thường,Đà Nẵng,636000,50,1,0,51512,4097,12064,2926,4.25,5095,4.02,92.3,92.3,1.6,13.92,17.6,Trung Bình,Cao
SP_00249,[Shopee Mall] Nước Tẩy Trang Micellar Water Dịu Nhẹ Đa Năng Mã SP-0249,Mỹ Phẩm & Làm Đẹp,Shopee Mall,TP. Hồ Chí Minh,699000,20,0,0,50206,2476,5492,1811,4.92,1845,4.93,98.8,90.7,4.6,5.5,1.52,Tiềm Năng Cao,Trung Bình
SP_00250,[Shop Yêu Thích+] Hub Chuyển Đổi Type-C 7 in 1 Đa Năng Mã SP-0250,Máy Tính & Laptop,Shop Yêu Thích+,Đồng Nai,3829000,50,1,15000,29260,2644,6479,737,3.71,4277,4.05,82.9,98.5,6.0,15.17,25.72,Rủi Ro / Kém,Cao
SP_00251,[Shopee Mall] Giá Đỡ Laptop Nhôm Tản Nhiệt Gấp Gọn Chính Hãng Mã SP-0251,Máy Tính & Laptop,Shopee Mall,TP. Hồ Chí Minh,1658000,25,0,15000,5731,770,913,188,4.65,551,4.67,89.1,97.2,5.2,1.72,1.35,Trung Bình,Thấp
SP_00252,[Shop Yêu Thích+] Chuột Không Dây Silent Siêu Nhạy Nhập Khẩu Mã SP-0252,Máy Tính & Laptop,Shop Yêu Thích+,Hà Nội,2041000,60,1,15000,7794,236,1648,334,3.54,968,4.08,95.6,90.5,4.0,5.99,13.22,Rủi Ro / Kém,Trung Bình
SP_00253,[Shop Thường] Bình Sữa Cổ Rộng Chống Sặc PPSU Đa Năng Mã SP-0253,Mẹ & Bé,Shop Thường,Đà Nẵng,252000,15,0,0,29070,2241,5180,1107,4.93,2507,4.01,82.1,88.7,1.7,6.38,2.21,Tiềm Năng Cao,Trung Bình
SP_00254,[Shopee Mall] Khăn Ướt Kháng Khuẩn Không Mùi Nhập Khẩu Mã SP-0254,Mẹ & Bé,Shopee Mall,Nước Ngoài (Trung Quốc),558000,5,0,0,6217,559,1562,184,3.87,796,4.85,71.5,94.3,3.0,9.77,16.22,Rủi Ro / Kém,Cao
SP_00255,[Shop Thường] Gối Cao Su Non Công Thái Học Thông Minh Mã SP-0255,Nhà Cửa & Đời Sống,Shop Thường,TP. Hồ Chí Minh,326000,60,1,0,3285,263,621,307,4.86,384,4.63,90.9,98.9,2.2,3.81,2.53,Trung Bình,Thấp
SP_00256,[Shop Thường] Nước Giặt Xả Hương Nước Hoa Đậm Đặc Hot Trend Mã SP-0256,Bách Hóa Online,Shop Thường,Hà Nội,117000,20,0,15000,12706,442,1832,94,3.69,1072,4.66,99.3,95.8,4.6,6.32,22.86,Rủi Ro / Kém,Cao
SP_00257,[Shop Yêu Thích] Giá Đỡ Laptop Nhôm Tản Nhiệt Gấp Gọn Nhập Khẩu Mã SP-0257,Máy Tính & Laptop,Shop Yêu Thích,Nước Ngoài (Trung Quốc),1478000,10,1,0,41769,5009,5683,781,3.96,3893,4.3,93.0,85.1,1.6,11.22,21.46,Trung Bình,Cao
SP_00258,[Shop Yêu Thích] Giày Sneaker Thể Thao Trắng Giá Rẻ Mã SP-0258,Thời Trang Nam/Nữ,Shop Yêu Thích,Nước Ngoài (Trung Quốc),281000,60,1,30000,18362,1802,1038,561,4.16,547,4.34,71.5,97.2,2.2,13.47,8.99,Trung Bình,Cao
SP_00259,[Shop Yêu Thích+] Giày Sneaker Thể Thao Trắng Nhập Khẩu Mã SP-0259,Thời Trang Nam/Nữ,Shop Yêu Thích+,Đà Nẵng,398000,5,1,30000,13161,749,2676,662,3.74,997,4.99,87.4,91.7,6.2,5.35,16.08,Rủi Ro / Kém,Cao
SP_00260,[Shopee Mall] Bình Sữa Cổ Rộng Chống Sặc PPSU Thế Hệ Mới Mã SP-0260,Mẹ & Bé,Shopee Mall,Nước Ngoài (Trung Quốc),324000,40,1,15000,2033,127,363,229,4.79,129,3.95,88.9,95.8,6.4,4.37,3.6,Trung Bình,Thấp
SP_00261,[Shop Yêu Thích+] Gối Cao Su Non Công Thái Học Nhập Khẩu Mã SP-0261,Nhà Cửa & Đời Sống,Shop Yêu Thích+,Bình Dương,290000,50,1,45000,14817,546,2554,1585,4.03,1596,4.99,77.0,98.1,3.0,6.81,11.19,Trung Bình,Trung Bình
SP_00262,[Shop Thường] Tai Nghe Bluetooth True Wireless Chống Ồn Nhập Khẩu Mã SP-0262,Điện Thoại & Phụ Kiện,Shop Thường,Cần Thơ,3541000,0,0,45000,69658,7194,12804,1928,3.82,5422,4.77,79.7,92.5,1.5,13.94,17.22,Rủi Ro / Kém,Cao
SP_00263,[Shop Yêu Thích+] Quần Jean Baggy Form Rộng Hot Trend Mã SP-0263,Thời Trang Nam/Nữ,Shop Yêu Thích+,Đồng Nai,912000,25,0,30000,2763,287,706,184,4.7,461,4.9,83.9,98.3,5.6,7.92,0.75,Trung Bình,Trung Bình
SP_00264,[Shopee Mall] Bộ Cây Lau Nhà Tự Vắt 360 Độ Chống Nước Mã SP-0264,Nhà Cửa & Đời Sống,Shopee Mall,Nước Ngoài (Trung Quốc),238000,60,1,22000,11457,755,2940,1860,4.83,1328,4.76,75.0,92.9,4.5,2.0,1.03,Tiềm Năng Cao,Thấp
SP_00265,[Shop Yêu Thích+] Hộp Cơm Cắm Điện Hâm Nóng Tự Động Cao Cấp Mã SP-0265,Nhà Cửa & Đời Sống,Shop Yêu Thích+,Đồng Nai,448000,5,0,15000,31979,1897,4752,661,4.74,2922,4.25,97.4,96.5,3.7,0.7,2.67,Tiềm Năng Cao,Thấp
SP_00266,[Shop Thường] Bàn Phím Cơ LED RGB Blue/Red Switch Chống Nước Mã SP-0266,Máy Tính & Laptop,Shop Thường,Nước Ngoài (Trung Quốc),4439000,20,0,15000,20750,3064,3055,209,3.65,966,4.72,95.9,90.7,2.1,8.51,9.19,Rủi Ro / Kém,Trung Bình
SP_00267,[Shopee Mall] Cáp Sạc Nhanh Tự Ngắt Bọc Dù Giá Rẻ Mã SP-0267,Điện Thoại & Phụ Kiện,Shopee Mall,Đồng Nai,994000,50,1,22000,18411,1897,1514,391,4.64,652,3.83,73.5,91.5,2.2,2.69,0.57,Trung Bình,Thấp
SP_00268,[Shop Yêu Thích] Túi Trống Thể Thao Tập Gym Du Lịch Chính Hãng Mã SP-0268,Thể Thao & Du Lịch,Shop Yêu Thích,Bình Dương,580000,25,0,22000,18684,1061,1612,336,4.56,1063,3.97,71.5,93.0,1.6,7.73,0.73,Trung Bình,Trung Bình
SP_00269,[Shop Thường] Áo Thun Unisex Cotton 100% Thế Hệ Mới Mã SP-0269,Thời Trang Nam/Nữ,Shop Thường,Nước Ngoài (Trung Quốc),242000,60,1,45000,7182,559,957,716,4.54,548,4.56,99.2,92.9,5.3,4.23,1.09,Trung Bình,Thấp
SP_00270,[Shop Yêu Thích+] Cà Phê Rang Xay Nguyên Chất Đậm Vị Giá Rẻ Mã SP-0270,Bách Hóa Online,Shop Yêu Thích+,Đà Nẵng,501000,40,1,15000,5713,779,691,125,3.72,396,4.94,96.5,96.7,3.8,4.44,20.83,Rủi Ro / Kém,Cao
SP_00271,[Shop Yêu Thích+] Bánh Quy Bơ Phô Mai Giòn Rụm Thông Minh Mã SP-0271,Bách Hóa Online,Shop Yêu Thích+,Bình Dương,381000,60,1,45000,25360,3202,5382,864,3.65,2269,3.95,87.7,91.8,2.7,7.53,12.29,Rủi Ro / Kém,Trung Bình
SP_00272,[Shop Yêu Thích] Bình Sữa Cổ Rộng Chống Sặc PPSU Chống Nước Mã SP-0272,Mẹ & Bé,Shop Yêu Thích,TP. Hồ Chí Minh,630000,30,1,30000,25419,2802,2082,564,4.01,1107,4.48,87.8,92.2,3.8,12.05,30.19,Trung Bình,Cao
SP_00273,[Shopee Mall] Gối Cao Su Non Công Thái Học Chính Hãng Mã SP-0273,Nhà Cửa & Đời Sống,Shopee Mall,Bình Dương,635000,30,1,22000,30769,977,6917,4150,4.49,4320,4.39,89.8,96.2,3.8,8.23,24.62,Tiềm Năng Cao,Cao
SP_00274,[Shop Yêu Thích+] Serum Phục Hồi Da B5 Dưỡng Ẩm Sâu Chống Nước Mã SP-0274,Mỹ Phẩm & Làm Đẹp,Shop Yêu Thích+,Cần Thơ,642000,20,0,30000,37169,5528,6203,2761,4.87,2868,4.66,78.8,86.9,3.3,4.89,0.74,Tiềm Năng Cao,Cao
SP_00275,[Shop Yêu Thích+] Băng Quấn Cổ Chân Bảo Vệ Khớp Chính Hãng Mã SP-0275,Thể Thao & Du Lịch,Shop Yêu Thích+,Đà Nẵng,56000,15,0,45000,11241,784,1569,108,3.98,584,4.27,86.7,87.1,5.7,9.22,19.27,Trung Bình,Cao
SP_00276,[Shopee Mall] Bàn Phím Cơ LED RGB Blue/Red Switch Cao Cấp Mã SP-0276,Máy Tính & Laptop,Shopee Mall,Đồng Nai,278000,10,0,30000,10942,411,1080,265,4.96,526,4.59,88.1,96.7,3.6,1.94,2.79,Trung Bình,Thấp
SP_00277,[Shop Yêu Thích] Bánh Quy Bơ Phô Mai Giòn Rụm Chống Nước Mã SP-0277,Bách Hóa Online,Shop Yêu Thích,Cần Thơ,215000,30,1,45000,24514,2819,4722,2062,4.25,2114,3.81,87.0,99.5,5.0,5.64,21.0,Trung Bình,Cao
SP_00278,[Shop Yêu Thích+] Tai Nghe Bluetooth True Wireless Chống Ồn Siêu Bền Mã SP-0278,Điện Thoại & Phụ Kiện,Shop Yêu Thích+,Bình Dương,3958000,50,1,0,16245,842,3090,1845,4.42,1715,4.43,79.4,96.8,1.8,8.98,29.02,Tiềm Năng Cao,Cao
SP_00279,[Shop Yêu Thích+] Nước Giặt Xả Hương Nước Hoa Đậm Đặc Giá Rẻ Mã SP-0279,Bách Hóa Online,Shop Yêu Thích+,Cần Thơ,456000,25,0,22000,18658,2611,4017,602,3.55,1628,4.15,87.3,94.3,4.4,13.52,15.88,Rủi Ro / Kém,Cao
SP_00280,[Shopee Mall] Váy Nữ Dáng Xòe Vintage Giá Rẻ Mã SP-0280,Thời Trang Nam/Nữ,Shopee Mall,Nước Ngoài (Trung Quốc),188000,50,1,0,24329,905,2682,400,3.92,1457,4.82,92.2,98.5,4.8,9.36,12.74,Trung Bình,Trung Bình
SP_00281,[Shopee Mall] Son Kem Lì Mịn Môi Lâu Trôi Thông Minh Mã SP-0281,Mỹ Phẩm & Làm Đẹp,Shopee Mall,Đà Nẵng,410000,5,0,45000,33609,2839,8758,820,3.73,4946,4.92,75.0,95.7,4.4,16.21,9.47,Rủi Ro / Kém,Cao
SP_00282,[Shop Thường] Củ Sạc Nhanh 65W GaN Type-C Thông Minh Mã SP-0282,Điện Thoại & Phụ Kiện,Shop Thường,Đồng Nai,3416000,40,1,22000,6687,935,903,540,4.92,328,4.37,70.4,97.9,6.1,4.09,3.55,Trung Bình,Thấp
SP_00283,[Shop Yêu Thích+] Áo Thun Unisex Cotton 100% Siêu Bền Mã SP-0283,Thời Trang Nam/Nữ,Shop Yêu Thích+,Cần Thơ,923000,30,1,45000,7564,480,731,251,4.79,359,4.9,77.3,95.0,4.9,6.66,2.84,Trung Bình,Trung Bình
SP_00284,[Shopee Mall] Giá Đỡ Laptop Nhôm Tản Nhiệt Gấp Gọn Siêu Bền Mã SP-0284,Máy Tính & Laptop,Shopee Mall,Cần Thơ,219000,5,1,0,1980,130,513,112,4.53,177,4.43,89.7,98.9,5.7,8.1,3.37,Rủi Ro / Kém,Trung Bình
SP_00285,[Shop Yêu Thích] Củ Sạc Nhanh 65W GaN Type-C Nhập Khẩu Mã SP-0285,Điện Thoại & Phụ Kiện,Shop Yêu Thích,Nước Ngoài (Trung Quốc),3229000,60,1,15000,13451,712,2274,490,4.54,1592,4.88,90.8,96.4,4.8,6.66,1.66,Trung Bình,Trung Bình
SP_00286,[Shop Thường] Cáp Sạc Nhanh Tự Ngắt Bọc Dù Cao Cấp Mã SP-0286,Điện Thoại & Phụ Kiện,Shop Thường,Hà Nội,3333000,25,0,22000,1049,81,629,42,3.9,292,4.95,73.3,94.6,4.2,10.25,24.58,Rủi Ro / Kém,Cao
SP_00287,[Shopee Mall] Trà Xanh Thái Nguyên Thượng Hạng Chính Hãng Mã SP-0287,Bách Hóa Online,Shopee Mall,Nước Ngoài (Trung Quốc),99000,5,0,22000,9899,838,1728,294,3.53,982,4.73,91.0,88.9,6.0,12.33,21.92,Rủi Ro / Kém,Cao
SP_00288,[Shop Thường] Bánh Quy Bơ Phô Mai Giòn Rụm Thế Hệ Mới Mã SP-0288,Bách Hóa Online,Shop Thường,Nước Ngoài (Trung Quốc),96000,50,1,15000,12234,1545,1964,1236,4.93,856,3.8,71.7,89.5,6.5,5.68,2.14,Tiềm Năng Cao,Trung Bình
SP_00289,[Shop Yêu Thích+] Nồi Chiên Không Dầu Điện Tử 6.5L Giá Rẻ Mã SP-0289,Thiết Bị Điện Gia Dụng,Shop Yêu Thích+,Đồng Nai,1813000,10,0,30000,5564,393,659,59,3.95,225,4.59,92.1,94.4,2.2,6.8,27.43,Rủi Ro / Kém,Cao
SP_00290,[Shopee Mall] Son Kem Lì Mịn Môi Lâu Trôi Thế Hệ Mới Mã SP-0290,Mỹ Phẩm & Làm Đẹp,Shopee Mall,Cần Thơ,870000,50,1,22000,13904,1745,3391,517,4.95,2090,4.4,73.5,85.6,5.5,5.84,2.56,Trung Bình,Cao
SP_00291,[Shop Yêu Thích] Bình Nước Thể Thao 2 Lít Có Vạch Chia Nhập Khẩu Mã SP-0291,Thể Thao & Du Lịch,Shop Yêu Thích,Nước Ngoài (Trung Quốc),98000,0,0,30000,964,134,407,133,4.21,129,4.58,97.1,94.4,5.6,5.41,24.5,Rủi Ro / Kém,Cao
SP_00292,[Shop Thường] Củ Sạc Nhanh 65W GaN Type-C Chính Hãng Mã SP-0292,Điện Thoại & Phụ Kiện,Shop Thường,Đà Nẵng,1956000,5,0,30000,1070,124,197,86,4.75,109,4.2,95.1,87.0,5.5,6.61,3.17,Rủi Ro / Kém,Cao
SP_00293,[Shop Yêu Thích] Củ Sạc Nhanh 65W GaN Type-C Đa Năng Mã SP-0293,Điện Thoại & Phụ Kiện,Shop Yêu Thích,Hà Nội,3550000,10,0,45000,26440,2529,1983,314,3.87,1085,4.0,70.5,96.5,3.9,4.09,12.84,Rủi Ro / Kém,Trung Bình
SP_00294,[Shop Yêu Thích] Gối Cao Su Non Công Thái Học Giá Rẻ Mã SP-0294,Nhà Cửa & Đời Sống,Shop Yêu Thích,TP. Hồ Chí Minh,236000,10,0,45000,7198,307,1626,106,3.86,817,4.34,88.8,99.1,5.4,9.04,8.12,Rủi Ro / Kém,Trung Bình
SP_00295,[Shopee Mall] Kem Chống Nắng Kiềm Dầu SPF50+ Siêu Bền Mã SP-0295,Mỹ Phẩm & Làm Đẹp,Shopee Mall,Hà Nội,692000,25,0,45000,2538,257,229,38,4.2,146,4.41,99.1,95.1,3.9,6.56,26.09,Rủi Ro / Kém,Cao
SP_00296,[Shop Yêu Thích] Váy Nữ Dáng Xòe Vintage Đa Năng Mã SP-0296,Thời Trang Nam/Nữ,Shop Yêu Thích,Cần Thơ,504000,20,0,30000,11579,1623,1207,132,4.61,615,3.85,77.1,86.0,3.7,5.14,2.39,Trung Bình,Cao
SP_00297,[Shop Yêu Thích+] Máy Hút Bụi Cầm Tay Không Dây Siêu Hút Chính Hãng Mã SP-0297,Thiết Bị Điện Gia Dụng,Shop Yêu Thích+,Đà Nẵng,2015000,5,1,30000,22544,1097,3270,658,4.06,1268,4.84,75.3,94.0,3.4,10.64,13.24,Trung Bình,Cao
SP_00298,[Shop Yêu Thích] Đèn Bàn Học LED Chống Cận Thị Chống Nước Mã SP-0298,Nhà Cửa & Đời Sống,Shop Yêu Thích,Nước Ngoài (Trung Quốc),57000,60,1,0,4146,333,904,166,3.67,494,4.14,89.1,96.7,4.6,6.46,34.19,Rủi Ro / Kém,Cao
SP_00299,[Shop Thường] Kem Chống Nắng Kiềm Dầu SPF50+ Thế Hệ Mới Mã SP-0299,Mỹ Phẩm & Làm Đẹp,Shop Thường,Hà Nội,941000,15,0,30000,15128,1750,1451,365,4.6,569,4.14,98.4,98.7,6.1,7.69,2.38,Trung Bình,Trung Bình
SP_00300,[Shopee Mall] Áo Khoác Bomber Chống Gió Siêu Bền Mã SP-0300,Thời Trang Nam/Nữ,Shopee Mall,Hà Nội,494000,50,1,30000,1838,232,371,92,4.7,219,4.38,76.5,91.0,3.3,2.41,5.0,Rủi Ro / Kém,Thấp
SP_00301,[Shop Thường] Trà Xanh Thái Nguyên Thượng Hạng Thông Minh Mã SP-0301,Bách Hóa Online,Shop Thường,Hà Nội,609000,60,1,0,1295,49,343,210,4.2,171,4.97,95.8,94.4,1.9,16.95,16.99,Rủi Ro / Kém,Cao
SP_00302,[Shop Yêu Thích] Gối Cao Su Non Công Thái Học Đa Năng Mã SP-0302,Nhà Cửa & Đời Sống,Shop Yêu Thích,Nước Ngoài (Trung Quốc),107000,60,1,22000,11868,1695,2581,199,3.58,1259,4.68,81.0,85.6,4.7,14.22,23.14,Rủi Ro / Kém,Cao
SP_00303,[Shop Yêu Thích] Serum Phục Hồi Da B5 Dưỡng Ẩm Sâu Chống Nước Mã SP-0303,Mỹ Phẩm & Làm Đẹp,Shop Yêu Thích,Đồng Nai,611000,5,0,45000,12168,1434,2575,575,4.55,1052,4.85,78.3,95.1,1.8,3.26,2.69,Trung Bình,Thấp
SP_00304,[Shop Yêu Thích+] Ốp Lưng Chống Sốc Trong Suốt Siêu Bền Mã SP-0304,Điện Thoại & Phụ Kiện,Shop Yêu Thích+,Hà Nội,3852000,60,1,22000,15718,1967,3768,1309,4.92,1266,4.76,75.4,90.8,6.3,1.12,1.24,Tiềm Năng Cao,Thấp
SP_00305,[Shop Yêu Thích] Hub Chuyển Đổi Type-C 7 in 1 Thông Minh Mã SP-0305,Máy Tính & Laptop,Shop Yêu Thích,Đà Nẵng,4415000,0,0,45000,19924,1486,3851,778,4.21,1257,4.92,77.0,97.9,6.2,13.35,19.12,Trung Bình,Cao
SP_00306,[Shop Thường] Máy Xay Sinh Tố Mini Cầm Tay 6 Lưỡi Nhập Khẩu Mã SP-0306,Thiết Bị Điện Gia Dụng,Shop Thường,TP. Hồ Chí Minh,3901000,20,0,22000,56353,4674,14129,2237,3.89,5082,4.01,98.7,89.2,4.6,6.33,22.45,Rủi Ro / Kém,Cao
SP_00307,[Shop Yêu Thích] Bàn Phím Cơ LED RGB Blue/Red Switch Thông Minh Mã SP-0307,Máy Tính & Laptop,Shop Yêu Thích,Hà Nội,1107000,0,0,45000,11394,501,1778,236,3.89,1233,3.95,83.5,87.2,6.4,11.74,11.28,Rủi Ro / Kém,Cao
SP_00308,[Shop Thường] Xe Đẩy Gấp Gọn Siêu Nhẹ Du Lịch Thông Minh Mã SP-0308,Mẹ & Bé,Shop Thường,Hà Nội,352000,10,1,45000,6350,709,1010,876,4.0,709,4.97,94.0,94.9,5.1,17.37,17.14,Trung Bình,Cao
SP_00309,[Shopee Mall] Cà Phê Rang Xay Nguyên Chất Đậm Vị Thông Minh Mã SP-0309,Bách Hóa Online,Shopee Mall,Hà Nội,340000,0,0,15000,24284,659,4462,507,3.64,2738,4.34,75.9,96.4,1.9,16.32,26.28,Rủi Ro / Kém,Cao
SP_00310,[Shop Thường] Dây Nhảy Thể Lực Lõi Thép Chống Rối Hot Trend Mã SP-0310,Thể Thao & Du Lịch,Shop Thường,Cần Thơ,350000,60,1,45000,5237,558,991,257,3.58,450,4.41,80.5,89.2,6.4,16.68,10.37,Rủi Ro / Kém,Cao
SP_00311,[Shop Yêu Thích+] Bánh Quy Bơ Phô Mai Giòn Rụm Giá Rẻ Mã SP-0311,Bách Hóa Online,Shop Yêu Thích+,Đà Nẵng,192000,30,1,30000,9169,285,947,748,4.38,416,3.97,87.7,98.8,3.4,4.1,25.25,Trung Bình,Cao
SP_00312,[Shop Thường] Tã Bỉm Dán Siêu Thấm Hút Ban Đêm Siêu Bền Mã SP-0312,Mẹ & Bé,Shop Thường,Bình Dương,606000,10,1,30000,1725,219,475,176,4.24,235,4.15,70.1,85.4,2.8,17.86,30.52,Rủi Ro / Kém,Cao
SP_00313,[Shop Yêu Thích] Cáp Sạc Nhanh Tự Ngắt Bọc Dù Thế Hệ Mới Mã SP-0313,Điện Thoại & Phụ Kiện,Shop Yêu Thích,Nước Ngoài (Trung Quốc),4179000,15,1,22000,885,86,352,216,4.96,199,4.39,90.8,92.0,2.1,4.6,3.09,Trung Bình,Thấp
SP_00314,[Shopee Mall] Đèn Bàn Học LED Chống Cận Thị Nhập Khẩu Mã SP-0314,Nhà Cửa & Đời Sống,Shopee Mall,Hà Nội,174000,25,0,15000,49810,3334,8965,805,3.58,3733,4.23,98.1,92.8,4.1,15.11,12.95,Rủi Ro / Kém,Cao
SP_00315,[Shop Yêu Thích+] Lót Chuột Gaming Khổ Lớn 80x30cm Chống Nước Mã SP-0315,Máy Tính & Laptop,Shop Yêu Thích+,Nước Ngoài (Trung Quốc),2616000,20,0,22000,27616,3508,1181,234,4.37,727,3.92,97.6,91.1,2.3,7.16,21.59,Trung Bình,Cao
SP_00316,[Shopee Mall] Nước Tẩy Trang Micellar Water Dịu Nhẹ Nhập Khẩu Mã SP-0316,Mỹ Phẩm & Làm Đẹp,Shopee Mall,Nước Ngoài (Trung Quốc),486000,40,1,0,18359,408,2320,428,3.7,1526,3.94,92.9,93.8,3.2,14.29,8.78,Rủi Ro / Kém,Cao
SP_00317,[Shop Yêu Thích] Tai Nghe Bluetooth True Wireless Chống Ồn Thông Minh Mã SP-0317,Điện Thoại & Phụ Kiện,Shop Yêu Thích,Đà Nẵng,2006000,20,1,15000,8387,999,476,348,4.14,155,4.98,93.8,86.6,4.1,4.86,11.21,Trung Bình,Cao
SP_00318,[Shopee Mall] Áo Thun Unisex Cotton 100% Đa Năng Mã SP-0318,Thời Trang Nam/Nữ,Shopee Mall,Đồng Nai,831000,5,0,45000,3354,147,416,62,4.85,253,4.05,87.4,89.1,3.3,7.34,4.01,Rủi Ro / Kém,Trung Bình
SP_00319,[Shopee Mall] Nước Tẩy Trang Micellar Water Dịu Nhẹ Nhập Khẩu Mã SP-0319,Mỹ Phẩm & Làm Đẹp,Shopee Mall,Bình Dương,160000,60,1,0,3051,443,602,376,4.57,209,4.43,85.1,88.2,5.0,3.43,3.15,Trung Bình,Thấp
SP_00320,[Shop Thường] Tai Nghe Bluetooth True Wireless Chống Ồn Chống Nước Mã SP-0320,Điện Thoại & Phụ Kiện,Shop Thường,Bình Dương,3624000,15,0,30000,4820,173,340,93,4.98,156,3.94,91.7,89.3,1.9,4.45,2.23,Rủi Ro / Kém,Thấp
SP_00321,[Shop Thường] Gối Cao Su Non Công Thái Học Hot Trend Mã SP-0321,Nhà Cửa & Đời Sống,Shop Thường,Bình Dương,322000,30,1,15000,12451,1547,3143,1123,4.84,1566,4.83,83.1,86.6,4.8,1.18,1.15,Tiềm Năng Cao,Cao
SP_00322,[Shop Yêu Thích+] Tai Nghe Bluetooth True Wireless Chống Ồn Chính Hãng Mã SP-0322,Điện Thoại & Phụ Kiện,Shop Yêu Thích+,Bình Dương,1780000,25,1,30000,19307,2206,2137,1441,4.76,1292,3.95,98.3,96.9,3.3,5.83,4.78,Tiềm Năng Cao,Trung Bình
SP_00323,[Shop Thường] Băng Quấn Cổ Chân Bảo Vệ Khớp Thông Minh Mã SP-0323,Thể Thao & Du Lịch,Shop Thường,Hà Nội,135000,5,0,30000,16690,398,3644,451,4.91,2086,4.08,81.5,99.4,4.9,1.72,3.3,Trung Bình,Thấp
SP_00324,[Shop Thường] Kính Cường Lực 9D Full Màn Giá Rẻ Mã SP-0324,Điện Thoại & Phụ Kiện,Shop Thường,Bình Dương,1804000,20,0,30000,5426,679,827,358,4.31,263,4.41,97.4,91.4,3.4,8.56,18.16,Trung Bình,Cao
SP_00325,[Shop Yêu Thích+] Áo Thun Unisex Cotton 100% Thông Minh Mã SP-0325,Thời Trang Nam/Nữ,Shop Yêu Thích+,Bình Dương,964000,10,0,15000,46971,5604,7548,2498,4.08,4338,4.17,84.3,93.5,5.8,11.35,18.57,Trung Bình,Cao
SP_00326,[Shop Yêu Thích+] Khăn Ướt Kháng Khuẩn Không Mùi Chống Nước Mã SP-0326,Mẹ & Bé,Shop Yêu Thích+,Cần Thơ,353000,0,1,0,20585,2578,3663,2425,4.05,1246,3.95,80.7,90.1,3.3,13.59,14.69,Trung Bình,Cao
SP_00327,[Shopee Mall] Bộ Cây Lau Nhà Tự Vắt 360 Độ Chính Hãng Mã SP-0327,Nhà Cửa & Đời Sống,Shopee Mall,Đồng Nai,337000,5,0,0,12623,1331,1824,302,3.56,746,4.45,87.6,95.3,6.4,9.48,18.54,Rủi Ro / Kém,Cao
SP_00328,[Shop Yêu Thích] Ốp Lưng Chống Sốc Trong Suốt Chính Hãng Mã SP-0328,Điện Thoại & Phụ Kiện,Shop Yêu Thích,Đồng Nai,2902000,40,1,45000,14690,612,1641,522,4.5,1136,4.77,95.5,86.1,2.6,2.62,1.84,Trung Bình,Cao
SP_00329,[Shopee Mall] Tã Bỉm Dán Siêu Thấm Hút Ban Đêm Nhập Khẩu Mã SP-0329,Mẹ & Bé,Shopee Mall,Đà Nẵng,617000,5,0,22000,8660,708,1076,136,4.7,682,3.88,79.0,92.5,4.8,3.01,2.36,Trung Bình,Thấp
SP_00330,[Shop Yêu Thích] Dây Nhảy Thể Lực Lõi Thép Chống Rối Siêu Bền Mã SP-0330,Thể Thao & Du Lịch,Shop Yêu Thích,TP. Hồ Chí Minh,44000,50,1,15000,4769,691,1170,169,3.82,734,4.49,97.2,97.6,6.2,14.54,9.62,Rủi Ro / Kém,Cao
SP_00331,[Shop Yêu Thích] Máy Xay Sinh Tố Mini Cầm Tay 6 Lưỡi Thông Minh Mã SP-0331,Thiết Bị Điện Gia Dụng,Shop Yêu Thích,Hà Nội,1382000,20,0,30000,7100,201,751,145,4.75,316,4.18,90.6,87.4,2.7,2.41,1.17,Trung Bình,Cao
SP_00332,[Shop Thường] Sữa Rửa Mặt Dịu Nhẹ Cho Da Dầu Mụn Giá Rẻ Mã SP-0332,Mỹ Phẩm & Làm Đẹp,Shop Thường,Hà Nội,632000,30,1,30000,21772,886,1448,337,3.56,758,4.58,71.3,94.5,5.1,15.34,9.49,Rủi Ro / Kém,Cao
SP_00333,[Shopee Mall] Quạt Cây Đứng Điều Khiển Từ Xa Đa Năng Mã SP-0333,Thiết Bị Điện Gia Dụng,Shopee Mall,Hà Nội,3484000,25,0,0,717,92,360,128,4.76,247,4.28,94.9,92.7,6.2,7.95,1.63,Rủi Ro / Kém,Trung Bình
SP_00334,[Shop Yêu Thích+] Nước Tẩy Trang Micellar Water Dịu Nhẹ Chính Hãng Mã SP-0334,Mỹ Phẩm & Làm Đẹp,Shop Yêu Thích+,Đà Nẵng,396000,60,1,30000,2350,332,247,84,4.62,122,4.77,87.7,88.8,4.0,3.5,4.77,Rủi Ro / Kém,Thấp
SP_00335,[Shop Yêu Thích] Dây Nhảy Thể Lực Lõi Thép Chống Rối Giá Rẻ Mã SP-0335,Thể Thao & Du Lịch,Shop Yêu Thích,Cần Thơ,309000,10,0,22000,1206,175,636,91,3.53,399,4.79,97.5,85.8,4.9,7.67,18.39,Rủi Ro / Kém,Cao
SP_00336,[Shop Yêu Thích] Nồi Chiên Không Dầu Điện Tử 6.5L Siêu Bền Mã SP-0336,Thiết Bị Điện Gia Dụng,Shop Yêu Thích,Cần Thơ,3774000,30,1,0,1123,165,152,128,4.09,68,4.89,74.8,97.7,3.7,8.6,29.93,Rủi Ro / Kém,Cao
SP_00337,[Shopee Mall] Bình Sữa Cổ Rộng Chống Sặc PPSU Đa Năng Mã SP-0337,Mẹ & Bé,Shopee Mall,Hà Nội,528000,40,1,30000,29513,2210,6910,5176,4.0,3477,4.91,88.1,90.2,5.6,14.7,20.24,Trung Bình,Cao
SP_00338,[Shop Yêu Thích] Quần Jean Baggy Form Rộng Giá Rẻ Mã SP-0338,Thời Trang Nam/Nữ,Shop Yêu Thích,Nước Ngoài (Trung Quốc),62000,30,1,15000,18743,575,1487,414,3.97,837,4.55,87.8,86.9,3.6,17.62,20.19,Trung Bình,Cao
SP_00339,[Shop Yêu Thích+] Giá Đỡ Laptop Nhôm Tản Nhiệt Gấp Gọn Thông Minh Mã SP-0339,Máy Tính & Laptop,Shop Yêu Thích+,Nước Ngoài (Trung Quốc),2458000,15,1,22000,10141,1448,2401,339,4.81,1261,4.02,76.9,94.1,1.9,4.2,1.68,Trung Bình,Thấp
SP_00340,[Shop Thường] Chuột Không Dây Silent Siêu Nhạy Thế Hệ Mới Mã SP-0340,Máy Tính & Laptop,Shop Thường,Đà Nẵng,2281000,10,1,22000,2044,44,702,505,4.35,404,4.0,91.4,86.8,2.5,16.5,29.12,Trung Bình,Cao
SP_00341,[Shop Thường] Bánh Quy Bơ Phô Mai Giòn Rụm Thông Minh Mã SP-0341,Bách Hóa Online,Shop Thường,Hà Nội,236000,60,1,15000,10647,1150,1518,303,3.92,1053,4.99,83.5,88.5,2.7,12.45,25.48,Trung Bình,Cao
SP_00342,[Shop Yêu Thích+] Áo Khoác Bomber Chống Gió Thông Minh Mã SP-0342,Thời Trang Nam/Nữ,Shop Yêu Thích+,Cần Thơ,768000,30,1,15000,10121,1170,932,369,4.56,631,4.66,80.6,92.0,4.5,5.87,4.11,Trung Bình,Trung Bình
SP_00343,[Shop Thường] Áo Thun Unisex Cotton 100% Đa Năng Mã SP-0343,Thời Trang Nam/Nữ,Shop Thường,Hà Nội,368000,30,1,22000,3352,84,328,192,4.84,218,3.96,79.5,87.0,4.2,1.63,1.03,Trung Bình,Cao
SP_00344,[Shop Yêu Thích+] Hub Chuyển Đổi Type-C 7 in 1 Đa Năng Mã SP-0344,Máy Tính & Laptop,Shop Yêu Thích+,Bình Dương,3673000,20,0,22000,9033,490,1360,214,4.64,813,4.54,98.5,92.3,4.3,7.88,3.36,Trung Bình,Trung Bình
SP_00345,[Shopee Mall] Quần Jean Baggy Form Rộng Thông Minh Mã SP-0345,Thời Trang Nam/Nữ,Shopee Mall,Hà Nội,294000,10,1,22000,8125,285,2106,389,4.2,1234,4.0,84.8,92.2,5.7,16.57,11.34,Trung Bình,Cao
SP_00346,[Shop Yêu Thích] Sữa Rửa Mặt Dịu Nhẹ Cho Da Dầu Mụn Thông Minh Mã SP-0346,Mỹ Phẩm & Làm Đẹp,Shop Yêu Thích,Cần Thơ,826000,50,1,22000,14850,707,3717,1915,4.49,1739,4.48,93.0,86.1,4.9,16.87,8.7,Tiềm Năng Cao,Cao
SP_00347,[Shopee Mall] Ốp Lưng Chống Sốc Trong Suốt Chống Nước Mã SP-0347,Điện Thoại & Phụ Kiện,Shopee Mall,Nước Ngoài (Trung Quốc),2800000,10,1,30000,15621,1234,4065,2142,4.49,1295,4.8,83.6,94.2,6.2,18.5,32.49,Tiềm Năng Cao,Cao
SP_00348,[Shop Yêu Thích+] Bàn Phím Cơ LED RGB Blue/Red Switch Cao Cấp Mã SP-0348,Máy Tính & Laptop,Shop Yêu Thích+,Cần Thơ,2797000,0,0,45000,1195,85,486,195,4.07,168,4.94,74.9,97.6,5.4,8.13,28.32,Rủi Ro / Kém,Cao
SP_00349,[Shop Thường] Chuột Không Dây Silent Siêu Nhạy Đa Năng Mã SP-0349,Máy Tính & Laptop,Shop Thường,TP. Hồ Chí Minh,3691000,20,0,45000,7540,966,1336,341,4.5,613,3.96,88.0,89.0,2.0,3.88,2.16,Trung Bình,Thấp
SP_00350,[Shopee Mall] Xe Đẩy Gấp Gọn Siêu Nhẹ Du Lịch Chính Hãng Mã SP-0350,Mẹ & Bé,Shopee Mall,Đà Nẵng,550000,25,0,15000,15246,2149,2566,727,4.57,1073,4.58,97.2,91.5,3.9,1.69,1.08,Tiềm Năng Cao,Thấp
SP_00351,[Shop Yêu Thích+] Nước Tẩy Trang Micellar Water Dịu Nhẹ Thế Hệ Mới Mã SP-0351,Mỹ Phẩm & Làm Đẹp,Shop Yêu Thích+,TP. Hồ Chí Minh,641000,0,0,0,10991,809,1831,547,4.27,739,4.42,72.5,88.8,4.0,5.65,25.86,Trung Bình,Cao
SP_00352,[Shopee Mall] Hub Chuyển Đổi Type-C 7 in 1 Cao Cấp Mã SP-0352,Máy Tính & Laptop,Shopee Mall,Đồng Nai,3559000,20,0,30000,29620,3703,3592,1454,4.17,1351,4.71,92.4,87.7,4.5,16.64,10.87,Trung Bình,Cao
SP_00353,[Shopee Mall] Áo Thun Unisex Cotton 100% Thế Hệ Mới Mã SP-0353,Thời Trang Nam/Nữ,Shopee Mall,Hà Nội,72000,10,0,30000,16624,2419,2958,609,4.8,1854,4.63,90.7,94.1,6.3,5.9,4.12,Trung Bình,Trung Bình
SP_00354,[Shop Yêu Thích] Bàn Phím Cơ LED RGB Blue/Red Switch Cao Cấp Mã SP-0354,Máy Tính & Laptop,Shop Yêu Thích,Hà Nội,1066000,0,0,15000,3167,330,780,122,3.81,506,4.83,72.6,93.0,5.3,6.15,19.39,Rủi Ro / Kém,Cao
SP_00355,[Shop Thường] Bàn Phím Cơ LED RGB Blue/Red Switch Giá Rẻ Mã SP-0355,Máy Tính & Laptop,Shop Thường,Đồng Nai,4012000,0,0,45000,1597,204,365,14,3.94,206,4.09,99.4,95.6,5.7,14.69,24.09,Rủi Ro / Kém,Cao
SP_00356,[Shop Thường] Bình Giữ Nhiệt Inox 304 800ml Giá Rẻ Mã SP-0356,Nhà Cửa & Đời Sống,Shop Thường,Bình Dương,522000,50,1,45000,15925,2192,3645,2263,4.9,1713,4.67,71.9,89.7,6.0,3.84,2.63,Tiềm Năng Cao,Thấp
SP_00357,[Shopee Mall] Máy Xay Sinh Tố Mini Cầm Tay 6 Lưỡi Thế Hệ Mới Mã SP-0357,Thiết Bị Điện Gia Dụng,Shopee Mall,Bình Dương,1471000,20,0,30000,903,43,390,65,3.85,255,4.21,84.1,95.6,5.9,14.48,18.54,Rủi Ro / Kém,Cao
SP_00358,[Shop Yêu Thích] Máy Xay Sinh Tố Mini Cầm Tay 6 Lưỡi Thông Minh Mã SP-0358,Thiết Bị Điện Gia Dụng,Shop Yêu Thích,TP. Hồ Chí Minh,2463000,5,0,15000,13720,1152,3298,590,3.73,1394,4.01,71.4,88.1,1.6,16.77,17.64,Rủi Ro / Kém,Cao
SP_00359,[Shopee Mall] Lót Chuột Gaming Khổ Lớn 80x30cm Cao Cấp Mã SP-0359,Máy Tính & Laptop,Shopee Mall,Hà Nội,2916000,30,1,0,42758,2100,3892,1161,3.68,2371,4.54,96.9,93.2,5.8,16.67,24.32,Rủi Ro / Kém,Cao
SP_00360,[Shopee Mall] Áo Khoác Bomber Chống Gió Giá Rẻ Mã SP-0360,Thời Trang Nam/Nữ,Shopee Mall,Nước Ngoài (Trung Quốc),167000,60,1,45000,13351,1696,586,129,4.92,228,4.74,91.9,90.4,5.0,6.6,2.74,Trung Bình,Trung Bình
SP_00361,[Shop Yêu Thích+] Tai Nghe Bluetooth True Wireless Chống Ồn Chống Nước Mã SP-0361,Điện Thoại & Phụ Kiện,Shop Yêu Thích+,TP. Hồ Chí Minh,1278000,5,0,30000,7869,164,1933,424,4.65,975,4.96,81.2,86.3,5.3,3.39,3.49,Trung Bình,Cao
SP_00362,[Shop Yêu Thích] Dây Nhảy Thể Lực Lõi Thép Chống Rối Hot Trend Mã SP-0362,Thể Thao & Du Lịch,Shop Yêu Thích,TP. Hồ Chí Minh,464000,30,1,30000,15962,1390,3367,530,4.93,1028,4.88,98.3,96.9,1.9,3.02,4.92,Trung Bình,Thấp
SP_00363,[Shopee Mall] Bình Sữa Cổ Rộng Chống Sặc PPSU Thế Hệ Mới Mã SP-0363,Mẹ & Bé,Shopee Mall,Đồng Nai,179000,60,1,0,9694,1200,2319,1199,4.97,1350,4.97,91.6,97.9,3.1,3.25,4.22,Tiềm Năng Cao,Thấp
SP_00364,[Shop Yêu Thích] Hub Chuyển Đổi Type-C 7 in 1 Giá Rẻ Mã SP-0364,Máy Tính & Laptop,Shop Yêu Thích,Đồng Nai,3772000,25,0,30000,12332,381,2037,720,4.82,1219,4.73,99.8,86.9,2.9,1.24,2.98,Trung Bình,Cao
SP_00365,[Shopee Mall] Máy Hút Bụi Cầm Tay Không Dây Siêu Hút Cao Cấp Mã SP-0365,Thiết Bị Điện Gia Dụng,Shopee Mall,Hà Nội,2269000,15,0,22000,43071,1479,2060,393,4.98,1041,4.67,92.7,86.8,6.2,4.09,3.08,Tiềm Năng Cao,Cao
SP_00366,[Shop Yêu Thích] Trà Xanh Thái Nguyên Thượng Hạng Hot Trend Mã SP-0366,Bách Hóa Online,Shop Yêu Thích,Hà Nội,383000,20,0,45000,7818,684,837,234,4.57,320,4.61,83.6,96.5,2.2,3.91,2.35,Trung Bình,Thấp
SP_00367,[Shop Thường] Áo Khoác Bomber Chống Gió Thông Minh Mã SP-0367,Thời Trang Nam/Nữ,Shop Thường,TP. Hồ Chí Minh,278000,40,1,0,49236,4749,7310,5408,4.29,4059,4.24,90.7,99.7,6.2,14.61,19.26,Trung Bình,Cao
SP_00368,[Shop Thường] Lót Chuột Gaming Khổ Lớn 80x30cm Thông Minh Mã SP-0368,Máy Tính & Laptop,Shop Thường,Đà Nẵng,3899000,10,0,45000,35863,1708,5202,322,3.68,2728,4.84,73.6,98.6,5.8,5.6,17.98,Rủi Ro / Kém,Cao
SP_00369,[Shopee Mall] Giày Sneaker Thể Thao Trắng Thông Minh Mã SP-0369,Thời Trang Nam/Nữ,Shopee Mall,Đà Nẵng,439000,20,0,22000,3768,145,987,46,3.54,654,4.15,76.5,98.2,5.6,11.09,11.3,Rủi Ro / Kém,Cao
SP_00370,[Shop Thường] Củ Sạc Nhanh 65W GaN Type-C Thế Hệ Mới Mã SP-0370,Điện Thoại & Phụ Kiện,Shop Thường,Đồng Nai,2687000,60,1,30000,1578,129,617,128,4.67,347,4.88,90.0,96.3,2.2,6.32,0.9,Rủi Ro / Kém,Trung Bình
SP_00371,[Shop Thường] Xe Đẩy Gấp Gọn Siêu Nhẹ Du Lịch Hot Trend Mã SP-0371,Mẹ & Bé,Shop Thường,Đồng Nai,372000,50,1,0,2093,242,813,169,4.84,453,4.95,79.3,96.4,4.7,5.65,0.88,Rủi Ro / Kém,Trung Bình
SP_00372,[Shop Yêu Thích] Túi Trống Thể Thao Tập Gym Du Lịch Cao Cấp Mã SP-0372,Thể Thao & Du Lịch,Shop Yêu Thích,Bình Dương,512000,50,1,0,775,33,438,153,4.9,283,3.94,72.5,93.6,4.2,3.06,3.15,Rủi Ro / Kém,Thấp
SP_00373,[Shop Yêu Thích] Váy Nữ Dáng Xòe Vintage Thế Hệ Mới Mã SP-0373,Thời Trang Nam/Nữ,Shop Yêu Thích,Đà Nẵng,483000,0,0,22000,1988,292,452,26,3.64,186,4.26,79.2,86.3,3.5,6.45,24.59,Rủi Ro / Kém,Cao
SP_00374,[Shop Yêu Thích+] Chuột Không Dây Silent Siêu Nhạy Cao Cấp Mã SP-0374,Máy Tính & Laptop,Shop Yêu Thích+,Hà Nội,3344000,5,0,30000,17733,2525,4077,278,3.89,2454,4.87,84.8,93.7,5.3,9.58,11.11,Rủi Ro / Kém,Trung Bình
SP_00375,[Shop Thường] Máy Xay Sinh Tố Mini Cầm Tay 6 Lưỡi Siêu Bền Mã SP-0375,Thiết Bị Điện Gia Dụng,Shop Thường,TP. Hồ Chí Minh,686000,40,1,0,1607,217,453,92,3.85,241,4.29,79.1,96.6,3.5,5.22,25.17,Rủi Ro / Kém,Cao
SP_00376,[Shop Yêu Thích] Giá Đỡ Laptop Nhôm Tản Nhiệt Gấp Gọn Siêu Bền Mã SP-0376,Máy Tính & Laptop,Shop Yêu Thích,Đà Nẵng,2158000,50,1,30000,6262,159,1741,1042,4.33,643,4.95,97.7,85.9,2.9,7.64,26.36,Trung Bình,Cao
SP_00377,[Shop Yêu Thích+] Nước Tẩy Trang Micellar Water Dịu Nhẹ Siêu Bền Mã SP-0377,Mỹ Phẩm & Làm Đẹp,Shop Yêu Thích+,Đà Nẵng,105000,10,0,45000,28452,3152,6433,758,3.63,2654,3.88,88.3,91.4,6.3,8.62,26.42,Rủi Ro / Kém,Cao
SP_00378,[Shop Yêu Thích] Gối Cao Su Non Công Thái Học Đa Năng Mã SP-0378,Nhà Cửa & Đời Sống,Shop Yêu Thích,Nước Ngoài (Trung Quốc),354000,25,1,45000,853,31,519,291,4.87,300,4.19,96.9,91.1,5.0,6.6,2.92,Trung Bình,Trung Bình
SP_00379,[Shop Thường] Kính Cường Lực 9D Full Màn Cao Cấp Mã SP-0379,Điện Thoại & Phụ Kiện,Shop Thường,Cần Thơ,1161000,25,0,30000,25767,1108,5492,2440,4.04,1926,4.79,75.8,90.5,1.5,14.78,28.48,Trung Bình,Cao
SP_00380,[Shop Yêu Thích+] Máy Hút Bụi Cầm Tay Không Dây Siêu Hút Chính Hãng Mã SP-0380,Thiết Bị Điện Gia Dụng,Shop Yêu Thích+,Cần Thơ,1961000,15,0,22000,5466,609,905,152,4.24,573,3.84,96.1,90.9,4.3,11.16,22.9,Trung Bình,Cao
SP_00381,[Shop Yêu Thích] Chuột Không Dây Silent Siêu Nhạy Nhập Khẩu Mã SP-0381,Máy Tính & Laptop,Shop Yêu Thích,Bình Dương,682000,10,0,45000,2386,273,659,222,4.82,464,4.83,86.0,95.3,2.8,4.98,2.54,Trung Bình,Thấp
SP_00382,[Shop Thường] Váy Nữ Dáng Xòe Vintage Thế Hệ Mới Mã SP-0382,Thời Trang Nam/Nữ,Shop Thường,Hà Nội,339000,5,0,30000,18397,471,3504,691,4.28,1644,4.39,70.2,91.6,2.5,5.19,23.44,Trung Bình,Cao
SP_00383,[Shop Yêu Thích] Son Kem Lì Mịn Môi Lâu Trôi Chính Hãng Mã SP-0383,Mỹ Phẩm & Làm Đẹp,Shop Yêu Thích,Nước Ngoài (Trung Quốc),260000,10,0,0,15370,1266,3506,531,3.65,2368,4.55,77.4,97.4,3.9,17.9,30.48,Rủi Ro / Kém,Cao
SP_00384,[Shopee Mall] Quạt Cây Đứng Điều Khiển Từ Xa Hot Trend Mã SP-0384,Thiết Bị Điện Gia Dụng,Shopee Mall,Hà Nội,3742000,5,0,45000,31991,4452,4080,1618,4.96,1335,3.95,97.6,86.9,3.7,2.91,3.32,Tiềm Năng Cao,Cao
SP_00385,[Shopee Mall] Củ Sạc Nhanh 65W GaN Type-C Siêu Bền Mã SP-0385,Điện Thoại & Phụ Kiện,Shopee Mall,Hà Nội,2565000,30,1,30000,20424,1027,3653,1986,4.63,1779,3.91,88.6,91.3,2.0,5.71,3.54,Tiềm Năng Cao,Trung Bình
SP_00386,[Shop Yêu Thích] Nước Giặt Xả Hương Nước Hoa Đậm Đặc Chống Nước Mã SP-0386,Bách Hóa Online,Shop Yêu Thích,Bình Dương,135000,5,1,0,24904,3425,1707,542,4.76,1011,4.51,77.3,91.6,5.5,0.98,1.9,Tiềm Năng Cao,Thấp
SP_00387,[Shop Yêu Thích] Băng Quấn Cổ Chân Bảo Vệ Khớp Đa Năng Mã SP-0387,Thể Thao & Du Lịch,Shop Yêu Thích,TP. Hồ Chí Minh,175000,40,1,22000,5470,799,1133,206,3.94,574,4.52,95.8,97.4,3.6,6.83,13.41,Trung Bình,Trung Bình
SP_00388,[Shop Thường] Cáp Sạc Nhanh Tự Ngắt Bọc Dù Hot Trend Mã SP-0388,Điện Thoại & Phụ Kiện,Shop Thường,Đồng Nai,3978000,60,1,22000,3429,218,506,135,4.35,316,4.82,76.6,85.6,1.5,7.23,14.22,Rủi Ro / Kém,Cao
SP_00389,[Shop Yêu Thích+] Serum Phục Hồi Da B5 Dưỡng Ẩm Sâu Giá Rẻ Mã SP-0389,Mỹ Phẩm & Làm Đẹp,Shop Yêu Thích+,TP. Hồ Chí Minh,885000,30,1,15000,21331,445,879,136,4.74,370,4.28,87.6,87.9,5.3,0.85,0.63,Trung Bình,Cao
SP_00390,[Shop Yêu Thích+] Đèn Bàn Học LED Chống Cận Thị Hot Trend Mã SP-0390,Nhà Cửa & Đời Sống,Shop Yêu Thích+,Đà Nẵng,203000,25,0,15000,25163,3260,5816,909,3.53,2069,4.01,96.6,94.7,3.2,7.05,20.32,Rủi Ro / Kém,Cao
SP_00391,[Shop Thường] Máy Hút Bụi Cầm Tay Không Dây Siêu Hút Siêu Bền Mã SP-0391,Thiết Bị Điện Gia Dụng,Shop Thường,TP. Hồ Chí Minh,685000,5,1,15000,70355,4866,8219,1540,3.79,5498,4.75,87.6,96.3,5.8,8.27,12.01,Rủi Ro / Kém,Trung Bình
SP_00392,[Shop Thường] Váy Nữ Dáng Xòe Vintage Thông Minh Mã SP-0392,Thời Trang Nam/Nữ,Shop Thường,Bình Dương,273000,5,0,45000,8481,997,1728,399,4.26,882,3.88,91.4,87.6,4.1,11.01,33.81,Trung Bình,Cao
SP_00393,[Shopee Mall] Bộ Cây Lau Nhà Tự Vắt 360 Độ Thế Hệ Mới Mã SP-0393,Nhà Cửa & Đời Sống,Shopee Mall,TP. Hồ Chí Minh,237000,15,0,30000,7478,447,1988,308,4.09,1271,4.84,72.5,88.8,5.3,8.28,22.01,Trung Bình,Cao
SP_00394,[Shop Yêu Thích+] Áo Khoác Bomber Chống Gió Siêu Bền Mã SP-0394,Thời Trang Nam/Nữ,Shop Yêu Thích+,Nước Ngoài (Trung Quốc),495000,40,1,30000,22969,1945,2090,513,4.05,1171,4.32,72.5,90.3,5.7,11.44,25.38,Trung Bình,Cao
SP_00395,[Shopee Mall] Đèn Bàn Học LED Chống Cận Thị Chính Hãng Mã SP-0395,Nhà Cửa & Đời Sống,Shopee Mall,Hà Nội,98000,25,1,15000,6751,354,1712,897,4.51,1001,4.2,100.0,99.8,5.3,6.42,4.61,Trung Bình,Trung Bình
SP_00396,[Shop Thường] Hộp Cơm Cắm Điện Hâm Nóng Tự Động Chống Nước Mã SP-0396,Nhà Cửa & Đời Sống,Shop Thường,Đà Nẵng,440000,60,1,0,40552,4823,2761,967,4.27,1065,4.37,87.6,88.5,4.3,10.8,29.99,Trung Bình,Cao
SP_00397,[Shop Thường] Cáp Sạc Nhanh Tự Ngắt Bọc Dù Hot Trend Mã SP-0397,Điện Thoại & Phụ Kiện,Shop Thường,Nước Ngoài (Trung Quốc),3571000,15,0,45000,29822,3983,3286,135,3.71,2055,3.84,80.2,97.3,3.6,13.94,18.89,Rủi Ro / Kém,Cao
SP_00398,[Shopee Mall] Băng Quấn Cổ Chân Bảo Vệ Khớp Chống Nước Mã SP-0398,Thể Thao & Du Lịch,Shopee Mall,Hà Nội,606000,0,0,15000,8905,835,2309,722,4.99,1498,4.97,76.1,99.5,3.5,4.78,1.35,Trung Bình,Thấp
SP_00399,[Shop Yêu Thích+] Quạt Cây Đứng Điều Khiển Từ Xa Giá Rẻ Mã SP-0399,Thiết Bị Điện Gia Dụng,Shop Yêu Thích+,TP. Hồ Chí Minh,913000,10,1,45000,21346,2101,877,236,4.74,367,4.01,89.8,88.4,1.8,0.96,2.83,Trung Bình,Thấp
SP_00400,[Shop Yêu Thích] Máy Xay Sinh Tố Mini Cầm Tay 6 Lưỡi Thế Hệ Mới Mã SP-0400,Thiết Bị Điện Gia Dụng,Shop Yêu Thích,Đồng Nai,1057000,10,0,30000,21569,2965,2081,357,4.08,989,4.69,84.2,95.5,4.5,17.62,23.86,Trung Bình,Cao
SP_00401,[Shopee Mall] Trà Xanh Thái Nguyên Thượng Hạng Hot Trend Mã SP-0401,Bách Hóa Online,Shopee Mall,Cần Thơ,171000,40,1,0,2132,111,519,361,4.41,280,4.79,78.6,95.9,5.9,10.62,26.91,Trung Bình,Cao
SP_00402,[Shop Yêu Thích] Gối Cao Su Non Công Thái Học Nhập Khẩu Mã SP-0402,Nhà Cửa & Đời Sống,Shop Yêu Thích,Hà Nội,450000,15,1,45000,35426,4903,2793,717,4.19,891,4.68,74.7,98.1,5.9,11.8,26.0,Trung Bình,Cao
SP_00403,[Shopee Mall] Son Kem Lì Mịn Môi Lâu Trôi Thế Hệ Mới Mã SP-0403,Mỹ Phẩm & Làm Đẹp,Shopee Mall,TP. Hồ Chí Minh,436000,5,0,45000,11055,869,1215,56,3.99,382,4.72,90.3,94.5,3.8,8.98,18.78,Trung Bình,Cao
SP_00404,[Shop Yêu Thích+] Bình Sữa Cổ Rộng Chống Sặc PPSU Cao Cấp Mã SP-0404,Mẹ & Bé,Shop Yêu Thích+,Hà Nội,142000,10,0,30000,26769,2443,2725,275,3.6,1335,4.38,74.8,89.1,5.7,12.8,12.79,Rủi Ro / Kém,Cao
SP_00405,[Shopee Mall] Dây Nhảy Thể Lực Lõi Thép Chống Rối Thông Minh Mã SP-0405,Thể Thao & Du Lịch,Shopee Mall,Hà Nội,36000,20,1,22000,6286,855,1160,817,4.57,729,4.01,91.5,94.5,6.0,3.62,1.89,Trung Bình,Thấp
SP_00406,[Shop Yêu Thích] Áo Thun Unisex Cotton 100% Thế Hệ Mới Mã SP-0406,Thời Trang Nam/Nữ,Shop Yêu Thích,Hà Nội,314000,25,0,15000,34381,5109,3689,1246,4.13,1204,3.91,72.9,99.2,5.7,13.63,27.55,Trung Bình,Cao
SP_00407,[Shop Yêu Thích+] Khăn Ướt Kháng Khuẩn Không Mùi Chính Hãng Mã SP-0407,Mẹ & Bé,Shop Yêu Thích+,Nước Ngoài (Trung Quốc),355000,50,1,15000,7894,563,1107,312,4.9,413,4.55,79.5,91.0,3.4,4.17,0.8,Trung Bình,Thấp
SP_00408,[Shopee Mall] Bộ Cây Lau Nhà Tự Vắt 360 Độ Chống Nước Mã SP-0408,Nhà Cửa & Đời Sống,Shopee Mall,Nước Ngoài (Trung Quốc),93000,15,0,45000,663,74,617,245,4.99,232,4.4,88.0,99.2,6.4,6.07,3.55,Trung Bình,Trung Bình
SP_00409,[Shop Yêu Thích+] Giá Đỡ Laptop Nhôm Tản Nhiệt Gấp Gọn Thông Minh Mã SP-0409,Máy Tính & Laptop,Shop Yêu Thích+,Nước Ngoài (Trung Quốc),4099000,5,0,45000,35868,3100,7196,2199,4.17,5008,4.89,88.5,88.4,6.0,8.48,27.92,Trung Bình,Cao
SP_00410,[Shopee Mall] Nước Tẩy Trang Micellar Water Dịu Nhẹ Chính Hãng Mã SP-0410,Mỹ Phẩm & Làm Đẹp,Shopee Mall,Nước Ngoài (Trung Quốc),199000,25,0,15000,1935,48,767,136,3.81,371,3.98,74.0,98.0,3.1,15.41,9.07,Rủi Ro / Kém,Cao
SP_00411,[Shop Yêu Thích] Bộ Đồ Chơi Xếp Hình Gỗ Trí Uẩn Cao Cấp Mã SP-0411,Mẹ & Bé,Shop Yêu Thích,TP. Hồ Chí Minh,364000,25,1,45000,6269,930,1659,1076,4.88,755,3.86,83.3,89.8,1.5,7.46,0.81,Tiềm Năng Cao,Trung Bình
SP_00412,[Shop Yêu Thích] Quần Jean Baggy Form Rộng Hot Trend Mã SP-0412,Thời Trang Nam/Nữ,Shop Yêu Thích,Nước Ngoài (Trung Quốc),152000,10,0,15000,45454,5193,4857,328,3.62,2285,4.08,79.1,94.0,4.4,18.03,13.44,Rủi Ro / Kém,Cao
SP_00413,[Shop Thường] Cà Phê Rang Xay Nguyên Chất Đậm Vị Chống Nước Mã SP-0413,Bách Hóa Online,Shop Thường,Đồng Nai,411000,10,0,30000,45619,5421,10010,2689,4.6,6058,4.41,72.5,91.3,6.0,2.9,2.92,Tiềm Năng Cao,Thấp
SP_00414,[Shop Thường] Giá Đỡ Laptop Nhôm Tản Nhiệt Gấp Gọn Thế Hệ Mới Mã SP-0414,Máy Tính & Laptop,Shop Thường,Bình Dương,2655000,40,1,22000,13279,389,1047,373,4.41,320,4.25,91.9,97.8,3.4,9.87,19.23,Trung Bình,Cao
SP_00415,[Shop Yêu Thích+] Máy Xay Sinh Tố Mini Cầm Tay 6 Lưỡi Giá Rẻ Mã SP-0415,Thiết Bị Điện Gia Dụng,Shop Yêu Thích+,Cần Thơ,733000,30,1,0,15488,2186,1417,218,3.69,947,4.99,85.3,95.7,3.9,13.98,26.8,Rủi Ro / Kém,Cao
SP_00416,[Shop Yêu Thích] Xe Đẩy Gấp Gọn Siêu Nhẹ Du Lịch Hot Trend Mã SP-0416,Mẹ & Bé,Shop Yêu Thích,Hà Nội,514000,0,0,22000,9425,1043,1763,549,4.51,1199,4.56,77.4,87.2,4.4,5.8,1.23,Trung Bình,Cao
SP_00417,[Shopee Mall] Ốp Lưng Chống Sốc Trong Suốt Thế Hệ Mới Mã SP-0417,Điện Thoại & Phụ Kiện,Shopee Mall,Đồng Nai,4397000,15,0,15000,5705,338,1732,284,3.88,930,4.8,92.6,95.9,6.1,16.61,10.95,Rủi Ro / Kém,Cao
SP_00418,[Shop Yêu Thích] Máy Hút Bụi Cầm Tay Không Dây Siêu Hút Đa Năng Mã SP-0418,Thiết Bị Điện Gia Dụng,Shop Yêu Thích,Hà Nội,3410000,20,1,15000,6477,188,1464,223,3.5,696,4.78,75.6,87.6,2.2,11.05,21.57,Rủi Ro / Kém,Cao
SP_00419,[Shop Yêu Thích] Nước Giặt Xả Hương Nước Hoa Đậm Đặc Hot Trend Mã SP-0419,Bách Hóa Online,Shop Yêu Thích,TP. Hồ Chí Minh,230000,0,0,15000,17244,1261,3224,445,4.85,1792,4.11,72.6,86.2,2.1,1.01,0.63,Trung Bình,Cao
SP_00420,[Shopee Mall] Bánh Quy Bơ Phô Mai Giòn Rụm Chính Hãng Mã SP-0420,Bách Hóa Online,Shopee Mall,Bình Dương,87000,20,0,0,21437,545,2053,210,4.68,1116,4.6,92.8,99.6,6.2,4.29,2.02,Trung Bình,Thấp
SP_00421,[Shop Yêu Thích+] Ấm Siêu Tốc 2 Lớp Cách Nhiệt 1.8L Chống Nước Mã SP-0421,Thiết Bị Điện Gia Dụng,Shop Yêu Thích+,Đà Nẵng,2112000,25,0,30000,24022,3206,4992,1297,4.96,2896,4.53,96.6,95.7,2.2,5.32,4.41,Tiềm Năng Cao,Trung Bình
SP_00422,[Shop Thường] Sữa Rửa Mặt Dịu Nhẹ Cho Da Dầu Mụn Giá Rẻ Mã SP-0422,Mỹ Phẩm & Làm Đẹp,Shop Thường,Hà Nội,586000,30,1,15000,23882,3402,2743,831,4.46,1713,3.8,83.3,89.8,4.5,9.8,24.54,Tiềm Năng Cao,Cao
SP_00423,[Shopee Mall] Máy Xay Sinh Tố Mini Cầm Tay 6 Lưỡi Giá Rẻ Mã SP-0423,Thiết Bị Điện Gia Dụng,Shopee Mall,Bình Dương,3302000,20,0,15000,1934,236,388,56,4.81,245,4.84,90.2,89.5,4.2,7.5,1.26,Rủi Ro / Kém,Trung Bình
SP_00424,[Shop Yêu Thích] Ốp Lưng Chống Sốc Trong Suốt Siêu Bền Mã SP-0424,Điện Thoại & Phụ Kiện,Shop Yêu Thích,Đồng Nai,2143000,15,1,0,10730,255,2691,2226,4.99,1049,3.93,84.3,88.8,6.0,1.48,1.11,Tiềm Năng Cao,Thấp
SP_00425,[Shop Yêu Thích] Cà Phê Rang Xay Nguyên Chất Đậm Vị Chống Nước Mã SP-0425,Bách Hóa Online,Shop Yêu Thích,Đà Nẵng,614000,60,1,0,1389,157,471,309,4.07,328,4.57,77.0,91.5,2.8,8.22,11.01,Trung Bình,Trung Bình
SP_00426,[Shop Yêu Thích+] Kem Chống Nắng Kiềm Dầu SPF50+ Nhập Khẩu Mã SP-0426,Mỹ Phẩm & Làm Đẹp,Shop Yêu Thích+,TP. Hồ Chí Minh,189000,25,0,45000,12461,1205,1102,195,3.97,476,4.68,90.4,90.4,5.5,11.54,24.24,Trung Bình,Cao
SP_00427,[Shop Thường] Ốp Lưng Chống Sốc Trong Suốt Cao Cấp Mã SP-0427,Điện Thoại & Phụ Kiện,Shop Thường,Đà Nẵng,2738000,10,0,22000,9238,732,1583,572,4.25,1017,4.8,71.0,97.3,3.1,11.28,26.59,Trung Bình,Cao
SP_00428,[Shop Yêu Thích+] Hạt Dinh Dưỡng Hạnh Nhân Óc Chó Mix Giá Rẻ Mã SP-0428,Bách Hóa Online,Shop Yêu Thích+,Cần Thơ,410000,0,0,22000,33299,4337,7969,2750,4.58,2563,3.98,75.4,97.8,3.9,3.63,4.93,Tiềm Năng Cao,Thấp
SP_00429,[Shop Thường] Chuột Không Dây Silent Siêu Nhạy Siêu Bền Mã SP-0429,Máy Tính & Laptop,Shop Thường,Hà Nội,2914000,30,1,30000,6982,494,1174,496,4.64,686,4.99,72.9,93.1,3.1,6.83,4.4,Trung Bình,Trung Bình
SP_00430,[Shop Yêu Thích] Gối Cao Su Non Công Thái Học Thông Minh Mã SP-0430,Nhà Cửa & Đời Sống,Shop Yêu Thích,Nước Ngoài (Trung Quốc),477000,40,1,22000,2367,294,515,41,3.81,278,4.88,99.7,95.0,2.2,17.78,19.53,Rủi Ro / Kém,Cao
SP_00431,[Shop Yêu Thích+] Chuột Không Dây Silent Siêu Nhạy Chính Hãng Mã SP-0431,Máy Tính & Laptop,Shop Yêu Thích+,Cần Thơ,4031000,10,0,0,2814,273,1015,358,4.48,408,4.98,81.9,86.8,3.0,12.64,12.66,Trung Bình,Cao
SP_00432,[Shop Thường] Bình Sữa Cổ Rộng Chống Sặc PPSU Giá Rẻ Mã SP-0432,Mẹ & Bé,Shop Thường,Bình Dương,306000,40,1,22000,22001,789,4239,623,3.67,2248,3.81,78.2,93.5,5.2,15.52,12.89,Rủi Ro / Kém,Cao
SP_00433,[Shop Yêu Thích] Bộ Đồ Chơi Xếp Hình Gỗ Trí Uẩn Nhập Khẩu Mã SP-0433,Mẹ & Bé,Shop Yêu Thích,TP. Hồ Chí Minh,126000,25,1,45000,14943,337,2560,1700,4.72,838,4.02,86.2,97.4,5.6,5.71,3.89,Tiềm Năng Cao,Trung Bình
SP_00434,[Shop Yêu Thích] Tai Nghe Bluetooth True Wireless Chống Ồn Nhập Khẩu Mã SP-0434,Điện Thoại & Phụ Kiện,Shop Yêu Thích,Cần Thơ,193000,50,1,30000,2099,77,250,19,3.68,155,4.76,73.7,86.3,3.0,18.01,12.63,Rủi Ro / Kém,Cao
SP_00435,[Shopee Mall] Quần Jean Baggy Form Rộng Đa Năng Mã SP-0435,Thời Trang Nam/Nữ,Shopee Mall,Nước Ngoài (Trung Quốc),590000,20,0,30000,1817,110,608,189,4.24,311,3.97,89.9,95.2,1.7,4.53,11.83,Rủi Ro / Kém,Trung Bình
SP_00436,[Shop Yêu Thích] Serum Phục Hồi Da B5 Dưỡng Ẩm Sâu Nhập Khẩu Mã SP-0436,Mỹ Phẩm & Làm Đẹp,Shop Yêu Thích,Cần Thơ,664000,25,0,45000,18608,1002,3311,794,4.32,1108,4.31,82.8,88.8,5.0,11.77,9.91,Trung Bình,Cao
SP_00437,[Shop Yêu Thích] Đèn Bàn Học LED Chống Cận Thị Chống Nước Mã SP-0437,Nhà Cửa & Đời Sống,Shop Yêu Thích,Nước Ngoài (Trung Quốc),454000,10,0,30000,1633,85,428,59,4.95,227,4.25,89.2,86.0,3.3,3.17,1.73,Rủi Ro / Kém,Cao
SP_00438,[Shopee Mall] Sữa Rửa Mặt Dịu Nhẹ Cho Da Dầu Mụn Cao Cấp Mã SP-0438,Mỹ Phẩm & Làm Đẹp,Shopee Mall,Hà Nội,445000,15,0,0,26377,2332,6182,958,3.69,3070,4.74,91.0,92.8,5.8,12.0,24.4,Rủi Ro / Kém,Cao
SP_00439,[Shop Yêu Thích] Giá Đỡ Laptop Nhôm Tản Nhiệt Gấp Gọn Thế Hệ Mới Mã SP-0439,Máy Tính & Laptop,Shop Yêu Thích,Đà Nẵng,2977000,50,1,45000,18874,1547,1109,732,4.77,629,4.51,87.0,87.1,2.8,7.85,3.38,Tiềm Năng Cao,Cao
SP_00440,[Shop Thường] Nước Tẩy Trang Micellar Water Dịu Nhẹ Thế Hệ Mới Mã SP-0440,Mỹ Phẩm & Làm Đẹp,Shop Thường,Cần Thơ,246000,40,1,22000,1772,98,711,530,4.25,283,4.76,72.6,94.4,3.0,15.17,30.82,Trung Bình,Cao
SP_00441,[Shopee Mall] Củ Sạc Nhanh 65W GaN Type-C Hot Trend Mã SP-0441,Điện Thoại & Phụ Kiện,Shopee Mall,Cần Thơ,1502000,60,1,0,1829,257,395,115,3.93,203,3.9,84.4,95.8,4.1,18.47,31.98,Rủi Ro / Kém,Cao
SP_00442,[Shop Yêu Thích] Ốp Lưng Chống Sốc Trong Suốt Cao Cấp Mã SP-0442,Điện Thoại & Phụ Kiện,Shop Yêu Thích,TP. Hồ Chí Minh,209000,30,1,45000,65231,7571,16033,6201,3.87,9202,4.7,83.5,85.6,2.3,17.49,28.62,Rủi Ro / Kém,Cao
SP_00443,[Shop Yêu Thích] Chuột Không Dây Silent Siêu Nhạy Chống Nước Mã SP-0443,Máy Tính & Laptop,Shop Yêu Thích,Cần Thơ,4358000,25,0,30000,7532,1100,1142,85,3.76,593,4.39,73.5,96.3,3.0,8.26,13.75,Rủi Ro / Kém,Trung Bình
SP_00444,[Shopee Mall] Tã Bỉm Dán Siêu Thấm Hút Ban Đêm Đa Năng Mã SP-0444,Mẹ & Bé,Shopee Mall,TP. Hồ Chí Minh,499000,60,1,30000,7445,594,776,65,3.51,295,3.87,73.0,90.2,4.0,5.23,21.89,Rủi Ro / Kém,Cao
SP_00445,[Shopee Mall] Bình Sữa Cổ Rộng Chống Sặc PPSU Giá Rẻ Mã SP-0445,Mẹ & Bé,Shopee Mall,TP. Hồ Chí Minh,184000,20,1,30000,25633,3485,3941,921,4.05,2510,4.25,80.6,87.4,3.7,9.21,31.5,Trung Bình,Cao
SP_00446,[Shopee Mall] Tai Nghe Bluetooth True Wireless Chống Ồn Đa Năng Mã SP-0446,Điện Thoại & Phụ Kiện,Shopee Mall,Nước Ngoài (Trung Quốc),1245000,30,1,30000,44632,1822,3547,3377,4.85,1237,4.69,84.9,92.2,4.9,1.52,3.88,Tiềm Năng Cao,Thấp
SP_00447,[Shop Yêu Thích] Khăn Ướt Kháng Khuẩn Không Mùi Thế Hệ Mới Mã SP-0447,Mẹ & Bé,Shop Yêu Thích,Bình Dương,137000,5,0,15000,64531,7728,5650,2206,4.25,2671,3.99,70.2,93.8,3.9,8.09,10.23,Trung Bình,Trung Bình
SP_00448,[Shop Yêu Thích] Nước Tẩy Trang Micellar Water Dịu Nhẹ Thông Minh Mã SP-0448,Mỹ Phẩm & Làm Đẹp,Shop Yêu Thích,TP. Hồ Chí Minh,314000,20,0,22000,21498,2723,1954,292,3.87,671,4.99,88.3,95.8,2.4,16.4,24.98,Rủi Ro / Kém,Cao
SP_00449,[Shop Thường] Kem Chống Nắng Kiềm Dầu SPF50+ Thông Minh Mã SP-0449,Mỹ Phẩm & Làm Đẹp,Shop Thường,Hà Nội,98000,20,0,15000,7580,241,530,150,4.42,312,4.31,76.7,99.5,3.6,4.89,19.53,Trung Bình,Cao
SP_00450,[Shop Yêu Thích+] Bình Giữ Nhiệt Inox 304 800ml Đa Năng Mã SP-0450,Nhà Cửa & Đời Sống,Shop Yêu Thích+,Đà Nẵng,312000,25,0,15000,1807,45,465,39,3.57,197,4.18,88.2,89.1,3.7,7.66,21.26,Rủi Ro / Kém,Cao
SP_00451,[Shopee Mall] Bình Giữ Nhiệt Inox 304 800ml Chính Hãng Mã SP-0451,Nhà Cửa & Đời Sống,Shopee Mall,Cần Thơ,590000,10,0,22000,23018,2269,2048,355,4.38,934,4.69,73.9,98.1,5.2,5.75,23.84,Trung Bình,Cao
SP_00452,[Shopee Mall] Serum Phục Hồi Da B5 Dưỡng Ẩm Sâu Giá Rẻ Mã SP-0452,Mỹ Phẩm & Làm Đẹp,Shopee Mall,Đà Nẵng,135000,50,1,45000,12760,1896,1328,288,4.59,625,4.21,96.7,95.5,5.3,7.27,3.02,Trung Bình,Trung Bình
SP_00453,[Shop Thường] Máy Xay Sinh Tố Mini Cầm Tay 6 Lưỡi Chính Hãng Mã SP-0453,Thiết Bị Điện Gia Dụng,Shop Thường,Cần Thơ,704000,40,1,30000,8780,1078,735,356,4.93,238,4.43,93.8,93.4,5.0,6.43,2.29,Trung Bình,Trung Bình
SP_00454,[Shop Yêu Thích] Túi Trống Thể Thao Tập Gym Du Lịch Chính Hãng Mã SP-0454,Thể Thao & Du Lịch,Shop Yêu Thích,Đà Nẵng,473000,50,1,30000,36023,3564,2731,637,4.09,1585,4.47,93.7,98.0,3.8,14.26,22.18,Trung Bình,Cao
SP_00455,[Shopee Mall] Sữa Rửa Mặt Dịu Nhẹ Cho Da Dầu Mụn Đa Năng Mã SP-0455,Mỹ Phẩm & Làm Đẹp,Shopee Mall,Đồng Nai,234000,15,1,15000,2268,323,284,110,4.46,163,4.15,94.7,88.7,4.2,4.02,17.38,Rủi Ro / Kém,Cao
SP_00456,[Shop Yêu Thích+] Ấm Siêu Tốc 2 Lớp Cách Nhiệt 1.8L Chính Hãng Mã SP-0456,Thiết Bị Điện Gia Dụng,Shop Yêu Thích+,Hà Nội,1244000,30,1,45000,10677,1082,536,203,4.98,203,4.15,86.1,99.4,6.4,6.73,4.01,Trung Bình,Trung Bình
SP_00457,[Shop Yêu Thích] Bộ Đồ Chơi Xếp Hình Gỗ Trí Uẩn Nhập Khẩu Mã SP-0457,Mẹ & Bé,Shop Yêu Thích,TP. Hồ Chí Minh,477000,15,0,15000,671,79,171,60,4.71,85,4.5,84.4,87.2,4.0,4.18,4.17,Rủi Ro / Kém,Cao
SP_00458,[Shop Yêu Thích] Nước Tẩy Trang Micellar Water Dịu Nhẹ Giá Rẻ Mã SP-0458,Mỹ Phẩm & Làm Đẹp,Shop Yêu Thích,Đồng Nai,722000,20,1,15000,9985,1091,795,150,4.73,532,4.86,73.0,99.4,4.1,6.31,4.14,Trung Bình,Trung Bình
SP_00459,[Shopee Mall] Ốp Lưng Chống Sốc Trong Suốt Thế Hệ Mới Mã SP-0459,Điện Thoại & Phụ Kiện,Shopee Mall,TP. Hồ Chí Minh,1051000,0,0,0,1369,75,640,67,4.66,444,3.96,73.2,99.2,5.2,3.21,3.68,Rủi Ro / Kém,Thấp
SP_00460,[Shop Thường] Hub Chuyển Đổi Type-C 7 in 1 Nhập Khẩu Mã SP-0460,Máy Tính & Laptop,Shop Thường,Hà Nội,1486000,20,0,15000,2397,131,378,146,4.32,133,4.09,85.3,89.4,5.7,6.06,32.63,Rủi Ro / Kém,Cao
SP_00461,[Shop Yêu Thích] Son Kem Lì Mịn Môi Lâu Trôi Thế Hệ Mới Mã SP-0461,Mỹ Phẩm & Làm Đẹp,Shop Yêu Thích,Hà Nội,420000,20,1,30000,2375,325,394,151,4.57,167,4.62,80.0,86.1,3.3,7.9,0.88,Rủi Ro / Kém,Cao
SP_00462,[Shop Yêu Thích+] Bàn Phím Cơ LED RGB Blue/Red Switch Thế Hệ Mới Mã SP-0462,Máy Tính & Laptop,Shop Yêu Thích+,TP. Hồ Chí Minh,1635000,30,1,15000,16213,1641,1968,569,4.53,1116,4.87,94.3,98.8,5.1,1.11,0.51,Trung Bình,Thấp
SP_00463,[Shop Thường] Giá Đỡ Laptop Nhôm Tản Nhiệt Gấp Gọn Thông Minh Mã SP-0463,Máy Tính & Laptop,Shop Thường,Đà Nẵng,3809000,40,1,0,21058,2410,1476,967,4.14,675,3.94,82.7,89.7,5.0,10.0,29.42,Trung Bình,Cao
SP_00464,[Shop Thường] Bàn Phím Cơ LED RGB Blue/Red Switch Thế Hệ Mới Mã SP-0464,Máy Tính & Laptop,Shop Thường,Hà Nội,4222000,50,1,45000,13633,680,1035,465,4.3,602,4.39,91.1,96.1,2.7,4.04,34.84,Trung Bình,Cao
SP_00465,[Shop Yêu Thích] Quạt Cây Đứng Điều Khiển Từ Xa Giá Rẻ Mã SP-0465,Thiết Bị Điện Gia Dụng,Shop Yêu Thích,Hà Nội,1052000,0,0,22000,49620,6275,4788,1878,4.8,2497,4.82,82.6,98.8,2.6,2.3,3.86,Tiềm Năng Cao,Thấp
SP_00466,[Shop Thường] Hub Chuyển Đổi Type-C 7 in 1 Cao Cấp Mã SP-0466,Máy Tính & Laptop,Shop Thường,TP. Hồ Chí Minh,3194000,0,0,45000,7546,1004,473,70,4.76,193,3.89,94.9,85.2,3.6,6.62,2.61,Trung Bình,Cao
SP_00467,[Shop Thường] Băng Quấn Cổ Chân Bảo Vệ Khớp Giá Rẻ Mã SP-0467,Thể Thao & Du Lịch,Shop Thường,Đồng Nai,370000,40,1,0,5547,746,599,55,3.73,279,4.14,98.4,91.3,3.8,14.32,14.97,Rủi Ro / Kém,Cao
SP_00468,[Shop Thường] Băng Quấn Cổ Chân Bảo Vệ Khớp Hot Trend Mã SP-0468,Thể Thao & Du Lịch,Shop Thường,Đà Nẵng,185000,20,0,45000,30942,3608,3691,651,4.93,1383,4.25,86.8,96.0,5.7,7.03,2.61,Tiềm Năng Cao,Trung Bình
SP_00469,[Shopee Mall] Xe Đẩy Gấp Gọn Siêu Nhẹ Du Lịch Thông Minh Mã SP-0469,Mẹ & Bé,Shopee Mall,Cần Thơ,405000,30,1,15000,4296,288,1045,70,3.66,544,4.12,87.9,86.0,5.3,8.48,22.9,Rủi Ro / Kém,Cao
SP_00470,[Shopee Mall] Quần Jean Baggy Form Rộng Đa Năng Mã SP-0470,Thời Trang Nam/Nữ,Shopee Mall,TP. Hồ Chí Minh,642000,60,1,0,50043,1298,5457,2477,4.69,3282,4.48,85.0,99.2,3.1,3.63,2.1,Tiềm Năng Cao,Thấp
SP_00471,[Shopee Mall] Cáp Sạc Nhanh Tự Ngắt Bọc Dù Thế Hệ Mới Mã SP-0471,Điện Thoại & Phụ Kiện,Shopee Mall,TP. Hồ Chí Minh,4263000,10,1,30000,683,16,403,220,4.8,140,4.37,96.5,95.6,5.5,5.73,3.96,Rủi Ro / Kém,Trung Bình
SP_00472,[Shop Yêu Thích+] Túi Trống Thể Thao Tập Gym Du Lịch Nhập Khẩu Mã SP-0472,Thể Thao & Du Lịch,Shop Yêu Thích+,Nước Ngoài (Trung Quốc),483000,10,0,22000,53037,1336,10266,2419,4.91,3942,4.55,72.2,94.0,2.3,5.52,2.74,Tiềm Năng Cao,Trung Bình
SP_00473,[Shopee Mall] Quần Jean Baggy Form Rộng Đa Năng Mã SP-0473,Thời Trang Nam/Nữ,Shopee Mall,TP. Hồ Chí Minh,569000,5,0,15000,1161,65,182,8,3.74,111,4.92,99.6,91.8,6.4,15.07,19.94,Rủi Ro / Kém,Cao
SP_00474,[Shopee Mall] Kính Cường Lực 9D Full Màn Giá Rẻ Mã SP-0474,Điện Thoại & Phụ Kiện,Shopee Mall,Cần Thơ,3127000,20,0,45000,33765,2285,7785,653,3.69,2600,4.9,83.5,91.1,5.9,18.37,9.15,Rủi Ro / Kém,Cao
SP_00475,[Shopee Mall] Quần Jean Baggy Form Rộng Siêu Bền Mã SP-0475,Thời Trang Nam/Nữ,Shopee Mall,Bình Dương,217000,5,0,15000,11752,575,2964,393,4.78,1446,4.48,97.0,94.5,3.8,1.19,3.79,Trung Bình,Thấp
SP_00476,[Shop Yêu Thích+] Tã Bỉm Dán Siêu Thấm Hút Ban Đêm Thế Hệ Mới Mã SP-0476,Mẹ & Bé,Shop Yêu Thích+,Hà Nội,91000,25,0,45000,74852,6131,6858,1994,4.55,4664,4.38,76.4,87.2,4.3,8.4,3.98,Tiềm Năng Cao,Cao
SP_00477,[Shop Yêu Thích] Máy Xay Sinh Tố Mini Cầm Tay 6 Lưỡi Giá Rẻ Mã SP-0477,Thiết Bị Điện Gia Dụng,Shop Yêu Thích,Hà Nội,593000,15,0,30000,1649,50,291,37,4.45,194,4.12,82.6,91.7,2.6,16.95,12.97,Rủi Ro / Kém,Cao
SP_00478,[Shop Yêu Thích+] Ốp Lưng Chống Sốc Trong Suốt Chống Nước Mã SP-0478,Điện Thoại & Phụ Kiện,Shop Yêu Thích+,Cần Thơ,1497000,15,0,30000,12606,1536,3289,737,4.3,1903,4.38,70.3,90.8,5.4,12.66,10.1,Trung Bình,Cao
SP_00479,[Shopee Mall] Giá Đỡ Laptop Nhôm Tản Nhiệt Gấp Gọn Chống Nước Mã SP-0479,Máy Tính & Laptop,Shopee Mall,TP. Hồ Chí Minh,1382000,40,1,15000,52753,6486,9548,1404,3.97,4590,4.4,73.8,97.3,3.7,18.06,10.63,Trung Bình,Cao
SP_00480,[Shop Yêu Thích] Son Kem Lì Mịn Môi Lâu Trôi Siêu Bền Mã SP-0480,Mỹ Phẩm & Làm Đẹp,Shop Yêu Thích,Bình Dương,674000,30,1,15000,11606,1698,1838,685,4.93,778,4.22,94.6,89.5,2.1,4.49,5.0,Trung Bình,Thấp
SP_00481,[Shop Thường] Bộ Đồ Chơi Xếp Hình Gỗ Trí Uẩn Chống Nước Mã SP-0481,Mẹ & Bé,Shop Thường,Hà Nội,560000,25,1,15000,15389,1413,1245,597,4.06,721,4.35,78.5,91.5,4.6,17.41,31.14,Trung Bình,Cao
SP_00482,[Shop Thường] Củ Sạc Nhanh 65W GaN Type-C Cao Cấp Mã SP-0482,Điện Thoại & Phụ Kiện,Shop Thường,Đà Nẵng,999000,40,1,45000,18348,1426,2922,805,3.65,1129,4.91,86.5,96.5,2.1,16.42,33.66,Rủi Ro / Kém,Cao
SP_00483,[Shopee Mall] Bánh Quy Bơ Phô Mai Giòn Rụm Thế Hệ Mới Mã SP-0483,Bách Hóa Online,Shopee Mall,Đồng Nai,408000,15,0,22000,9591,1237,2187,293,3.9,664,4.86,71.0,98.5,1.6,15.46,30.7,Trung Bình,Cao
SP_00484,[Shop Thường] Ấm Siêu Tốc 2 Lớp Cách Nhiệt 1.8L Thông Minh Mã SP-0484,Thiết Bị Điện Gia Dụng,Shop Thường,Cần Thơ,2131000,50,1,30000,15315,1955,3464,1857,4.47,1585,4.03,82.1,95.8,3.1,6.3,14.24,Tiềm Năng Cao,Trung Bình
SP_00485,[Shop Thường] Lót Chuột Gaming Khổ Lớn 80x30cm Chính Hãng Mã SP-0485,Máy Tính & Laptop,Shop Thường,Bình Dương,2281000,50,1,15000,13667,439,2056,436,3.81,1130,4.94,99.2,93.0,4.4,4.37,27.82,Rủi Ro / Kém,Cao
SP_00486,[Shop Yêu Thích] Máy Hút Bụi Cầm Tay Không Dây Siêu Hút Hot Trend Mã SP-0486,Thiết Bị Điện Gia Dụng,Shop Yêu Thích,Đồng Nai,2582000,15,0,15000,35213,2435,3110,610,4.71,2101,4.67,89.2,94.3,4.4,1.33,2.57,Tiềm Năng Cao,Thấp
SP_00487,[Shop Yêu Thích+] Củ Sạc Nhanh 65W GaN Type-C Thông Minh Mã SP-0487,Điện Thoại & Phụ Kiện,Shop Yêu Thích+,Nước Ngoài (Trung Quốc),2296000,10,1,30000,1197,56,479,69,4.87,332,4.81,90.6,86.1,3.4,3.01,4.59,Rủi Ro / Kém,Cao
SP_00488,[Shopee Mall] Bàn Phím Cơ LED RGB Blue/Red Switch Đa Năng Mã SP-0488,Máy Tính & Laptop,Shopee Mall,Nước Ngoài (Trung Quốc),1613000,60,1,45000,5447,351,902,145,3.68,463,4.83,73.6,88.8,4.5,11.77,21.99,Rủi Ro / Kém,Cao
SP_00489,[Shopee Mall] Bàn Phím Cơ LED RGB Blue/Red Switch Chống Nước Mã SP-0489,Máy Tính & Laptop,Shopee Mall,Bình Dương,1927000,0,0,15000,45559,1660,4221,1830,4.54,1859,3.9,78.8,93.2,5.2,4.47,2.81,Tiềm Năng Cao,Thấp
SP_00490,[Shop Yêu Thích] Sữa Rửa Mặt Dịu Nhẹ Cho Da Dầu Mụn Thông Minh Mã SP-0490,Mỹ Phẩm & Làm Đẹp,Shop Yêu Thích,Bình Dương,762000,20,0,0,33645,2035,7385,2604,4.65,3500,4.5,87.9,91.6,2.9,3.05,0.98,Tiềm Năng Cao,Thấp
SP_00491,[Shop Yêu Thích+] Tã Bỉm Dán Siêu Thấm Hút Ban Đêm Nhập Khẩu Mã SP-0491,Mẹ & Bé,Shop Yêu Thích+,Đà Nẵng,407000,5,0,0,9622,705,2025,263,3.88,1394,4.95,70.9,90.2,2.4,8.68,29.35,Rủi Ro / Kém,Cao
SP_00492,[Shop Yêu Thích+] Kem Chống Nắng Kiềm Dầu SPF50+ Hot Trend Mã SP-0492,Mỹ Phẩm & Làm Đẹp,Shop Yêu Thích+,Đà Nẵng,439000,10,0,0,15018,1699,1456,550,4.53,965,3.81,81.6,93.3,4.5,4.72,0.96,Trung Bình,Thấp
SP_00493,[Shop Thường] Kính Cường Lực 9D Full Màn Thế Hệ Mới Mã SP-0493,Điện Thoại & Phụ Kiện,Shop Thường,Hà Nội,2753000,25,1,0,5373,799,732,348,4.25,397,4.76,70.6,88.5,1.6,15.36,23.55,Trung Bình,Cao
SP_00494,[Shop Thường] Trà Xanh Thái Nguyên Thượng Hạng Thông Minh Mã SP-0494,Bách Hóa Online,Shop Thường,Đà Nẵng,62000,50,1,45000,3626,105,604,232,4.47,262,3.85,72.4,90.1,5.4,11.16,9.27,Trung Bình,Cao
SP_00495,[Shop Yêu Thích+] Bánh Quy Bơ Phô Mai Giòn Rụm Chính Hãng Mã SP-0495,Bách Hóa Online,Shop Yêu Thích+,Đà Nẵng,130000,0,1,0,9845,1299,1989,466,4.99,1319,3.97,97.1,90.5,6.4,7.97,4.41,Trung Bình,Trung Bình
SP_00496,[Shop Yêu Thích+] Áo Thun Unisex Cotton 100% Cao Cấp Mã SP-0496,Thời Trang Nam/Nữ,Shop Yêu Thích+,Bình Dương,135000,20,0,45000,7039,780,1951,509,4.07,688,4.75,92.6,97.8,5.9,18.0,19.16,Trung Bình,Cao
SP_00497,[Shop Yêu Thích] Kính Cường Lực 9D Full Màn Siêu Bền Mã SP-0497,Điện Thoại & Phụ Kiện,Shop Yêu Thích,Bình Dương,4065000,40,1,22000,13643,673,1362,768,4.6,868,4.19,89.4,88.6,5.8,6.06,0.84,Tiềm Năng Cao,Trung Bình
SP_00498,[Shop Yêu Thích] Quần Jean Baggy Form Rộng Cao Cấp Mã SP-0498,Thời Trang Nam/Nữ,Shop Yêu Thích,Đà Nẵng,538000,30,1,15000,1713,215,611,484,4.01,264,4.39,74.6,91.7,4.0,17.25,13.91,Trung Bình,Cao
SP_00499,[Shop Yêu Thích] Xe Đẩy Gấp Gọn Siêu Nhẹ Du Lịch Nhập Khẩu Mã SP-0499,Mẹ & Bé,Shop Yêu Thích,Đà Nẵng,434000,15,1,30000,55474,7382,9662,1410,3.96,3329,4.0,83.8,85.2,2.8,10.91,22.33,Trung Bình,Cao
SP_00500,[Shopee Mall] Bình Giữ Nhiệt Inox 304 800ml Siêu Bền Mã SP-0500,Nhà Cửa & Đời Sống,Shopee Mall,Đồng Nai,387000,30,1,15000,64757,5571,2849,877,4.25,1295,3.98,75.8,98.7,2.4,6.56,15.45,Trung Bình,Cao
SP_00501,[Shopee Mall] Nước Giặt Xả Hương Nước Hoa Đậm Đặc Thế Hệ Mới Mã SP-0501,Bách Hóa Online,Shopee Mall,Cần Thơ,76000,15,0,15000,18467,1750,1806,244,4.84,710,3.94,91.5,94.2,3.5,1.31,3.8,Trung Bình,Thấp
SP_00502,[Shop Yêu Thích] Gối Cao Su Non Công Thái Học Hot Trend Mã SP-0502,Nhà Cửa & Đời Sống,Shop Yêu Thích,Bình Dương,233000,25,0,45000,12021,529,3089,329,3.5,1308,4.15,77.2,98.4,3.1,5.01,13.06,Rủi Ro / Kém,Trung Bình
SP_00503,[Shop Thường] Chuột Không Dây Silent Siêu Nhạy Giá Rẻ Mã SP-0503,Máy Tính & Laptop,Shop Thường,Nước Ngoài (Trung Quốc),2886000,0,1,22000,6055,719,384,122,3.76,195,4.86,73.3,88.7,5.6,12.23,34.74,Rủi Ro / Kém,Cao
SP_00504,[Shop Yêu Thích] Nước Tẩy Trang Micellar Water Dịu Nhẹ Siêu Bền Mã SP-0504,Mỹ Phẩm & Làm Đẹp,Shop Yêu Thích,Nước Ngoài (Trung Quốc),832000,10,0,0,25713,2027,5217,991,4.6,2585,4.17,70.4,90.4,3.3,6.18,4.51,Tiềm Năng Cao,Trung Bình
SP_00505,[Shopee Mall] Cà Phê Rang Xay Nguyên Chất Đậm Vị Đa Năng Mã SP-0505,Bách Hóa Online,Shopee Mall,Cần Thơ,176000,30,1,15000,17814,1509,1881,436,3.71,724,4.59,97.6,86.3,3.4,5.57,15.4,Rủi Ro / Kém,Cao
SP_00506,[Shop Yêu Thích] Dây Nhảy Thể Lực Lõi Thép Chống Rối Siêu Bền Mã SP-0506,Thể Thao & Du Lịch,Shop Yêu Thích,Đà Nẵng,296000,25,0,30000,3162,176,533,150,4.92,238,4.51,83.0,94.1,3.8,8.25,4.07,Trung Bình,Trung Bình
SP_00507,[Shop Yêu Thích] Củ Sạc Nhanh 65W GaN Type-C Giá Rẻ Mã SP-0507,Điện Thoại & Phụ Kiện,Shop Yêu Thích,Đà Nẵng,3970000,10,0,22000,36774,2187,3854,782,4.5,1860,4.55,94.8,88.2,2.1,4.41,0.52,Tiềm Năng Cao,Thấp
SP_00508,[Shop Yêu Thích] Áo Thun Unisex Cotton 100% Đa Năng Mã SP-0508,Thời Trang Nam/Nữ,Shop Yêu Thích,TP. Hồ Chí Minh,417000,20,0,45000,26434,1061,1441,216,4.65,859,4.6,97.5,91.4,3.0,0.76,4.7,Trung Bình,Thấp
SP_00509,[Shopee Mall] Xe Đẩy Gấp Gọn Siêu Nhẹ Du Lịch Thế Hệ Mới Mã SP-0509,Mẹ & Bé,Shopee Mall,Bình Dương,292000,20,0,15000,45376,2809,7491,2761,4.52,3001,4.48,76.0,91.2,3.0,2.88,4.67,Tiềm Năng Cao,Thấp
SP_00510,[Shop Thường] Bình Nước Thể Thao 2 Lít Có Vạch Chia Thế Hệ Mới Mã SP-0510,Thể Thao & Du Lịch,Shop Thường,Đồng Nai,123000,10,0,22000,19904,1323,2396,592,4.53,1116,4.4,86.8,85.4,6.3,3.87,3.9,Tiềm Năng Cao,Cao
SP_00511,[Shop Yêu Thích+] Đèn Bàn Học LED Chống Cận Thị Nhập Khẩu Mã SP-0511,Nhà Cửa & Đời Sống,Shop Yêu Thích+,Cần Thơ,155000,60,1,45000,14756,397,3260,1024,4.82,2035,4.88,83.8,97.9,1.8,0.94,4.23,Tiềm Năng Cao,Thấp
SP_00512,[Shopee Mall] Cáp Sạc Nhanh Tự Ngắt Bọc Dù Nhập Khẩu Mã SP-0512,Điện Thoại & Phụ Kiện,Shopee Mall,Nước Ngoài (Trung Quốc),2530000,60,1,30000,8625,308,1639,792,4.8,631,4.63,92.2,87.1,4.0,2.29,3.54,Trung Bình,Cao
SP_00513,[Shopee Mall] Giá Đỡ Laptop Nhôm Tản Nhiệt Gấp Gọn Đa Năng Mã SP-0513,Máy Tính & Laptop,Shopee Mall,TP. Hồ Chí Minh,4122000,60,1,15000,40985,4036,2379,246,3.5,742,3.94,81.7,92.5,6.1,8.35,21.06,Rủi Ro / Kém,Cao
SP_00514,[Shop Thường] Nước Tẩy Trang Micellar Water Dịu Nhẹ Đa Năng Mã SP-0514,Mỹ Phẩm & Làm Đẹp,Shop Thường,Đà Nẵng,938000,60,1,0,30655,1349,6786,2200,4.45,3939,4.32,84.4,88.0,2.9,5.45,23.9,Tiềm Năng Cao,Cao
SP_00515,[Shopee Mall] Gối Cao Su Non Công Thái Học Thế Hệ Mới Mã SP-0515,Nhà Cửa & Đời Sống,Shopee Mall,Cần Thơ,500000,30,1,30000,1194,42,445,68,3.93,297,3.98,71.3,94.2,6.0,17.96,20.63,Rủi Ro / Kém,Cao
SP_00516,[Shop Yêu Thích] Trà Xanh Thái Nguyên Thượng Hạng Cao Cấp Mã SP-0516,Bách Hóa Online,Shop Yêu Thích,Đà Nẵng,391000,50,1,45000,900,79,227,119,4.85,138,4.05,91.5,90.0,5.4,2.73,3.93,Rủi Ro / Kém,Thấp
SP_00517,[Shop Thường] Bình Sữa Cổ Rộng Chống Sặc PPSU Giá Rẻ Mã SP-0517,Mẹ & Bé,Shop Thường,TP. Hồ Chí Minh,508000,60,1,15000,7585,916,1180,742,4.89,633,4.49,94.9,93.7,1.8,0.74,3.8,Trung Bình,Thấp
SP_00518,[Shop Thường] Củ Sạc Nhanh 65W GaN Type-C Giá Rẻ Mã SP-0518,Điện Thoại & Phụ Kiện,Shop Thường,Cần Thơ,2801000,15,0,15000,25454,2918,3139,1327,4.82,1024,3.93,71.1,88.7,5.2,4.03,2.18,Tiềm Năng Cao,Thấp
SP_00519,[Shopee Mall] Quần Jean Baggy Form Rộng Chống Nước Mã SP-0519,Thời Trang Nam/Nữ,Shopee Mall,Cần Thơ,774000,40,1,30000,65964,6091,5080,2001,4.46,1937,3.96,94.4,87.4,5.5,6.79,23.72,Tiềm Năng Cao,Cao
SP_00520,[Shop Yêu Thích] Tai Nghe Bluetooth True Wireless Chống Ồn Cao Cấp Mã SP-0520,Điện Thoại & Phụ Kiện,Shop Yêu Thích,Đồng Nai,192000,25,0,45000,2945,129,1037,147,3.61,535,4.46,76.2,87.8,5.6,11.26,17.63,Rủi Ro / Kém,Cao
SP_00521,[Shop Thường] Chuột Không Dây Silent Siêu Nhạy Giá Rẻ Mã SP-0521,Máy Tính & Laptop,Shop Thường,Nước Ngoài (Trung Quốc),3231000,5,0,15000,14025,495,1449,167,3.95,452,4.74,78.7,97.2,5.6,9.66,17.66,Trung Bình,Cao
SP_00522,[Shop Yêu Thích] Giá Đỡ Laptop Nhôm Tản Nhiệt Gấp Gọn Chính Hãng Mã SP-0522,Máy Tính & Laptop,Shop Yêu Thích,TP. Hồ Chí Minh,4391000,60,1,45000,7692,699,2047,1152,4.43,834,4.17,80.1,85.4,2.8,8.85,28.65,Tiềm Năng Cao,Cao
SP_00523,[Shopee Mall] Nước Tẩy Trang Micellar Water Dịu Nhẹ Chống Nước Mã SP-0523,Mỹ Phẩm & Làm Đẹp,Shopee Mall,Đà Nẵng,300000,40,1,0,53055,5268,11760,2883,4.35,8001,4.77,88.4,93.9,1.9,12.0,33.56,Trung Bình,Cao
SP_00524,[Shop Thường] Áo Thun Unisex Cotton 100% Cao Cấp Mã SP-0524,Thời Trang Nam/Nữ,Shop Thường,Đồng Nai,578000,15,0,30000,28188,3775,2744,327,4.67,1677,4.37,86.0,97.0,5.8,5.96,3.82,Tiềm Năng Cao,Trung Bình
SP_00525,[Shop Thường] Cà Phê Rang Xay Nguyên Chất Đậm Vị Thế Hệ Mới Mã SP-0525,Bách Hóa Online,Shop Thường,Nước Ngoài (Trung Quốc),153000,30,1,30000,27832,983,5076,684,3.67,2414,4.46,77.0,85.9,4.4,7.29,28.18,Rủi Ro / Kém,Cao
SP_00526,[Shopee Mall] Túi Trống Thể Thao Tập Gym Du Lịch Cao Cấp Mã SP-0526,Thể Thao & Du Lịch,Shopee Mall,Bình Dương,280000,0,1,15000,9986,607,2088,241,3.92,1137,4.33,73.7,92.1,1.9,7.63,22.68,Trung Bình,Cao
SP_00527,[Shop Yêu Thích+] Máy Hút Bụi Cầm Tay Không Dây Siêu Hút Giá Rẻ Mã SP-0527,Thiết Bị Điện Gia Dụng,Shop Yêu Thích+,Đồng Nai,3155000,50,1,22000,8537,1161,1141,169,3.87,758,4.84,88.7,95.4,2.9,6.95,11.7,Rủi Ro / Kém,Trung Bình
SP_00528,[Shop Yêu Thích] Sữa Rửa Mặt Dịu Nhẹ Cho Da Dầu Mụn Siêu Bền Mã SP-0528,Mỹ Phẩm & Làm Đẹp,Shop Yêu Thích,Đà Nẵng,184000,25,0,15000,5290,408,1545,86,3.85,776,3.84,78.3,85.5,3.4,15.99,10.28,Rủi Ro / Kém,Cao
SP_00529,[Shop Thường] Xe Đẩy Gấp Gọn Siêu Nhẹ Du Lịch Cao Cấp Mã SP-0529,Mẹ & Bé,Shop Thường,Nước Ngoài (Trung Quốc),418000,40,1,0,1370,144,549,201,4.07,246,4.07,88.3,85.4,6.0,17.38,32.5,Rủi Ro / Kém,Cao
SP_00530,[Shop Thường] Kem Chống Nắng Kiềm Dầu SPF50+ Chống Nước Mã SP-0530,Mỹ Phẩm & Làm Đẹp,Shop Thường,Cần Thơ,945000,30,1,0,30506,4387,7330,6293,4.33,3562,4.77,87.0,93.5,4.1,6.36,18.29,Trung Bình,Cao
SP_00531,[Shop Yêu Thích+] Serum Phục Hồi Da B5 Dưỡng Ẩm Sâu Cao Cấp Mã SP-0531,Mỹ Phẩm & Làm Đẹp,Shop Yêu Thích+,Đà Nẵng,877000,20,1,15000,25641,2416,1137,194,3.94,701,4.73,88.2,97.0,2.1,12.24,16.67,Trung Bình,Cao
SP_00532,[Shopee Mall] Hub Chuyển Đổi Type-C 7 in 1 Giá Rẻ Mã SP-0532,Máy Tính & Laptop,Shopee Mall,Đà Nẵng,3753000,0,0,22000,123086,5947,5768,737,4.77,3805,4.38,98.6,93.2,3.7,2.56,4.04,Tiềm Năng Cao,Thấp
SP_00533,[Shop Yêu Thích] Hạt Dinh Dưỡng Hạnh Nhân Óc Chó Mix Hot Trend Mã SP-0533,Bách Hóa Online,Shop Yêu Thích,Nước Ngoài (Trung Quốc),175000,60,1,0,85923,3776,12391,5020,4.48,7277,4.08,91.4,85.9,2.8,7.73,26.32,Tiềm Năng Cao,Cao
SP_00534,[Shop Yêu Thích] Quạt Cây Đứng Điều Khiển Từ Xa Cao Cấp Mã SP-0534,Thiết Bị Điện Gia Dụng,Shop Yêu Thích,Bình Dương,3014000,5,1,30000,12659,588,2402,623,3.62,1342,3.94,74.3,98.0,3.1,15.43,17.04,Rủi Ro / Kém,Cao
SP_00535,[Shopee Mall] Máy Xay Sinh Tố Mini Cầm Tay 6 Lưỡi Đa Năng Mã SP-0535,Thiết Bị Điện Gia Dụng,Shopee Mall,TP. Hồ Chí Minh,1463000,25,1,15000,22479,2229,4941,1362,3.54,3035,4.89,98.2,95.6,3.4,12.45,25.74,Rủi Ro / Kém,Cao
SP_00536,[Shop Yêu Thích] Bình Sữa Cổ Rộng Chống Sặc PPSU Chính Hãng Mã SP-0536,Mẹ & Bé,Shop Yêu Thích,TP. Hồ Chí Minh,603000,50,1,45000,43942,3957,2949,1129,4.6,1446,4.56,83.2,92.8,2.8,7.19,1.82,Tiềm Năng Cao,Trung Bình
SP_00537,[Shop Yêu Thích] Máy Hút Bụi Cầm Tay Không Dây Siêu Hút Chống Nước Mã SP-0537,Thiết Bị Điện Gia Dụng,Shop Yêu Thích,Đồng Nai,3884000,25,0,0,28921,4178,3525,786,4.17,1775,4.63,89.6,98.5,4.5,10.51,19.31,Trung Bình,Cao
SP_00538,[Shop Thường] Lót Chuột Gaming Khổ Lớn 80x30cm Hot Trend Mã SP-0538,Máy Tính & Laptop,Shop Thường,Đà Nẵng,1281000,60,1,22000,4762,168,838,676,4.01,468,4.76,97.0,96.4,5.9,4.22,11.26,Trung Bình,Trung Bình
SP_00539,[Shop Yêu Thích] Dây Nhảy Thể Lực Lõi Thép Chống Rối Chính Hãng Mã SP-0539,Thể Thao & Du Lịch,Shop Yêu Thích,Đà Nẵng,59000,30,1,0,9482,352,2572,1018,4.98,907,4.63,77.2,95.3,3.0,3.19,4.21,Tiềm Năng Cao,Thấp
SP_00540,[Shop Yêu Thích+] Củ Sạc Nhanh 65W GaN Type-C Chính Hãng Mã SP-0540,Điện Thoại & Phụ Kiện,Shop Yêu Thích+,Cần Thơ,3827000,30,1,30000,2574,305,858,278,4.15,576,4.69,72.5,98.9,6.0,12.61,17.99,Trung Bình,Cao
SP_00541,[Shop Thường] Bánh Quy Bơ Phô Mai Giòn Rụm Chống Nước Mã SP-0541,Bách Hóa Online,Shop Thường,TP. Hồ Chí Minh,205000,50,1,45000,46703,2344,6503,4076,4.66,3464,4.14,82.8,97.5,3.1,3.05,1.3,Tiềm Năng Cao,Thấp
SP_00542,[Shop Yêu Thích+] Quần Jean Baggy Form Rộng Thế Hệ Mới Mã SP-0542,Thời Trang Nam/Nữ,Shop Yêu Thích+,Hà Nội,647000,60,1,22000,14477,512,1540,158,3.93,1045,3.92,88.2,88.8,2.0,7.36,15.52,Trung Bình,Cao
SP_00543,[Shop Yêu Thích] Nước Tẩy Trang Micellar Water Dịu Nhẹ Siêu Bền Mã SP-0543,Mỹ Phẩm & Làm Đẹp,Shop Yêu Thích,Hà Nội,87000,60,1,0,4394,544,574,362,4.31,241,4.95,82.8,99.0,3.7,5.83,20.25,Trung Bình,Cao
SP_00544,[Shop Thường] Ốp Lưng Chống Sốc Trong Suốt Thế Hệ Mới Mã SP-0544,Điện Thoại & Phụ Kiện,Shop Thường,Hà Nội,2304000,5,0,22000,17207,1135,1231,87,3.67,410,4.68,80.1,87.3,3.8,14.67,26.15,Rủi Ro / Kém,Cao
SP_00545,[Shopee Mall] Nồi Chiên Không Dầu Điện Tử 6.5L Thế Hệ Mới Mã SP-0545,Thiết Bị Điện Gia Dụng,Shopee Mall,Bình Dương,4420000,25,1,45000,14940,368,2547,864,4.82,1657,4.59,75.9,88.3,3.9,4.38,1.34,Tiềm Năng Cao,Thấp
SP_00546,[Shopee Mall] Đèn Bàn Học LED Chống Cận Thị Hot Trend Mã SP-0546,Nhà Cửa & Đời Sống,Shopee Mall,TP. Hồ Chí Minh,553000,15,1,0,7151,803,637,200,4.42,344,4.39,84.5,94.4,4.8,6.61,16.1,Trung Bình,Cao
SP_00547,[Shop Thường] Gối Cao Su Non Công Thái Học Giá Rẻ Mã SP-0547,Nhà Cửa & Đời Sống,Shop Thường,Đà Nẵng,637000,25,0,22000,2308,310,609,60,3.67,296,3.92,82.7,88.7,2.4,17.87,25.84,Rủi Ro / Kém,Cao
SP_00548,[Shop Thường] Tã Bỉm Dán Siêu Thấm Hút Ban Đêm Giá Rẻ Mã SP-0548,Mẹ & Bé,Shop Thường,Đà Nẵng,640000,30,1,15000,17201,825,3955,382,3.9,1605,3.83,81.7,89.7,3.7,9.78,32.63,Trung Bình,Cao
SP_00549,[Shopee Mall] Hạt Dinh Dưỡng Hạnh Nhân Óc Chó Mix Chống Nước Mã SP-0549,Bách Hóa Online,Shopee Mall,Cần Thơ,340000,40,1,30000,11519,1033,2387,1907,4.81,1035,4.07,70.6,94.0,5.1,6.92,0.91,Tiềm Năng Cao,Trung Bình
SP_00550,[Shopee Mall] Ấm Siêu Tốc 2 Lớp Cách Nhiệt 1.8L Siêu Bền Mã SP-0550,Thiết Bị Điện Gia Dụng,Shopee Mall,Nước Ngoài (Trung Quốc),553000,50,1,15000,22697,917,3805,834,3.8,1392,4.23,82.4,90.5,4.3,7.61,8.37,Rủi Ro / Kém,Trung Bình
SP_00551,[Shop Thường] Giày Sneaker Thể Thao Trắng Chính Hãng Mã SP-0551,Thời Trang Nam/Nữ,Shop Thường,Hà Nội,869000,40,1,0,11514,574,2438,214,3.95,1529,3.99,82.0,90.6,5.6,16.71,31.27,Trung Bình,Cao
SP_00552,[Shopee Mall] Kính Cường Lực 9D Full Màn Thế Hệ Mới Mã SP-0552,Điện Thoại & Phụ Kiện,Shopee Mall,Cần Thơ,270000,50,1,45000,29176,2814,3820,752,3.64,1645,4.9,70.7,92.6,2.9,6.94,15.14,Rủi Ro / Kém,Cao
SP_00553,[Shop Thường] Bánh Quy Bơ Phô Mai Giòn Rụm Đa Năng Mã SP-0553,Bách Hóa Online,Shop Thường,Hà Nội,120000,15,0,45000,12541,1396,1978,83,3.93,991,4.13,81.2,90.8,4.2,5.57,14.05,Trung Bình,Trung Bình
SP_00554,[Shop Yêu Thích+] Tã Bỉm Dán Siêu Thấm Hút Ban Đêm Giá Rẻ Mã SP-0554,Mẹ & Bé,Shop Yêu Thích+,Nước Ngoài (Trung Quốc),513000,60,1,0,12846,1609,3201,1409,4.0,2171,4.57,72.5,93.8,3.5,16.15,22.13,Trung Bình,Cao
SP_00555,[Shop Yêu Thích+] Kem Chống Nắng Kiềm Dầu SPF50+ Giá Rẻ Mã SP-0555,Mỹ Phẩm & Làm Đẹp,Shop Yêu Thích+,Cần Thơ,480000,20,0,15000,31891,3120,7217,2465,4.53,4349,3.84,86.4,96.8,3.1,5.72,1.95,Tiềm Năng Cao,Trung Bình
SP_00556,[Shopee Mall] Nước Giặt Xả Hương Nước Hoa Đậm Đặc Siêu Bền Mã SP-0556,Bách Hóa Online,Shopee Mall,Nước Ngoài (Trung Quốc),132000,30,1,0,8249,338,1700,597,4.64,592,4.25,84.9,98.1,4.6,4.7,1.13,Trung Bình,Thấp
SP_00557,[Shopee Mall] Dây Nhảy Thể Lực Lõi Thép Chống Rối Thế Hệ Mới Mã SP-0557,Thể Thao & Du Lịch,Shopee Mall,Đồng Nai,328000,5,0,22000,2658,146,733,168,4.82,415,4.66,85.7,87.1,2.5,5.41,3.72,Rủi Ro / Kém,Cao
SP_00558,[Shop Yêu Thích] Gối Cao Su Non Công Thái Học Giá Rẻ Mã SP-0558,Nhà Cửa & Đời Sống,Shop Yêu Thích,Đà Nẵng,363000,10,1,30000,938,37,53,16,4.12,35,3.81,79.9,93.0,1.8,10.8,12.22,Rủi Ro / Kém,Cao
SP_00559,[Shopee Mall] Bình Nước Thể Thao 2 Lít Có Vạch Chia Chống Nước Mã SP-0559,Thể Thao & Du Lịch,Shopee Mall,Đồng Nai,222000,20,0,30000,21605,2186,2704,320,3.96,1510,4.5,87.8,88.0,2.0,7.14,12.81,Trung Bình,Trung Bình
SP_00560,[Shop Thường] Tai Nghe Bluetooth True Wireless Chống Ồn Siêu Bền Mã SP-0560,Điện Thoại & Phụ Kiện,Shop Thường,Nước Ngoài (Trung Quốc),2854000,60,1,45000,15025,1740,2961,1140,4.95,1821,4.53,72.7,99.6,5.5,1.67,1.24,Tiềm Năng Cao,Thấp
SP_00561,[Shopee Mall] Váy Nữ Dáng Xòe Vintage Chính Hãng Mã SP-0561,Thời Trang Nam/Nữ,Shopee Mall,Nước Ngoài (Trung Quốc),199000,50,1,30000,18764,1113,3833,1859,4.21,1745,4.31,79.4,92.0,4.1,11.69,31.85,Trung Bình,Cao
SP_00562,[Shop Yêu Thích] Serum Phục Hồi Da B5 Dưỡng Ẩm Sâu Đa Năng Mã SP-0562,Mỹ Phẩm & Làm Đẹp,Shop Yêu Thích,Đồng Nai,919000,30,1,45000,4092,215,701,283,4.54,222,4.33,84.0,90.4,4.9,6.33,1.46,Trung Bình,Trung Bình
SP_00563,[Shop Yêu Thích] Son Kem Lì Mịn Môi Lâu Trôi Chống Nước Mã SP-0563,Mỹ Phẩm & Làm Đẹp,Shop Yêu Thích,Cần Thơ,824000,0,1,22000,2699,162,334,98,3.51,106,4.43,89.4,89.0,4.7,9.78,34.88,Rủi Ro / Kém,Cao
SP_00564,[Shopee Mall] Hộp Cơm Cắm Điện Hâm Nóng Tự Động Cao Cấp Mã SP-0564,Nhà Cửa & Đời Sống,Shopee Mall,Nước Ngoài (Trung Quốc),507000,60,1,30000,719,96,563,124,4.21,311,4.39,91.2,95.6,2.4,16.34,10.24,Rủi Ro / Kém,Cao
SP_00565,[Shopee Mall] Củ Sạc Nhanh 65W GaN Type-C Giá Rẻ Mã SP-0565,Điện Thoại & Phụ Kiện,Shopee Mall,Hà Nội,2724000,5,0,22000,6975,696,672,90,3.79,448,4.98,75.1,98.3,6.4,14.47,17.89,Rủi Ro / Kém,Cao
SP_00566,[Shopee Mall] Xe Đẩy Gấp Gọn Siêu Nhẹ Du Lịch Cao Cấp Mã SP-0566,Mẹ & Bé,Shopee Mall,Bình Dương,222000,50,1,15000,13870,1076,1367,310,3.63,762,4.67,98.2,97.5,3.1,12.13,11.18,Rủi Ro / Kém,Cao
SP_00567,[Shopee Mall] Kính Cường Lực 9D Full Màn Giá Rẻ Mã SP-0567,Điện Thoại & Phụ Kiện,Shopee Mall,Nước Ngoài (Trung Quốc),1102000,5,1,0,7969,1159,1996,386,4.39,971,4.02,98.3,98.0,3.0,13.87,33.45,Trung Bình,Cao
SP_00568,[Shopee Mall] Serum Phục Hồi Da B5 Dưỡng Ẩm Sâu Đa Năng Mã SP-0568,Mỹ Phẩm & Làm Đẹp,Shopee Mall,Bình Dương,447000,20,1,15000,9129,1173,933,236,4.12,545,4.48,84.7,88.9,4.4,9.06,25.33,Trung Bình,Cao
SP_00569,[Shop Thường] Chuột Không Dây Silent Siêu Nhạy Nhập Khẩu Mã SP-0569,Máy Tính & Laptop,Shop Thường,TP. Hồ Chí Minh,1425000,50,1,45000,35675,2322,7851,2537,4.55,5401,4.05,92.3,93.2,2.8,4.61,1.45,Tiềm Năng Cao,Thấp
SP_00570,[Shopee Mall] Trà Xanh Thái Nguyên Thượng Hạng Cao Cấp Mã SP-0570,Bách Hóa Online,Shopee Mall,Hà Nội,554000,10,0,30000,6921,478,1130,240,4.06,391,4.5,97.0,90.3,2.3,10.89,17.09,Trung Bình,Cao
SP_00571,[Shop Yêu Thích] Giá Đỡ Laptop Nhôm Tản Nhiệt Gấp Gọn Đa Năng Mã SP-0571,Máy Tính & Laptop,Shop Yêu Thích,TP. Hồ Chí Minh,3974000,50,1,15000,11322,1134,2183,912,4.16,1388,4.7,81.2,88.7,3.2,13.84,16.1,Trung Bình,Cao
SP_00572,[Shop Thường] Thảm Tập Yoga TPE 2 Lớp Chống Trượt Thế Hệ Mới Mã SP-0572,Thể Thao & Du Lịch,Shop Thường,Hà Nội,300000,60,1,30000,23463,976,2570,966,3.75,980,4.51,92.6,99.4,2.1,8.83,33.92,Rủi Ro / Kém,Cao
SP_00573,[Shop Thường] Đèn Bàn Học LED Chống Cận Thị Chống Nước Mã SP-0573,Nhà Cửa & Đời Sống,Shop Thường,Đà Nẵng,430000,10,0,15000,8076,484,1019,69,3.76,347,4.04,90.5,88.6,5.7,9.43,20.89,Rủi Ro / Kém,Cao
SP_00574,[Shop Thường] Ốp Lưng Chống Sốc Trong Suốt Siêu Bền Mã SP-0574,Điện Thoại & Phụ Kiện,Shop Thường,Đồng Nai,1890000,40,1,30000,15096,1799,846,381,4.56,394,4.8,78.5,89.8,4.9,7.48,3.19,Trung Bình,Trung Bình
SP_00575,[Shopee Mall] Cáp Sạc Nhanh Tự Ngắt Bọc Dù Giá Rẻ Mã SP-0575,Điện Thoại & Phụ Kiện,Shopee Mall,Bình Dương,1966000,60,1,15000,30247,1941,6707,3444,4.05,2224,4.72,85.0,88.4,1.7,8.38,10.51,Trung Bình,Trung Bình
SP_00576,[Shop Yêu Thích+] Hub Chuyển Đổi Type-C 7 in 1 Thông Minh Mã SP-0576,Máy Tính & Laptop,Shop Yêu Thích+,TP. Hồ Chí Minh,2698000,30,1,30000,45292,3389,3347,1312,4.94,2088,3.84,92.0,90.1,4.8,3.74,4.13,Tiềm Năng Cao,Thấp
SP_00577,[Shop Thường] Máy Hút Bụi Cầm Tay Không Dây Siêu Hút Nhập Khẩu Mã SP-0577,Thiết Bị Điện Gia Dụng,Shop Thường,Đà Nẵng,3874000,0,0,30000,2886,217,626,77,3.58,393,4.31,81.2,91.7,3.9,8.86,22.45,Rủi Ro / Kém,Cao
SP_00578,[Shop Thường] Tai Nghe Bluetooth True Wireless Chống Ồn Thế Hệ Mới Mã SP-0578,Điện Thoại & Phụ Kiện,Shop Thường,Đà Nẵng,805000,10,1,45000,39674,3962,9035,1642,4.27,3154,4.11,81.0,92.2,5.9,13.95,14.81,Trung Bình,Cao
SP_00579,[Shop Yêu Thích+] Bình Giữ Nhiệt Inox 304 800ml Siêu Bền Mã SP-0579,Nhà Cửa & Đời Sống,Shop Yêu Thích+,Bình Dương,208000,20,0,0,10662,262,965,43,3.95,579,4.34,72.5,88.7,2.0,14.54,25.09,Trung Bình,Cao
SP_00580,[Shop Yêu Thích] Hộp Cơm Cắm Điện Hâm Nóng Tự Động Giá Rẻ Mã SP-0580,Nhà Cửa & Đời Sống,Shop Yêu Thích,Hà Nội,561000,60,1,30000,4981,124,1197,323,3.99,546,3.85,72.4,99.5,6.1,14.86,19.41,Trung Bình,Cao
SP_00581,[Shop Thường] Giá Đỡ Laptop Nhôm Tản Nhiệt Gấp Gọn Chính Hãng Mã SP-0581,Máy Tính & Laptop,Shop Thường,Cần Thơ,1103000,15,0,22000,9718,1197,1810,418,4.31,890,4.54,83.1,96.3,5.2,15.29,15.48,Trung Bình,Cao
SP_00582,[Shop Yêu Thích] Giày Sneaker Thể Thao Trắng Thế Hệ Mới Mã SP-0582,Thời Trang Nam/Nữ,Shop Yêu Thích,Đà Nẵng,753000,20,0,30000,59204,6242,5600,1734,4.67,3871,4.05,76.6,89.7,1.6,3.1,0.79,Tiềm Năng Cao,Thấp
SP_00583,[Shop Yêu Thích+] Nước Giặt Xả Hương Nước Hoa Đậm Đặc Thế Hệ Mới Mã SP-0583,Bách Hóa Online,Shop Yêu Thích+,Đồng Nai,579000,30,1,30000,10677,686,1370,172,3.52,689,4.92,75.1,92.9,3.5,9.84,25.84,Rủi Ro / Kém,Cao
SP_00584,[Shop Yêu Thích+] Ốp Lưng Chống Sốc Trong Suốt Siêu Bền Mã SP-0584,Điện Thoại & Phụ Kiện,Shop Yêu Thích+,Đà Nẵng,830000,15,0,45000,6479,395,1180,72,3.94,635,4.24,86.9,94.2,3.6,15.09,28.29,Rủi Ro / Kém,Cao
SP_00585,[Shop Thường] Dây Nhảy Thể Lực Lõi Thép Chống Rối Hot Trend Mã SP-0585,Thể Thao & Du Lịch,Shop Thường,Đồng Nai,575000,10,0,0,15552,2316,2520,405,3.83,1534,3.92,99.4,99.6,4.3,9.1,13.88,Rủi Ro / Kém,Trung Bình
SP_00586,[Shopee Mall] Hộp Cơm Cắm Điện Hâm Nóng Tự Động Chống Nước Mã SP-0586,Nhà Cửa & Đời Sống,Shopee Mall,TP. Hồ Chí Minh,350000,50,1,45000,4619,334,1063,281,3.84,716,4.44,78.7,87.6,4.2,8.84,20.53,Rủi Ro / Kém,Cao
SP_00587,[Shop Thường] Ốp Lưng Chống Sốc Trong Suốt Nhập Khẩu Mã SP-0587,Điện Thoại & Phụ Kiện,Shop Thường,Đà Nẵng,3576000,30,1,15000,1683,63,331,199,4.43,229,4.56,77.5,89.8,4.3,10.84,10.46,Rủi Ro / Kém,Cao
SP_00588,[Shop Yêu Thích] Giày Sneaker Thể Thao Trắng Thế Hệ Mới Mã SP-0588,Thời Trang Nam/Nữ,Shop Yêu Thích,TP. Hồ Chí Minh,929000,10,0,15000,2569,359,419,51,4.91,135,4.01,83.8,93.5,4.9,4.05,1.59,Rủi Ro / Kém,Thấp
SP_00589,[Shop Yêu Thích+] Nước Giặt Xả Hương Nước Hoa Đậm Đặc Chính Hãng Mã SP-0589,Bách Hóa Online,Shop Yêu Thích+,Cần Thơ,188000,15,0,0,2555,275,814,130,3.55,272,3.81,77.8,91.2,5.1,5.75,28.97,Rủi Ro / Kém,Cao
SP_00590,[Shop Thường] Thảm Tập Yoga TPE 2 Lớp Chống Trượt Giá Rẻ Mã SP-0590,Thể Thao & Du Lịch,Shop Thường,Đà Nẵng,86000,20,0,0,2971,256,742,278,4.57,258,4.24,92.7,97.5,4.4,6.83,3.75,Trung Bình,Trung Bình
SP_00591,[Shop Yêu Thích] Bộ Đồ Chơi Xếp Hình Gỗ Trí Uẩn Thông Minh Mã SP-0591,Mẹ & Bé,Shop Yêu Thích,Hà Nội,519000,15,0,22000,2741,375,513,74,3.61,229,4.57,79.9,95.2,3.8,7.74,15.43,Rủi Ro / Kém,Cao
SP_00592,[Shop Yêu Thích+] Bàn Phím Cơ LED RGB Blue/Red Switch Siêu Bền Mã SP-0592,Máy Tính & Laptop,Shop Yêu Thích+,Nước Ngoài (Trung Quốc),362000,15,0,45000,15861,2265,1362,112,3.94,802,4.24,74.6,95.0,5.5,5.86,24.4,Trung Bình,Cao
SP_00593,[Shopee Mall] Bộ Đồ Chơi Xếp Hình Gỗ Trí Uẩn Hot Trend Mã SP-0593,Mẹ & Bé,Shopee Mall,Đà Nẵng,241000,60,1,22000,3511,236,953,284,3.52,526,3.98,80.3,87.5,2.3,16.36,16.49,Rủi Ro / Kém,Cao
SP_00594,[Shop Thường] Xe Đẩy Gấp Gọn Siêu Nhẹ Du Lịch Thông Minh Mã SP-0594,Mẹ & Bé,Shop Thường,Hà Nội,204000,40,1,30000,6862,442,796,223,4.92,475,3.82,75.9,86.8,4.0,5.06,3.37,Trung Bình,Cao
SP_00595,[Shop Yêu Thích+] Bình Nước Thể Thao 2 Lít Có Vạch Chia Hot Trend Mã SP-0595,Thể Thao & Du Lịch,Shop Yêu Thích+,Cần Thơ,58000,30,1,0,34564,1911,8792,6589,4.26,6055,4.94,87.0,85.8,2.7,7.71,27.96,Trung Bình,Cao
SP_00596,[Shop Yêu Thích] Serum Phục Hồi Da B5 Dưỡng Ẩm Sâu Giá Rẻ Mã SP-0596,Mỹ Phẩm & Làm Đẹp,Shop Yêu Thích,Nước Ngoài (Trung Quốc),100000,60,1,22000,10135,453,2198,520,3.64,930,4.46,77.3,88.1,5.3,10.92,10.65,Rủi Ro / Kém,Cao
SP_00597,[Shop Yêu Thích] Váy Nữ Dáng Xòe Vintage Chính Hãng Mã SP-0597,Thời Trang Nam/Nữ,Shop Yêu Thích,Cần Thơ,548000,5,0,30000,17019,816,2635,272,4.31,1248,4.04,91.6,98.4,3.7,13.32,23.9,Trung Bình,Cao
SP_00598,[Shop Thường] Cà Phê Rang Xay Nguyên Chất Đậm Vị Đa Năng Mã SP-0598,Bách Hóa Online,Shop Thường,TP. Hồ Chí Minh,640000,20,0,15000,3336,189,718,289,4.22,291,4.19,86.8,89.1,3.0,10.38,34.39,Trung Bình,Cao
SP_00599,[Shop Thường] Cà Phê Rang Xay Nguyên Chất Đậm Vị Chống Nước Mã SP-0599,Bách Hóa Online,Shop Thường,Hà Nội,532000,10,1,30000,3703,489,751,126,3.64,464,4.61,76.4,96.3,4.0,8.64,22.32,Rủi Ro / Kém,Cao
SP_00600,[Shop Yêu Thích] Bộ Cây Lau Nhà Tự Vắt 360 Độ Hot Trend Mã SP-0600,Nhà Cửa & Đời Sống,Shop Yêu Thích,Nước Ngoài (Trung Quốc),356000,10,1,30000,1125,111,571,276,4.78,312,4.74,91.8,91.2,2.6,2.6,4.7,Trung Bình,Thấp
SP_00601,[Shop Yêu Thích+] Hộp Cơm Cắm Điện Hâm Nóng Tự Động Thông Minh Mã SP-0601,Nhà Cửa & Đời Sống,Shop Yêu Thích+,Nước Ngoài (Trung Quốc),366000,25,0,22000,3275,233,798,342,4.14,262,4.34,89.4,91.1,2.2,10.62,15.4,Trung Bình,Cao
SP_00602,[Shop Yêu Thích+] Serum Phục Hồi Da B5 Dưỡng Ẩm Sâu Đa Năng Mã SP-0602,Mỹ Phẩm & Làm Đẹp,Shop Yêu Thích+,Hà Nội,911000,25,1,30000,5398,500,518,110,3.99,217,4.75,74.8,86.1,5.1,17.65,24.01,Rủi Ro / Kém,Cao
SP_00603,[Shop Yêu Thích+] Xe Đẩy Gấp Gọn Siêu Nhẹ Du Lịch Hot Trend Mã SP-0603,Mẹ & Bé,Shop Yêu Thích+,TP. Hồ Chí Minh,646000,60,1,30000,3422,220,741,175,3.58,267,3.87,79.7,96.1,5.4,10.0,12.1,Rủi Ro / Kém,Trung Bình
SP_00604,[Shopee Mall] Bộ Cây Lau Nhà Tự Vắt 360 Độ Hot Trend Mã SP-0604,Nhà Cửa & Đời Sống,Shopee Mall,Nước Ngoài (Trung Quốc),473000,15,0,45000,1893,168,199,11,3.89,125,4.72,91.0,97.9,5.2,17.88,17.75,Rủi Ro / Kém,Cao
SP_00605,[Shop Yêu Thích+] Hạt Dinh Dưỡng Hạnh Nhân Óc Chó Mix Thông Minh Mã SP-0605,Bách Hóa Online,Shop Yêu Thích+,Đồng Nai,504000,15,0,22000,2428,130,882,95,4.96,311,4.04,81.9,91.1,3.9,0.88,2.88,Rủi Ro / Kém,Thấp
SP_00606,[Shop Thường] Nồi Chiên Không Dầu Điện Tử 6.5L Nhập Khẩu Mã SP-0606,Thiết Bị Điện Gia Dụng,Shop Thường,Bình Dương,412000,50,1,22000,9764,924,2041,356,4.24,1073,4.75,74.7,86.7,4.1,16.35,23.5,Trung Bình,Cao
SP_00607,[Shop Yêu Thích+] Kem Chống Nắng Kiềm Dầu SPF50+ Thế Hệ Mới Mã SP-0607,Mỹ Phẩm & Làm Đẹp,Shop Yêu Thích+,Hà Nội,535000,40,1,15000,3966,413,695,203,3.61,477,4.58,82.0,98.2,3.0,13.04,18.53,Rủi Ro / Kém,Cao
SP_00608,[Shop Yêu Thích] Sữa Rửa Mặt Dịu Nhẹ Cho Da Dầu Mụn Thế Hệ Mới Mã SP-0608,Mỹ Phẩm & Làm Đẹp,Shop Yêu Thích,Hà Nội,324000,15,0,22000,7294,335,2020,452,4.48,1322,4.44,74.6,97.8,5.4,6.99,12.9,Trung Bình,Trung Bình
SP_00609,[Shop Yêu Thích] Túi Trống Thể Thao Tập Gym Du Lịch Cao Cấp Mã SP-0609,Thể Thao & Du Lịch,Shop Yêu Thích,Bình Dương,578000,25,0,22000,11000,1161,911,226,4.89,377,4.84,76.5,98.9,3.3,1.6,4.54,Trung Bình,Thấp
SP_00610,[Shop Thường] Ốp Lưng Chống Sốc Trong Suốt Cao Cấp Mã SP-0610,Điện Thoại & Phụ Kiện,Shop Thường,Cần Thơ,1858000,30,1,0,18086,845,2483,773,4.1,1253,4.34,85.5,93.6,2.3,7.04,33.4,Trung Bình,Cao
SP_00611,[Shop Yêu Thích] Ấm Siêu Tốc 2 Lớp Cách Nhiệt 1.8L Thế Hệ Mới Mã SP-0611,Thiết Bị Điện Gia Dụng,Shop Yêu Thích,Nước Ngoài (Trung Quốc),1873000,5,0,22000,1101,157,240,91,4.26,115,4.37,80.6,97.7,6.2,16.13,19.72,Rủi Ro / Kém,Cao
SP_00612,[Shop Thường] Đèn Bàn Học LED Chống Cận Thị Chính Hãng Mã SP-0612,Nhà Cửa & Đời Sống,Shop Thường,Nước Ngoài (Trung Quốc),507000,0,0,22000,24597,637,5423,1613,4.85,1909,4.68,90.9,87.3,5.3,0.99,4.11,Tiềm Năng Cao,Cao
SP_00613,[Shop Thường] Hộp Cơm Cắm Điện Hâm Nóng Tự Động Nhập Khẩu Mã SP-0613,Nhà Cửa & Đời Sống,Shop Thường,Đà Nẵng,186000,30,1,15000,15328,608,3541,1210,4.28,1222,4.01,84.9,87.4,3.0,13.07,32.54,Trung Bình,Cao
SP_00614,[Shop Yêu Thích+] Nồi Chiên Không Dầu Điện Tử 6.5L Cao Cấp Mã SP-0614,Thiết Bị Điện Gia Dụng,Shop Yêu Thích+,Bình Dương,383000,40,1,0,1779,129,664,145,3.72,246,4.68,96.9,85.2,2.0,18.33,11.04,Rủi Ro / Kém,Cao
SP_00615,[Shop Thường] Bánh Quy Bơ Phô Mai Giòn Rụm Siêu Bền Mã SP-0615,Bách Hóa Online,Shop Thường,Đồng Nai,162000,60,1,0,31522,4330,2180,1361,4.2,1241,4.17,84.8,86.4,5.7,12.28,11.4,Trung Bình,Cao
SP_00616,[Shopee Mall] Bàn Phím Cơ LED RGB Blue/Red Switch Hot Trend Mã SP-0616,Máy Tính & Laptop,Shopee Mall,Đà Nẵng,926000,30,1,22000,38550,1904,3069,488,3.66,1493,4.86,85.5,93.7,6.4,7.87,32.29,Rủi Ro / Kém,Cao
SP_00617,[Shopee Mall] Bộ Đồ Chơi Xếp Hình Gỗ Trí Uẩn Thông Minh Mã SP-0617,Mẹ & Bé,Shopee Mall,Bình Dương,419000,0,0,15000,1445,185,331,70,4.45,180,3.82,80.3,92.2,4.6,15.85,23.58,Rủi Ro / Kém,Cao
SP_00618,[Shop Yêu Thích+] Son Kem Lì Mịn Môi Lâu Trôi Nhập Khẩu Mã SP-0618,Mỹ Phẩm & Làm Đẹp,Shop Yêu Thích+,Đà Nẵng,617000,40,1,0,5362,465,1024,271,4.48,669,4.69,83.7,96.4,2.0,16.42,28.61,Trung Bình,Cao
SP_00619,[Shopee Mall] Cáp Sạc Nhanh Tự Ngắt Bọc Dù Thế Hệ Mới Mã SP-0619,Điện Thoại & Phụ Kiện,Shopee Mall,Đồng Nai,1184000,5,1,30000,25114,2829,1638,229,3.68,1141,4.8,96.0,86.2,4.0,9.76,33.41,Rủi Ro / Kém,Cao
SP_00620,[Shopee Mall] Serum Phục Hồi Da B5 Dưỡng Ẩm Sâu Hot Trend Mã SP-0620,Mỹ Phẩm & Làm Đẹp,Shopee Mall,Đồng Nai,262000,25,0,15000,21190,553,3407,615,4.3,2317,4.48,81.2,92.9,2.0,6.4,25.13,Trung Bình,Cao
SP_00621,[Shop Thường] Serum Phục Hồi Da B5 Dưỡng Ẩm Sâu Siêu Bền Mã SP-0621,Mỹ Phẩm & Làm Đẹp,Shop Thường,Cần Thơ,937000,15,0,30000,3559,520,1055,224,4.85,625,4.16,72.2,89.4,5.0,5.84,1.44,Trung Bình,Trung Bình
SP_00622,[Shop Yêu Thích] Củ Sạc Nhanh 65W GaN Type-C Thế Hệ Mới Mã SP-0622,Điện Thoại & Phụ Kiện,Shop Yêu Thích,Bình Dương,1327000,40,1,15000,4023,577,747,194,4.71,405,4.72,80.5,88.7,2.6,8.09,1.13,Trung Bình,Trung Bình
SP_00623,[Shop Yêu Thích] Kính Cường Lực 9D Full Màn Thông Minh Mã SP-0623,Điện Thoại & Phụ Kiện,Shop Yêu Thích,Nước Ngoài (Trung Quốc),3782000,10,0,22000,7441,449,722,89,3.68,288,3.81,94.7,91.5,4.2,12.85,12.15,Rủi Ro / Kém,Cao
SP_00624,[Shop Thường] Ấm Siêu Tốc 2 Lớp Cách Nhiệt 1.8L Cao Cấp Mã SP-0624,Thiết Bị Điện Gia Dụng,Shop Thường,Nước Ngoài (Trung Quốc),2242000,5,0,30000,10439,1147,2535,511,4.81,1295,4.5,92.0,86.3,6.3,7.42,1.59,Trung Bình,Cao
SP_00625,[Shopee Mall] Bánh Quy Bơ Phô Mai Giòn Rụm Thế Hệ Mới Mã SP-0625,Bách Hóa Online,Shopee Mall,Cần Thơ,132000,20,0,22000,14945,937,2779,1234,4.46,931,4.89,94.2,86.5,2.7,11.18,23.96,Tiềm Năng Cao,Cao
SP_00626,[Shop Thường] Bình Giữ Nhiệt Inox 304 800ml Giá Rẻ Mã SP-0626,Nhà Cửa & Đời Sống,Shop Thường,Cần Thơ,646000,50,1,30000,7404,954,1328,224,3.66,809,3.85,90.2,90.3,6.0,10.12,18.63,Rủi Ro / Kém,Cao
SP_00627,[Shop Thường] Váy Nữ Dáng Xòe Vintage Giá Rẻ Mã SP-0627,Thời Trang Nam/Nữ,Shop Thường,Bình Dương,646000,50,1,0,9813,997,2325,1451,4.72,870,4.93,79.9,94.3,3.0,3.8,0.63,Tiềm Năng Cao,Thấp
SP_00628,[Shop Yêu Thích+] Hộp Cơm Cắm Điện Hâm Nóng Tự Động Chống Nước Mã SP-0628,Nhà Cửa & Đời Sống,Shop Yêu Thích+,Nước Ngoài (Trung Quốc),279000,20,0,0,21143,2167,4301,745,4.55,2621,4.19,79.7,93.1,3.5,3.29,4.17,Tiềm Năng Cao,Thấp
SP_00629,[Shop Yêu Thích+] Cà Phê Rang Xay Nguyên Chất Đậm Vị Chống Nước Mã SP-0629,Bách Hóa Online,Shop Yêu Thích+,Đà Nẵng,576000,15,0,22000,1060,109,368,119,4.58,226,3.92,95.7,88.0,3.9,3.2,2.47,Rủi Ro / Kém,Thấp
SP_00630,[Shopee Mall] Bàn Phím Cơ LED RGB Blue/Red Switch Chống Nước Mã SP-0630,Máy Tính & Laptop,Shopee Mall,TP. Hồ Chí Minh,1063000,15,0,45000,4864,575,934,295,4.34,313,4.64,91.3,86.4,6.1,13.62,31.01,Trung Bình,Cao
SP_00631,[Shop Thường] Quạt Cây Đứng Điều Khiển Từ Xa Chống Nước Mã SP-0631,Thiết Bị Điện Gia Dụng,Shop Thường,Bình Dương,1239000,30,1,0,19242,2577,4281,1761,4.6,3000,4.81,71.2,91.5,4.2,5.84,1.73,Tiềm Năng Cao,Trung Bình
SP_00632,[Shop Yêu Thích] Serum Phục Hồi Da B5 Dưỡng Ẩm Sâu Hot Trend Mã SP-0632,Mỹ Phẩm & Làm Đẹp,Shop Yêu Thích,Bình Dương,509000,15,1,22000,34336,3419,7581,1964,3.53,2862,4.09,85.6,87.8,3.5,12.34,32.36,Rủi Ro / Kém,Cao
SP_00633,[Shop Thường] Hộp Cơm Cắm Điện Hâm Nóng Tự Động Đa Năng Mã SP-0633,Nhà Cửa & Đời Sống,Shop Thường,Cần Thơ,404000,25,0,15000,11251,1626,1120,436,4.04,655,4.18,87.4,96.8,2.0,17.3,34.61,Trung Bình,Cao
SP_00634,[Shopee Mall] Nước Giặt Xả Hương Nước Hoa Đậm Đặc Chống Nước Mã SP-0634,Bách Hóa Online,Shopee Mall,Hà Nội,643000,15,0,45000,11892,653,2790,353,3.84,1396,4.79,98.6,91.5,2.4,12.12,23.09,Rủi Ro / Kém,Cao
SP_00635,[Shopee Mall] Máy Xay Sinh Tố Mini Cầm Tay 6 Lưỡi Thông Minh Mã SP-0635,Thiết Bị Điện Gia Dụng,Shopee Mall,Đà Nẵng,3053000,5,0,22000,2200,252,672,168,4.92,412,4.48,81.9,87.0,4.8,2.98,3.64,Rủi Ro / Kém,Cao
SP_00636,[Shop Thường] Máy Hút Bụi Cầm Tay Không Dây Siêu Hút Nhập Khẩu Mã SP-0636,Thiết Bị Điện Gia Dụng,Shop Thường,Nước Ngoài (Trung Quốc),1331000,50,1,45000,9397,932,1947,475,3.51,644,4.18,82.4,85.9,2.3,6.82,34.45,Rủi Ro / Kém,Cao
SP_00637,[Shop Thường] Bàn Phím Cơ LED RGB Blue/Red Switch Cao Cấp Mã SP-0637,Máy Tính & Laptop,Shop Thường,Đà Nẵng,1128000,25,1,30000,11909,838,1791,981,4.92,673,4.49,75.3,89.6,3.7,2.52,0.91,Tiềm Năng Cao,Thấp
SP_00638,[Shop Yêu Thích+] Tã Bỉm Dán Siêu Thấm Hút Ban Đêm Hot Trend Mã SP-0638,Mẹ & Bé,Shop Yêu Thích+,Nước Ngoài (Trung Quốc),108000,25,0,0,4665,460,1187,160,3.53,406,4.43,99.6,85.0,1.6,8.74,16.27,Rủi Ro / Kém,Cao
SP_00639,[Shop Yêu Thích] Nồi Chiên Không Dầu Điện Tử 6.5L Thông Minh Mã SP-0639,Thiết Bị Điện Gia Dụng,Shop Yêu Thích,Hà Nội,4231000,10,0,22000,5205,208,684,281,4.52,403,3.92,75.3,98.0,2.2,7.05,0.64,Trung Bình,Trung Bình
SP_00640,[Shop Yêu Thích+] Thảm Tập Yoga TPE 2 Lớp Chống Trượt Đa Năng Mã SP-0640,Thể Thao & Du Lịch,Shop Yêu Thích+,Đồng Nai,135000,25,0,45000,7604,644,1560,658,4.85,1058,4.42,86.4,98.7,3.4,4.08,1.02,Trung Bình,Thấp
SP_00641,[Shop Yêu Thích+] Cáp Sạc Nhanh Tự Ngắt Bọc Dù Hot Trend Mã SP-0641,Điện Thoại & Phụ Kiện,Shop Yêu Thích+,Cần Thơ,1308000,15,0,30000,804,53,667,178,4.11,430,4.03,92.6,94.8,4.5,16.29,10.46,Rủi Ro / Kém,Cao
SP_00642,[Shop Thường] Quạt Cây Đứng Điều Khiển Từ Xa Nhập Khẩu Mã SP-0642,Thiết Bị Điện Gia Dụng,Shop Thường,Nước Ngoài (Trung Quốc),1796000,20,0,30000,6330,642,955,49,3.94,300,4.72,86.8,86.5,4.5,8.44,34.79,Rủi Ro / Kém,Cao
SP_00643,[Shopee Mall] Bình Giữ Nhiệt Inox 304 800ml Siêu Bền Mã SP-0643,Nhà Cửa & Đời Sống,Shopee Mall,Nước Ngoài (Trung Quốc),217000,5,0,45000,4063,172,436,125,4.36,144,4.7,75.6,89.5,6.3,4.76,30.29,Rủi Ro / Kém,Cao
SP_00644,[Shop Yêu Thích] Khăn Ướt Kháng Khuẩn Không Mùi Siêu Bền Mã SP-0644,Mẹ & Bé,Shop Yêu Thích,Cần Thơ,545000,25,0,0,6451,925,1833,155,3.65,1078,4.89,87.1,92.3,4.6,4.66,18.3,Rủi Ro / Kém,Cao
SP_00645,[Shop Yêu Thích] Cáp Sạc Nhanh Tự Ngắt Bọc Dù Cao Cấp Mã SP-0645,Điện Thoại & Phụ Kiện,Shop Yêu Thích,Cần Thơ,2859000,10,0,15000,2413,62,283,89,4.76,119,4.25,90.4,98.6,5.1,7.72,1.89,Rủi Ro / Kém,Trung Bình
SP_00646,[Shop Thường] Gối Cao Su Non Công Thái Học Cao Cấp Mã SP-0646,Nhà Cửa & Đời Sống,Shop Thường,Nước Ngoài (Trung Quốc),448000,30,1,22000,33681,4085,2903,613,3.78,1684,4.81,89.9,91.6,2.6,13.25,11.11,Rủi Ro / Kém,Cao
SP_00647,[Shop Yêu Thích+] Cà Phê Rang Xay Nguyên Chất Đậm Vị Thông Minh Mã SP-0647,Bách Hóa Online,Shop Yêu Thích+,Hà Nội,196000,20,0,30000,14005,1837,1624,92,3.93,1026,4.14,98.5,98.1,4.3,11.22,11.43,Trung Bình,Cao
SP_00648,[Shopee Mall] Bánh Quy Bơ Phô Mai Giòn Rụm Chính Hãng Mã SP-0648,Bách Hóa Online,Shopee Mall,TP. Hồ Chí Minh,259000,0,0,15000,17549,504,2408,610,4.54,864,3.9,71.2,93.8,6.2,6.63,1.35,Trung Bình,Trung Bình
SP_00649,[Shopee Mall] Nồi Chiên Không Dầu Điện Tử 6.5L Nhập Khẩu Mã SP-0649,Thiết Bị Điện Gia Dụng,Shopee Mall,Hà Nội,1401000,25,0,22000,23850,1099,4305,1003,4.03,2926,4.91,76.8,92.5,4.6,8.87,27.47,Trung Bình,Cao
SP_00650,[Shop Yêu Thích+] Cà Phê Rang Xay Nguyên Chất Đậm Vị Hot Trend Mã SP-0650,Bách Hóa Online,Shop Yêu Thích+,Hà Nội,595000,10,1,22000,10850,795,1926,1323,4.53,830,3.87,97.0,85.6,4.9,0.55,0.52,Tiềm Năng Cao,Cao
SP_00651,[Shop Yêu Thích] Khăn Ướt Kháng Khuẩn Không Mùi Chính Hãng Mã SP-0651,Mẹ & Bé,Shop Yêu Thích,Cần Thơ,61000,60,1,45000,1863,257,780,350,4.47,359,3.89,77.1,98.5,4.0,7.63,34.46,Trung Bình,Cao
SP_00652,[Shop Thường] Bánh Quy Bơ Phô Mai Giòn Rụm Thông Minh Mã SP-0652,Bách Hóa Online,Shop Thường,Bình Dương,574000,25,1,22000,12053,1756,3471,425,3.76,1645,4.56,71.3,89.4,3.6,16.76,31.0,Rủi Ro / Kém,Cao
SP_00653,[Shop Thường] Giá Đỡ Laptop Nhôm Tản Nhiệt Gấp Gọn Hot Trend Mã SP-0653,Máy Tính & Laptop,Shop Thường,Nước Ngoài (Trung Quốc),3599000,30,1,30000,13758,969,1689,797,4.17,869,4.68,91.4,88.6,4.3,17.75,27.69,Trung Bình,Cao
SP_00654,[Shop Thường] Máy Xay Sinh Tố Mini Cầm Tay 6 Lưỡi Siêu Bền Mã SP-0654,Thiết Bị Điện Gia Dụng,Shop Thường,TP. Hồ Chí Minh,3220000,20,1,15000,21023,1656,5313,3668,4.31,1707,4.36,86.6,88.2,2.3,9.57,21.97,Trung Bình,Cao
SP_00655,[Shop Thường] Cà Phê Rang Xay Nguyên Chất Đậm Vị Hot Trend Mã SP-0655,Bách Hóa Online,Shop Thường,Đồng Nai,606000,10,0,45000,8975,850,1937,472,4.46,949,4.72,73.9,97.8,6.2,8.59,33.19,Trung Bình,Cao
SP_00656,[Shopee Mall] Thảm Tập Yoga TPE 2 Lớp Chống Trượt Chính Hãng Mã SP-0656,Thể Thao & Du Lịch,Shopee Mall,Cần Thơ,112000,0,1,0,2547,359,666,60,3.63,428,4.2,97.3,90.4,4.4,16.01,20.83,Rủi Ro / Kém,Cao
SP_00657,[Shopee Mall] Giá Đỡ Laptop Nhôm Tản Nhiệt Gấp Gọn Đa Năng Mã SP-0657,Máy Tính & Laptop,Shopee Mall,Hà Nội,1459000,10,1,0,5506,223,1084,579,4.43,697,4.44,73.4,88.7,6.2,17.18,10.62,Trung Bình,Cao
SP_00658,[Shop Thường] Hub Chuyển Đổi Type-C 7 in 1 Giá Rẻ Mã SP-0658,Máy Tính & Laptop,Shop Thường,Đà Nẵng,4056000,10,0,45000,7266,1024,1255,321,4.73,391,4.63,90.2,92.3,3.2,3.22,0.88,Trung Bình,Thấp
SP_00659,[Shop Yêu Thích+] Tai Nghe Bluetooth True Wireless Chống Ồn Thông Minh Mã SP-0659,Điện Thoại & Phụ Kiện,Shop Yêu Thích+,Đồng Nai,3374000,10,1,15000,16073,1807,3889,761,3.98,1941,4.95,87.7,94.2,6.5,9.3,14.82,Trung Bình,Trung Bình
SP_00660,[Shop Thường] Bộ Cây Lau Nhà Tự Vắt 360 Độ Cao Cấp Mã SP-0660,Nhà Cửa & Đời Sống,Shop Thường,Cần Thơ,351000,10,1,15000,13186,1971,1523,438,3.89,740,4.64,86.5,86.2,2.2,18.18,24.85,Rủi Ro / Kém,Cao
SP_00661,[Shop Yêu Thích] Váy Nữ Dáng Xòe Vintage Thế Hệ Mới Mã SP-0661,Thời Trang Nam/Nữ,Shop Yêu Thích,Bình Dương,985000,40,1,30000,7103,391,996,783,4.54,616,4.27,80.3,91.0,6.2,6.25,2.99,Trung Bình,Trung Bình
SP_00662,[Shop Thường] Hộp Cơm Cắm Điện Hâm Nóng Tự Động Chính Hãng Mã SP-0662,Nhà Cửa & Đời Sống,Shop Thường,Nước Ngoài (Trung Quốc),111000,25,0,0,65092,7750,5532,510,3.69,2005,3.83,93.4,96.9,5.8,4.14,8.36,Rủi Ro / Kém,Trung Bình
SP_00663,[Shop Yêu Thích] Quạt Cây Đứng Điều Khiển Từ Xa Chính Hãng Mã SP-0663,Thiết Bị Điện Gia Dụng,Shop Yêu Thích,Hà Nội,3924000,25,0,0,14462,550,3838,196,3.58,1297,4.54,70.1,99.1,5.5,7.38,9.35,Rủi Ro / Kém,Trung Bình
SP_00664,[Shop Yêu Thích] Bộ Đồ Chơi Xếp Hình Gỗ Trí Uẩn Siêu Bền Mã SP-0664,Mẹ & Bé,Shop Yêu Thích,Đồng Nai,512000,15,0,30000,4561,262,1267,203,3.78,609,4.53,72.4,92.5,6.4,7.82,31.71,Rủi Ro / Kém,Cao
SP_00665,[Shop Yêu Thích] Kem Chống Nắng Kiềm Dầu SPF50+ Chính Hãng Mã SP-0665,Mỹ Phẩm & Làm Đẹp,Shop Yêu Thích,Cần Thơ,250000,25,0,15000,2110,204,611,198,4.45,241,3.99,80.3,88.7,2.7,4.1,32.05,Rủi Ro / Kém,Cao
SP_00666,[Shopee Mall] Hộp Cơm Cắm Điện Hâm Nóng Tự Động Thông Minh Mã SP-0666,Nhà Cửa & Đời Sống,Shopee Mall,Đồng Nai,88000,5,0,0,2988,90,968,247,4.73,673,4.54,79.6,95.0,5.4,7.82,3.64,Trung Bình,Trung Bình
SP_00667,[Shop Yêu Thích+] Kính Cường Lực 9D Full Màn Đa Năng Mã SP-0667,Điện Thoại & Phụ Kiện,Shop Yêu Thích+,Nước Ngoài (Trung Quốc),3842000,25,0,30000,4734,395,1101,73,3.95,593,4.24,80.6,85.6,3.8,10.69,32.93,Rủi Ro / Kém,Cao
SP_00668,[Shop Thường] Xe Đẩy Gấp Gọn Siêu Nhẹ Du Lịch Giá Rẻ Mã SP-0668,Mẹ & Bé,Shop Thường,TP. Hồ Chí Minh,181000,10,0,30000,3127,119,766,98,3.54,357,4.3,93.7,85.2,4.8,6.51,24.01,Rủi Ro / Kém,Cao
SP_00669,[Shop Thường] Kem Chống Nắng Kiềm Dầu SPF50+ Cao Cấp Mã SP-0669,Mỹ Phẩm & Làm Đẹp,Shop Thường,Cần Thơ,542000,10,0,15000,3597,213,1154,227,4.09,438,3.83,85.0,94.0,3.7,16.35,21.16,Trung Bình,Cao
SP_00670,[Shopee Mall] Váy Nữ Dáng Xòe Vintage Chính Hãng Mã SP-0670,Thời Trang Nam/Nữ,Shopee Mall,Đồng Nai,390000,40,1,45000,5534,789,1367,320,3.85,760,4.15,79.3,90.0,4.6,12.87,24.18,Rủi Ro / Kém,Cao
SP_00671,[Shop Yêu Thích] Hộp Cơm Cắm Điện Hâm Nóng Tự Động Chống Nước Mã SP-0671,Nhà Cửa & Đời Sống,Shop Yêu Thích,Nước Ngoài (Trung Quốc),403000,60,1,30000,3356,249,432,311,4.17,290,3.88,97.1,94.4,3.9,8.07,17.2,Trung Bình,Cao
SP_00672,[Shop Yêu Thích+] Máy Hút Bụi Cầm Tay Không Dây Siêu Hút Thông Minh Mã SP-0672,Thiết Bị Điện Gia Dụng,Shop Yêu Thích+,Cần Thơ,2025000,60,1,45000,34561,2886,4627,2029,4.73,2104,4.08,79.6,87.2,4.1,4.2,4.55,Tiềm Năng Cao,Cao
SP_00673,[Shop Thường] Bình Giữ Nhiệt Inox 304 800ml Giá Rẻ Mã SP-0673,Nhà Cửa & Đời Sống,Shop Thường,Đồng Nai,222000,20,0,22000,1754,91,473,42,3.59,264,4.82,93.5,93.3,6.3,11.03,16.48,Rủi Ro / Kém,Cao
SP_00674,[Shopee Mall] Serum Phục Hồi Da B5 Dưỡng Ẩm Sâu Nhập Khẩu Mã SP-0674,Mỹ Phẩm & Làm Đẹp,Shopee Mall,Hà Nội,361000,0,0,15000,11651,608,1681,649,4.26,516,4.43,74.3,88.9,1.6,13.45,28.58,Trung Bình,Cao
SP_00675,[Shop Thường] Máy Xay Sinh Tố Mini Cầm Tay 6 Lưỡi Thông Minh Mã SP-0675,Thiết Bị Điện Gia Dụng,Shop Thường,Bình Dương,3279000,50,1,15000,8424,286,910,282,4.64,381,4.51,79.7,93.7,1.6,0.92,1.97,Trung Bình,Thấp
SP_00676,[Shop Thường] Máy Hút Bụi Cầm Tay Không Dây Siêu Hút Chống Nước Mã SP-0676,Thiết Bị Điện Gia Dụng,Shop Thường,TP. Hồ Chí Minh,358000,30,1,22000,61079,7860,2450,413,3.99,778,4.27,91.7,92.6,5.1,11.2,33.03,Trung Bình,Cao
SP_00677,[Shop Yêu Thích] Chuột Không Dây Silent Siêu Nhạy Siêu Bền Mã SP-0677,Máy Tính & Laptop,Shop Yêu Thích,TP. Hồ Chí Minh,2075000,5,0,22000,2282,268,604,73,4.12,286,4.21,90.8,96.7,4.2,5.3,13.6,Rủi Ro / Kém,Trung Bình
SP_00678,[Shop Yêu Thích] Cáp Sạc Nhanh Tự Ngắt Bọc Dù Hot Trend Mã SP-0678,Điện Thoại & Phụ Kiện,Shop Yêu Thích,Đồng Nai,612000,50,1,0,8108,399,440,344,4.76,304,3.86,79.6,87.0,3.4,5.57,2.28,Trung Bình,Cao
SP_00679,[Shop Thường] Gối Cao Su Non Công Thái Học Cao Cấp Mã SP-0679,Nhà Cửa & Đời Sống,Shop Thường,Đà Nẵng,588000,5,1,45000,52835,4432,5697,1128,3.84,3761,3.84,76.4,87.4,4.2,17.27,28.09,Rủi Ro / Kém,Cao
SP_00680,[Shop Thường] Bộ Cây Lau Nhà Tự Vắt 360 Độ Chống Nước Mã SP-0680,Nhà Cửa & Đời Sống,Shop Thường,Bình Dương,188000,15,0,22000,30593,1647,1875,193,3.99,901,4.2,90.2,99.3,5.4,6.97,11.04,Trung Bình,Trung Bình
SP_00681,[Shop Yêu Thích+] Tai Nghe Bluetooth True Wireless Chống Ồn Hot Trend Mã SP-0681,Điện Thoại & Phụ Kiện,Shop Yêu Thích+,Bình Dương,1905000,60,1,22000,25979,2634,4481,1058,3.58,1391,4.23,94.9,85.2,5.8,6.99,33.56,Rủi Ro / Kém,Cao
SP_00682,[Shop Yêu Thích] Máy Xay Sinh Tố Mini Cầm Tay 6 Lưỡi Thế Hệ Mới Mã SP-0682,Thiết Bị Điện Gia Dụng,Shop Yêu Thích,Bình Dương,4177000,40,1,45000,4974,530,1224,809,4.69,789,4.52,95.7,94.2,6.2,7.94,1.87,Trung Bình,Trung Bình
SP_00683,[Shop Yêu Thích+] Chuột Không Dây Silent Siêu Nhạy Cao Cấp Mã SP-0683,Máy Tính & Laptop,Shop Yêu Thích+,Cần Thơ,1913000,15,0,22000,3310,75,1130,160,4.13,408,3.89,98.0,91.8,6.4,17.26,11.25,Rủi Ro / Kém,Cao
SP_00684,[Shopee Mall] Áo Khoác Bomber Chống Gió Thông Minh Mã SP-0684,Thời Trang Nam/Nữ,Shopee Mall,Bình Dương,174000,5,0,30000,17068,1578,1895,563,4.37,621,4.84,76.5,95.2,3.5,9.47,9.0,Trung Bình,Trung Bình
SP_00685,[Shopee Mall] Bánh Quy Bơ Phô Mai Giòn Rụm Thông Minh Mã SP-0685,Bách Hóa Online,Shopee Mall,Nước Ngoài (Trung Quốc),615000,0,0,22000,40255,1865,3927,766,4.58,2552,4.65,83.4,88.5,1.5,5.7,4.43,Tiềm Năng Cao,Trung Bình
SP_00686,[Shop Yêu Thích] Khăn Ướt Kháng Khuẩn Không Mùi Giá Rẻ Mã SP-0686,Mẹ & Bé,Shop Yêu Thích,Bình Dương,73000,20,0,45000,12704,1153,1895,435,4.73,991,4.24,92.1,87.2,3.2,1.89,2.31,Trung Bình,Cao
SP_00687,[Shop Thường] Ấm Siêu Tốc 2 Lớp Cách Nhiệt 1.8L Thông Minh Mã SP-0687,Thiết Bị Điện Gia Dụng,Shop Thường,TP. Hồ Chí Minh,3490000,25,0,0,13215,836,1687,434,4.83,874,4.52,96.7,95.1,3.2,7.85,4.92,Trung Bình,Trung Bình
SP_00688,[Shop Yêu Thích] Quạt Cây Đứng Điều Khiển Từ Xa Thông Minh Mã SP-0688,Thiết Bị Điện Gia Dụng,Shop Yêu Thích,Hà Nội,1836000,30,1,0,5427,807,1088,192,4.82,738,4.79,74.9,94.8,2.6,6.18,2.01,Trung Bình,Trung Bình
SP_00689,[Shop Thường] Ấm Siêu Tốc 2 Lớp Cách Nhiệt 1.8L Siêu Bền Mã SP-0689,Thiết Bị Điện Gia Dụng,Shop Thường,Hà Nội,4435000,30,1,15000,22512,2463,5693,3151,4.62,3612,4.49,75.6,98.2,1.5,6.85,2.77,Tiềm Năng Cao,Trung Bình
SP_00690,[Shop Yêu Thích+] Hạt Dinh Dưỡng Hạnh Nhân Óc Chó Mix Chính Hãng Mã SP-0690,Bách Hóa Online,Shop Yêu Thích+,Đà Nẵng,272000,30,1,22000,3606,117,776,128,4.31,302,4.79,90.4,97.2,1.8,10.56,11.21,Rủi Ro / Kém,Cao
SP_00691,[Shop Yêu Thích+] Bình Sữa Cổ Rộng Chống Sặc PPSU Nhập Khẩu Mã SP-0691,Mẹ & Bé,Shop Yêu Thích+,Nước Ngoài (Trung Quốc),376000,30,1,22000,6366,615,1185,695,4.14,823,4.05,80.5,92.4,2.8,10.87,29.54,Trung Bình,Cao
SP_00692,[Shop Yêu Thích+] Thảm Tập Yoga TPE 2 Lớp Chống Trượt Thế Hệ Mới Mã SP-0692,Thể Thao & Du Lịch,Shop Yêu Thích+,Hà Nội,527000,0,0,30000,8812,465,577,81,3.63,343,4.71,83.6,98.7,5.2,7.5,34.57,Rủi Ro / Kém,Cao
SP_00693,[Shop Thường] Ấm Siêu Tốc 2 Lớp Cách Nhiệt 1.8L Siêu Bền Mã SP-0693,Thiết Bị Điện Gia Dụng,Shop Thường,Hà Nội,1924000,60,1,30000,11127,1080,2010,1460,4.53,1011,3.91,90.9,91.9,3.4,7.9,3.44,Tiềm Năng Cao,Trung Bình
SP_00694,[Shop Thường] Bộ Cây Lau Nhà Tự Vắt 360 Độ Chính Hãng Mã SP-0694,Nhà Cửa & Đời Sống,Shop Thường,Nước Ngoài (Trung Quốc),203000,40,1,22000,4664,457,938,118,3.56,361,4.82,70.2,92.2,5.4,15.7,32.45,Rủi Ro / Kém,Cao
SP_00695,[Shop Yêu Thích] Bình Sữa Cổ Rộng Chống Sặc PPSU Đa Năng Mã SP-0695,Mẹ & Bé,Shop Yêu Thích,Nước Ngoài (Trung Quốc),253000,25,0,45000,2329,181,904,50,3.84,335,4.81,99.4,87.0,4.5,4.34,21.4,Rủi Ro / Kém,Cao
SP_00696,[Shop Yêu Thích+] Bình Sữa Cổ Rộng Chống Sặc PPSU Siêu Bền Mã SP-0696,Mẹ & Bé,Shop Yêu Thích+,Hà Nội,581000,5,0,0,14647,1096,793,322,4.34,453,4.13,85.2,92.0,2.7,17.45,11.71,Trung Bình,Cao
SP_00697,[Shop Yêu Thích] Chuột Không Dây Silent Siêu Nhạy Nhập Khẩu Mã SP-0697,Máy Tính & Laptop,Shop Yêu Thích,Đồng Nai,1759000,40,1,45000,5608,160,1246,212,3.89,398,4.25,79.0,88.0,5.2,9.67,18.04,Rủi Ro / Kém,Cao
SP_00698,[Shop Yêu Thích+] Áo Thun Unisex Cotton 100% Siêu Bền Mã SP-0698,Thời Trang Nam/Nữ,Shop Yêu Thích+,Nước Ngoài (Trung Quốc),658000,50,1,0,13556,834,1388,776,4.72,684,4.16,73.0,92.1,3.4,5.57,2.94,Tiềm Năng Cao,Trung Bình
SP_00699,[Shop Yêu Thích] Tai Nghe Bluetooth True Wireless Chống Ồn Thông Minh Mã SP-0699,Điện Thoại & Phụ Kiện,Shop Yêu Thích,Hà Nội,707000,40,1,45000,3014,124,727,185,3.61,288,4.99,71.8,88.9,3.7,16.62,29.08,Rủi Ro / Kém,Cao
SP_00700,[Shop Thường] Sữa Rửa Mặt Dịu Nhẹ Cho Da Dầu Mụn Thế Hệ Mới Mã SP-0700,Mỹ Phẩm & Làm Đẹp,Shop Thường,Hà Nội,679000,15,0,15000,10341,891,1691,616,4.92,618,4.38,78.6,93.9,5.4,3.96,0.64,Trung Bình,Thấp
SP_00701,[Shopee Mall] Thảm Tập Yoga TPE 2 Lớp Chống Trượt Thông Minh Mã SP-0701,Thể Thao & Du Lịch,Shopee Mall,Cần Thơ,403000,20,0,30000,11908,766,2867,614,4.98,1218,4.58,85.3,99.0,3.4,7.47,3.6,Trung Bình,Trung Bình
SP_00702,[Shop Yêu Thích] Túi Trống Thể Thao Tập Gym Du Lịch Nhập Khẩu Mã SP-0702,Thể Thao & Du Lịch,Shop Yêu Thích,Đà Nẵng,505000,25,1,30000,1298,129,388,115,4.3,166,4.97,79.4,92.6,6.0,17.15,23.28,Rủi Ro / Kém,Cao
SP_00703,[Shop Thường] Đèn Bàn Học LED Chống Cận Thị Chống Nước Mã SP-0703,Nhà Cửa & Đời Sống,Shop Thường,Hà Nội,310000,20,0,15000,6655,253,1487,247,4.84,859,4.72,86.6,95.5,2.5,4.2,2.84,Trung Bình,Thấp
SP_00704,[Shop Yêu Thích+] Đèn Bàn Học LED Chống Cận Thị Hot Trend Mã SP-0704,Nhà Cửa & Đời Sống,Shop Yêu Thích+,Nước Ngoài (Trung Quốc),212000,40,1,22000,2665,147,698,233,4.23,234,4.09,81.3,86.8,4.3,9.7,9.8,Trung Bình,Cao
SP_00705,[Shop Yêu Thích+] Gối Cao Su Non Công Thái Học Giá Rẻ Mã SP-0705,Nhà Cửa & Đời Sống,Shop Yêu Thích+,Hà Nội,548000,60,1,30000,1482,112,678,62,3.58,293,4.04,73.7,87.1,5.3,18.42,9.11,Rủi Ro / Kém,Cao
SP_00706,[Shop Yêu Thích+] Bình Giữ Nhiệt Inox 304 800ml Siêu Bền Mã SP-0706,Nhà Cửa & Đời Sống,Shop Yêu Thích+,Đồng Nai,155000,5,0,30000,69518,6510,2418,1068,4.84,1426,4.05,77.2,89.2,2.6,5.33,3.88,Tiềm Năng Cao,Trung Bình
SP_00707,[Shopee Mall] Máy Hút Bụi Cầm Tay Không Dây Siêu Hút Thông Minh Mã SP-0707,Thiết Bị Điện Gia Dụng,Shopee Mall,TP. Hồ Chí Minh,2744000,15,1,30000,6336,912,706,483,4.42,445,4.04,77.4,86.8,3.5,7.51,24.46,Trung Bình,Cao
SP_00708,[Shopee Mall] Sữa Rửa Mặt Dịu Nhẹ Cho Da Dầu Mụn Chính Hãng Mã SP-0708,Mỹ Phẩm & Làm Đẹp,Shopee Mall,Đà Nẵng,303000,20,0,45000,25401,1274,5715,1996,4.17,2731,4.82,81.5,95.9,4.6,9.51,22.61,Trung Bình,Cao
SP_00709,[Shop Yêu Thích+] Son Kem Lì Mịn Môi Lâu Trôi Thế Hệ Mới Mã SP-0709,Mỹ Phẩm & Làm Đẹp,Shop Yêu Thích+,TP. Hồ Chí Minh,388000,0,0,45000,4908,229,352,109,4.16,209,4.27,93.6,90.6,2.5,8.56,18.94,Rủi Ro / Kém,Cao
SP_00710,[Shop Thường] Đèn Bàn Học LED Chống Cận Thị Thế Hệ Mới Mã SP-0710,Nhà Cửa & Đời Sống,Shop Thường,Đà Nẵng,49000,60,1,15000,17662,1990,916,132,3.6,459,4.57,97.3,95.7,1.9,7.7,14.17,Rủi Ro / Kém,Trung Bình
SP_00711,[Shop Yêu Thích] Gối Cao Su Non Công Thái Học Thông Minh Mã SP-0711,Nhà Cửa & Đời Sống,Shop Yêu Thích,Đà Nẵng,249000,60,1,45000,21920,2848,5575,980,4.72,3254,4.52,88.5,87.3,4.3,2.5,2.86,Tiềm Năng Cao,Cao
SP_00712,[Shop Yêu Thích] Hạt Dinh Dưỡng Hạnh Nhân Óc Chó Mix Đa Năng Mã SP-0712,Bách Hóa Online,Shop Yêu Thích,Bình Dương,471000,20,0,15000,14081,1234,1197,151,3.97,638,4.07,96.2,96.6,5.8,14.75,15.78,Trung Bình,Cao
SP_00713,[Shopee Mall] Tã Bỉm Dán Siêu Thấm Hút Ban Đêm Hot Trend Mã SP-0713,Mẹ & Bé,Shopee Mall,TP. Hồ Chí Minh,225000,60,1,0,10067,1270,770,205,3.65,349,3.88,86.0,87.6,2.4,15.41,16.79,Rủi Ro / Kém,Cao
SP_00714,[Shopee Mall] Bộ Cây Lau Nhà Tự Vắt 360 Độ Cao Cấp Mã SP-0714,Nhà Cửa & Đời Sống,Shopee Mall,Bình Dương,428000,10,1,30000,8461,1117,2109,540,3.7,1021,3.99,91.4,95.5,2.3,12.79,9.14,Rủi Ro / Kém,Cao
SP_00715,[Shop Thường] Chuột Không Dây Silent Siêu Nhạy Đa Năng Mã SP-0715,Máy Tính & Laptop,Shop Thường,Đồng Nai,4482000,40,1,30000,6935,939,1260,875,4.59,688,4.46,92.5,95.6,5.3,4.69,2.33,Trung Bình,Thấp
SP_00716,[Shop Yêu Thích] Hạt Dinh Dưỡng Hạnh Nhân Óc Chó Mix Cao Cấp Mã SP-0716,Bách Hóa Online,Shop Yêu Thích,Nước Ngoài (Trung Quốc),100000,60,1,22000,40288,5541,4762,695,3.67,1812,4.81,83.1,85.2,4.7,6.13,31.36,Rủi Ro / Kém,Cao
SP_00717,[Shop Yêu Thích] Giá Đỡ Laptop Nhôm Tản Nhiệt Gấp Gọn Thế Hệ Mới Mã SP-0717,Máy Tính & Laptop,Shop Yêu Thích,Hà Nội,1315000,0,0,30000,27134,3057,3146,824,4.1,1472,4.1,98.4,85.8,6.0,17.38,15.98,Trung Bình,Cao
SP_00718,[Shop Thường] Máy Xay Sinh Tố Mini Cầm Tay 6 Lưỡi Thế Hệ Mới Mã SP-0718,Thiết Bị Điện Gia Dụng,Shop Thường,Đồng Nai,789000,60,1,22000,50797,4166,12415,6698,4.27,5375,4.23,85.2,89.6,1.6,5.47,28.1,Trung Bình,Cao
SP_00719,[Shop Yêu Thích] Bình Giữ Nhiệt Inox 304 800ml Cao Cấp Mã SP-0719,Nhà Cửa & Đời Sống,Shop Yêu Thích,Cần Thơ,558000,25,1,30000,2490,162,451,93,4.42,162,4.2,84.6,91.5,5.3,4.52,29.04,Rủi Ro / Kém,Cao
SP_00720,[Shop Thường] Thảm Tập Yoga TPE 2 Lớp Chống Trượt Thông Minh Mã SP-0720,Thể Thao & Du Lịch,Shop Thường,TP. Hồ Chí Minh,363000,40,1,22000,20188,919,3496,1112,4.64,1477,3.97,75.8,99.1,4.3,3.84,4.22,Tiềm Năng Cao,Thấp
SP_00721,[Shop Yêu Thích+] Khăn Ướt Kháng Khuẩn Không Mùi Nhập Khẩu Mã SP-0721,Mẹ & Bé,Shop Yêu Thích+,Cần Thơ,240000,0,0,15000,42291,3499,2132,358,3.9,785,4.83,73.4,95.0,4.8,15.77,17.25,Trung Bình,Cao
SP_00722,[Shop Yêu Thích+] Máy Xay Sinh Tố Mini Cầm Tay 6 Lưỡi Đa Năng Mã SP-0722,Thiết Bị Điện Gia Dụng,Shop Yêu Thích+,Cần Thơ,2824000,50,1,15000,3499,338,1052,680,4.75,415,4.6,84.5,85.3,3.1,4.57,2.74,Trung Bình,Cao
SP_00723,[Shop Yêu Thích+] Bình Sữa Cổ Rộng Chống Sặc PPSU Nhập Khẩu Mã SP-0723,Mẹ & Bé,Shop Yêu Thích+,Hà Nội,288000,5,0,45000,1532,206,602,92,4.68,209,4.07,80.9,93.0,5.2,3.85,1.99,Rủi Ro / Kém,Thấp
SP_00724,[Shop Thường] Serum Phục Hồi Da B5 Dưỡng Ẩm Sâu Nhập Khẩu Mã SP-0724,Mỹ Phẩm & Làm Đẹp,Shop Thường,TP. Hồ Chí Minh,737000,5,0,0,20770,831,2810,609,4.72,1264,4.32,84.6,89.6,6.5,7.92,2.28,Tiềm Năng Cao,Trung Bình
SP_00725,[Shop Yêu Thích+] Xe Đẩy Gấp Gọn Siêu Nhẹ Du Lịch Hot Trend Mã SP-0725,Mẹ & Bé,Shop Yêu Thích+,Cần Thơ,274000,60,1,15000,13316,1293,2959,766,4.4,902,4.2,84.8,93.0,2.0,18.07,29.82,Tiềm Năng Cao,Cao
SP_00726,[Shop Thường] Chuột Không Dây Silent Siêu Nhạy Cao Cấp Mã SP-0726,Máy Tính & Laptop,Shop Thường,TP. Hồ Chí Minh,1604000,0,1,22000,28161,3125,5025,1205,4.88,2176,4.61,87.5,85.6,6.4,5.41,4.2,Tiềm Năng Cao,Cao
SP_00727,[Shopee Mall] Hub Chuyển Đổi Type-C 7 in 1 Giá Rẻ Mã SP-0727,Máy Tính & Laptop,Shopee Mall,Bình Dương,2339000,60,1,22000,2758,353,298,161,4.29,113,4.54,85.4,96.5,4.0,7.24,15.66,Rủi Ro / Kém,Cao
SP_00728,[Shop Thường] Máy Hút Bụi Cầm Tay Không Dây Siêu Hút Giá Rẻ Mã SP-0728,Thiết Bị Điện Gia Dụng,Shop Thường,Hà Nội,3088000,50,1,22000,24290,1752,5170,4029,4.56,2933,4.15,83.8,88.1,5.0,0.79,0.76,Tiềm Năng Cao,Thấp
SP_00729,[Shop Yêu Thích] Chuột Không Dây Silent Siêu Nhạy Giá Rẻ Mã SP-0729,Máy Tính & Laptop,Shop Yêu Thích,Cần Thơ,1373000,5,0,22000,3877,439,559,237,4.37,322,4.63,91.9,94.9,3.0,14.28,32.18,Trung Bình,Cao
SP_00730,[Shop Thường] Váy Nữ Dáng Xòe Vintage Thông Minh Mã SP-0730,Thời Trang Nam/Nữ,Shop Thường,Đà Nẵng,255000,25,1,0,3180,224,910,497,4.71,536,4.81,74.0,89.8,3.1,8.23,2.4,Trung Bình,Trung Bình
SP_00731,[Shop Yêu Thích+] Chuột Không Dây Silent Siêu Nhạy Thông Minh Mã SP-0731,Máy Tính & Laptop,Shop Yêu Thích+,Đồng Nai,3556000,5,0,22000,3191,163,1019,200,4.83,393,3.98,71.2,87.7,1.5,3.39,2.04,Trung Bình,Cao
SP_00732,[Shopee Mall] Ấm Siêu Tốc 2 Lớp Cách Nhiệt 1.8L Cao Cấp Mã SP-0732,Thiết Bị Điện Gia Dụng,Shopee Mall,Hà Nội,4105000,50,1,15000,25776,2722,5218,1686,4.0,2673,4.05,97.8,93.7,2.5,15.16,27.74,Trung Bình,Cao
SP_00733,[Shop Yêu Thích+] Nước Giặt Xả Hương Nước Hoa Đậm Đặc Siêu Bền Mã SP-0733,Bách Hóa Online,Shop Yêu Thích+,Bình Dương,576000,40,1,0,16913,1633,4140,920,3.53,2785,4.14,88.3,98.5,2.7,8.57,23.95,Rủi Ro / Kém,Cao
SP_00734,[Shop Yêu Thích] Hộp Cơm Cắm Điện Hâm Nóng Tự Động Cao Cấp Mã SP-0734,Nhà Cửa & Đời Sống,Shop Yêu Thích,Hà Nội,618000,20,0,0,11605,1668,1708,68,3.56,550,4.44,94.1,86.1,4.2,17.04,33.38,Rủi Ro / Kém,Cao
SP_00735,[Shopee Mall] Băng Quấn Cổ Chân Bảo Vệ Khớp Nhập Khẩu Mã SP-0735,Thể Thao & Du Lịch,Shopee Mall,Bình Dương,533000,60,1,15000,7166,869,2046,1647,4.33,887,4.44,76.0,93.1,4.9,5.16,25.46,Trung Bình,Cao
SP_00736,[Shop Yêu Thích+] Áo Thun Unisex Cotton 100% Thông Minh Mã SP-0736,Thời Trang Nam/Nữ,Shop Yêu Thích+,Nước Ngoài (Trung Quốc),232000,20,0,30000,31958,3668,3900,1661,4.14,1657,3.99,86.5,93.0,1.8,18.25,31.58,Trung Bình,Cao
SP_00737,[Shop Yêu Thích+] Quần Jean Baggy Form Rộng Chính Hãng Mã SP-0737,Thời Trang Nam/Nữ,Shop Yêu Thích+,Đồng Nai,242000,5,0,22000,7974,967,1127,302,4.65,620,3.95,80.7,96.6,2.0,1.91,4.13,Trung Bình,Thấp
SP_00738,[Shopee Mall] Bình Giữ Nhiệt Inox 304 800ml Nhập Khẩu Mã SP-0738,Nhà Cửa & Đời Sống,Shopee Mall,TP. Hồ Chí Minh,89000,10,1,15000,25941,1173,6831,2909,4.53,4386,4.43,83.0,96.7,5.5,6.71,2.31,Tiềm Năng Cao,Trung Bình
SP_00739,[Shopee Mall] Nước Tẩy Trang Micellar Water Dịu Nhẹ Giá Rẻ Mã SP-0739,Mỹ Phẩm & Làm Đẹp,Shopee Mall,Bình Dương,821000,15,0,30000,9174,567,1489,170,4.19,721,4.47,80.7,85.1,6.4,17.54,25.52,Trung Bình,Cao
SP_00740,[Shopee Mall] Váy Nữ Dáng Xòe Vintage Giá Rẻ Mã SP-0740,Thời Trang Nam/Nữ,Shopee Mall,Nước Ngoài (Trung Quốc),196000,5,0,45000,7596,619,1444,511,4.39,634,4.72,71.0,94.2,5.7,8.6,16.43,Trung Bình,Cao
SP_00741,[Shopee Mall] Bộ Đồ Chơi Xếp Hình Gỗ Trí Uẩn Cao Cấp Mã SP-0741,Mẹ & Bé,Shopee Mall,Đà Nẵng,81000,20,0,15000,9817,1471,1345,328,4.72,448,4.64,72.3,92.9,3.0,2.9,0.6,Trung Bình,Thấp
SP_00742,[Shop Yêu Thích] Máy Hút Bụi Cầm Tay Không Dây Siêu Hút Chính Hãng Mã SP-0742,Thiết Bị Điện Gia Dụng,Shop Yêu Thích,Nước Ngoài (Trung Quốc),4450000,60,1,45000,5879,190,698,207,4.04,375,4.82,72.4,93.6,1.7,8.52,28.54,Trung Bình,Cao
SP_00743,[Shop Yêu Thích+] Thảm Tập Yoga TPE 2 Lớp Chống Trượt Siêu Bền Mã SP-0743,Thể Thao & Du Lịch,Shop Yêu Thích+,Nước Ngoài (Trung Quốc),590000,20,1,30000,21151,2949,2935,499,3.56,1046,4.7,98.3,86.4,1.5,16.93,9.15,Rủi Ro / Kém,Cao
SP_00744,[Shopee Mall] Máy Xay Sinh Tố Mini Cầm Tay 6 Lưỡi Siêu Bền Mã SP-0744,Thiết Bị Điện Gia Dụng,Shopee Mall,Nước Ngoài (Trung Quốc),2315000,10,0,45000,10979,696,1256,150,3.87,817,4.87,70.5,94.3,2.6,14.27,12.57,Rủi Ro / Kém,Cao
SP_00745,[Shopee Mall] Bình Nước Thể Thao 2 Lít Có Vạch Chia Thế Hệ Mới Mã SP-0745,Thể Thao & Du Lịch,Shopee Mall,TP. Hồ Chí Minh,560000,20,0,15000,4463,338,944,62,3.86,487,4.39,82.1,90.1,4.5,17.21,15.77,Rủi Ro / Kém,Cao
SP_00746,[Shop Thường] Ốp Lưng Chống Sốc Trong Suốt Đa Năng Mã SP-0746,Điện Thoại & Phụ Kiện,Shop Thường,Cần Thơ,161000,5,0,15000,34975,3321,7623,1082,4.54,4337,4.7,71.2,87.0,6.5,6.46,3.79,Tiềm Năng Cao,Cao
SP_00747,[Shop Yêu Thích+] Tã Bỉm Dán Siêu Thấm Hút Ban Đêm Hot Trend Mã SP-0747,Mẹ & Bé,Shop Yêu Thích+,Đồng Nai,140000,60,1,0,7764,992,320,119,4.58,119,4.58,73.7,94.6,3.3,8.32,2.2,Trung Bình,Trung Bình
SP_00748,[Shop Yêu Thích] Gối Cao Su Non Công Thái Học Hot Trend Mã SP-0748,Nhà Cửa & Đời Sống,Shop Yêu Thích,Đồng Nai,236000,30,1,22000,12264,1754,1282,938,4.5,518,4.03,74.8,91.4,5.4,7.17,3.87,Tiềm Năng Cao,Trung Bình
SP_00749,[Shopee Mall] Đèn Bàn Học LED Chống Cận Thị Thế Hệ Mới Mã SP-0749,Nhà Cửa & Đời Sống,Shopee Mall,Đà Nẵng,319000,10,0,15000,36042,4402,5590,579,3.52,2359,4.31,76.0,88.3,5.8,16.17,34.01,Rủi Ro / Kém,Cao
SP_00750,[Shop Thường] Hub Chuyển Đổi Type-C 7 in 1 Hot Trend Mã SP-0750,Máy Tính & Laptop,Shop Thường,Cần Thơ,1243000,0,0,30000,15181,1392,2683,371,4.98,1583,4.26,90.7,92.7,2.9,5.77,4.1,Trung Bình,Trung Bình
SP_00751,[Shopee Mall] Bình Sữa Cổ Rộng Chống Sặc PPSU Chính Hãng Mã SP-0751,Mẹ & Bé,Shopee Mall,Cần Thơ,272000,20,0,15000,2364,218,809,342,4.5,546,4.71,99.3,94.3,1.5,8.17,1.97,Trung Bình,Trung Bình
SP_00752,[Shop Yêu Thích+] Dây Nhảy Thể Lực Lõi Thép Chống Rối Nhập Khẩu Mã SP-0752,Thể Thao & Du Lịch,Shop Yêu Thích+,Đồng Nai,26000,40,1,15000,42659,4850,5632,3927,4.6,3111,4.02,98.8,94.9,4.3,3.36,2.21,Tiềm Năng Cao,Thấp
SP_00753,[Shopee Mall] Serum Phục Hồi Da B5 Dưỡng Ẩm Sâu Chống Nước Mã SP-0753,Mỹ Phẩm & Làm Đẹp,Shopee Mall,Cần Thơ,937000,25,0,15000,15321,1164,2718,344,4.24,1434,4.44,82.3,87.0,1.7,10.77,22.44,Trung Bình,Cao
SP_00754,[Shop Thường] Củ Sạc Nhanh 65W GaN Type-C Siêu Bền Mã SP-0754,Điện Thoại & Phụ Kiện,Shop Thường,Hà Nội,1261000,15,0,15000,6617,142,1124,200,3.55,631,4.25,96.8,98.2,2.0,17.39,24.52,Rủi Ro / Kém,Cao
SP_00755,[Shop Yêu Thích] Bộ Cây Lau Nhà Tự Vắt 360 Độ Siêu Bền Mã SP-0755,Nhà Cửa & Đời Sống,Shop Yêu Thích,Hà Nội,70000,40,1,22000,2749,303,527,311,4.49,330,4.45,73.0,98.1,4.0,7.33,23.54,Trung Bình,Cao
SP_00756,[Shop Thường] Bộ Đồ Chơi Xếp Hình Gỗ Trí Uẩn Chống Nước Mã SP-0756,Mẹ & Bé,Shop Thường,TP. Hồ Chí Minh,594000,10,1,0,24200,2583,2182,663,4.36,1298,4.98,76.3,87.9,2.2,10.68,25.86,Trung Bình,Cao
SP_00757,[Shop Yêu Thích] Chuột Không Dây Silent Siêu Nhạy Chính Hãng Mã SP-0757,Máy Tính & Laptop,Shop Yêu Thích,Hà Nội,3153000,20,0,30000,15016,2059,2028,129,3.59,641,3.98,95.3,87.6,3.6,5.23,12.25,Rủi Ro / Kém,Cao
SP_00758,[Shop Thường] Hub Chuyển Đổi Type-C 7 in 1 Chính Hãng Mã SP-0758,Máy Tính & Laptop,Shop Thường,Đồng Nai,2028000,10,0,45000,11936,1062,3035,1258,4.83,2028,4.66,96.6,99.6,2.3,8.48,2.9,Tiềm Năng Cao,Trung Bình
SP_00759,[Shop Yêu Thích] Son Kem Lì Mịn Môi Lâu Trôi Thế Hệ Mới Mã SP-0759,Mỹ Phẩm & Làm Đẹp,Shop Yêu Thích,Hà Nội,684000,40,1,22000,34149,4794,7458,1328,4.41,3362,4.18,97.8,92.9,5.9,5.67,26.75,Tiềm Năng Cao,Cao
SP_00760,[Shop Thường] Nước Tẩy Trang Micellar Water Dịu Nhẹ Chính Hãng Mã SP-0760,Mỹ Phẩm & Làm Đẹp,Shop Thường,Đà Nẵng,463000,60,1,15000,23809,3186,5032,1477,3.77,2736,3.86,77.2,98.1,4.3,8.92,22.51,Rủi Ro / Kém,Cao
SP_00761,[Shop Yêu Thích] Hộp Cơm Cắm Điện Hâm Nóng Tự Động Siêu Bền Mã SP-0761,Nhà Cửa & Đời Sống,Shop Yêu Thích,Đà Nẵng,207000,0,0,15000,2967,328,232,73,4.69,81,3.97,86.4,95.7,5.2,3.07,1.24,Rủi Ro / Kém,Thấp
SP_00762,[Shopee Mall] Nồi Chiên Không Dầu Điện Tử 6.5L Cao Cấp Mã SP-0762,Thiết Bị Điện Gia Dụng,Shopee Mall,Nước Ngoài (Trung Quốc),373000,0,0,0,6103,710,1089,56,3.75,414,3.9,72.9,99.1,5.4,11.82,18.03,Rủi Ro / Kém,Cao
SP_00763,[Shop Yêu Thích+] Quần Jean Baggy Form Rộng Chống Nước Mã SP-0763,Thời Trang Nam/Nữ,Shop Yêu Thích+,Nước Ngoài (Trung Quốc),447000,5,0,45000,4785,257,659,100,4.63,378,4.57,78.6,93.0,4.1,6.64,1.18,Rủi Ro / Kém,Trung Bình
SP_00764,[Shopee Mall] Bộ Cây Lau Nhà Tự Vắt 360 Độ Nhập Khẩu Mã SP-0764,Nhà Cửa & Đời Sống,Shopee Mall,Bình Dương,346000,30,1,30000,20935,490,3398,2363,4.15,1538,3.85,72.7,94.4,5.1,7.99,12.05,Trung Bình,Trung Bình
SP_00765,[Shop Yêu Thích] Tai Nghe Bluetooth True Wireless Chống Ồn Thế Hệ Mới Mã SP-0765,Điện Thoại & Phụ Kiện,Shop Yêu Thích,Nước Ngoài (Trung Quốc),2357000,50,1,15000,1011,26,196,119,4.05,67,4.99,88.8,95.6,1.8,7.01,19.07,Rủi Ro / Kém,Cao
SP_00766,[Shop Yêu Thích+] Dây Nhảy Thể Lực Lõi Thép Chống Rối Nhập Khẩu Mã SP-0766,Thể Thao & Du Lịch,Shop Yêu Thích+,Nước Ngoài (Trung Quốc),42000,60,1,45000,13155,721,602,147,3.6,312,4.02,97.5,98.2,5.2,7.79,27.8,Rủi Ro / Kém,Cao
SP_00767,[Shop Thường] Lót Chuột Gaming Khổ Lớn 80x30cm Giá Rẻ Mã SP-0767,Máy Tính & Laptop,Shop Thường,Cần Thơ,2189000,50,1,15000,22061,1956,1120,392,4.65,404,4.25,90.3,90.9,5.1,4.67,3.4,Trung Bình,Thấp
SP_00768,[Shop Yêu Thích] Gối Cao Su Non Công Thái Học Đa Năng Mã SP-0768,Nhà Cửa & Đời Sống,Shop Yêu Thích,TP. Hồ Chí Minh,46000,15,0,15000,31905,2829,2626,1145,4.59,1057,4.24,71.2,91.8,3.5,8.06,3.34,Tiềm Năng Cao,Trung Bình
SP_00769,[Shopee Mall] Ấm Siêu Tốc 2 Lớp Cách Nhiệt 1.8L Đa Năng Mã SP-0769,Thiết Bị Điện Gia Dụng,Shopee Mall,Đồng Nai,1678000,30,1,15000,6780,614,590,544,4.05,187,4.67,81.3,86.3,3.6,8.06,15.85,Trung Bình,Cao
SP_00770,[Shop Yêu Thích] Túi Trống Thể Thao Tập Gym Du Lịch Cao Cấp Mã SP-0770,Thể Thao & Du Lịch,Shop Yêu Thích,TP. Hồ Chí Minh,136000,25,1,45000,26327,1469,5069,2730,4.75,1650,4.42,71.1,95.2,4.9,0.96,4.34,Tiềm Năng Cao,Thấp
SP_00771,[Shop Yêu Thích+] Serum Phục Hồi Da B5 Dưỡng Ẩm Sâu Hot Trend Mã SP-0771,Mỹ Phẩm & Làm Đẹp,Shop Yêu Thích+,Đồng Nai,257000,50,1,22000,2258,81,852,176,4.83,292,4.5,85.8,93.9,5.1,6.8,2.95,Rủi Ro / Kém,Trung Bình
SP_00772,[Shopee Mall] Serum Phục Hồi Da B5 Dưỡng Ẩm Sâu Nhập Khẩu Mã SP-0772,Mỹ Phẩm & Làm Đẹp,Shopee Mall,Bình Dương,705000,15,0,15000,28606,1411,6858,307,3.98,2273,4.29,92.5,86.2,5.3,11.2,33.97,Trung Bình,Cao
SP_00773,[Shop Thường] Ốp Lưng Chống Sốc Trong Suốt Siêu Bền Mã SP-0773,Điện Thoại & Phụ Kiện,Shop Thường,Cần Thơ,4446000,0,1,15000,2545,319,585,121,3.54,210,4.05,97.7,93.8,2.7,9.47,20.75,Rủi Ro / Kém,Cao
SP_00774,[Shopee Mall] Trà Xanh Thái Nguyên Thượng Hạng Đa Năng Mã SP-0774,Bách Hóa Online,Shopee Mall,TP. Hồ Chí Minh,450000,0,0,15000,8094,525,1869,390,4.41,618,4.27,85.8,86.8,5.4,8.16,22.56,Trung Bình,Cao
SP_00775,[Shop Thường] Son Kem Lì Mịn Môi Lâu Trôi Siêu Bền Mã SP-0775,Mỹ Phẩm & Làm Đẹp,Shop Thường,Cần Thơ,410000,0,0,30000,24440,989,2210,612,4.72,732,4.03,80.1,91.7,3.6,1.24,4.7,Tiềm Năng Cao,Thấp
SP_00776,[Shop Thường] Đèn Bàn Học LED Chống Cận Thị Siêu Bền Mã SP-0776,Nhà Cửa & Đời Sống,Shop Thường,TP. Hồ Chí Minh,68000,25,0,22000,2936,222,1102,128,4.9,641,4.09,73.9,86.7,5.4,0.64,0.69,Rủi Ro / Kém,Cao
SP_00777,[Shop Yêu Thích+] Giày Sneaker Thể Thao Trắng Hot Trend Mã SP-0777,Thời Trang Nam/Nữ,Shop Yêu Thích+,Bình Dương,458000,30,1,45000,4405,103,524,139,4.81,206,3.91,93.0,99.1,2.8,3.22,0.73,Trung Bình,Thấp
SP_00778,[Shop Thường] Túi Trống Thể Thao Tập Gym Du Lịch Thông Minh Mã SP-0778,Thể Thao & Du Lịch,Shop Thường,Bình Dương,610000,5,0,30000,19715,2707,3563,1393,4.34,1487,4.31,73.5,99.3,3.0,12.04,29.43,Trung Bình,Cao
SP_00779,[Shop Yêu Thích] Sữa Rửa Mặt Dịu Nhẹ Cho Da Dầu Mụn Đa Năng Mã SP-0779,Mỹ Phẩm & Làm Đẹp,Shop Yêu Thích,Đồng Nai,547000,50,1,45000,19596,987,2581,206,3.57,1161,3.96,70.5,95.2,5.6,11.36,34.82,Rủi Ro / Kém,Cao
SP_00780,[Shop Yêu Thích] Cáp Sạc Nhanh Tự Ngắt Bọc Dù Đa Năng Mã SP-0780,Điện Thoại & Phụ Kiện,Shop Yêu Thích,Nước Ngoài (Trung Quốc),279000,40,1,22000,15872,1877,3270,943,3.75,1802,4.5,96.1,97.0,4.8,16.04,25.33,Rủi Ro / Kém,Cao
SP_00781,[Shop Yêu Thích+] Cà Phê Rang Xay Nguyên Chất Đậm Vị Siêu Bền Mã SP-0781,Bách Hóa Online,Shop Yêu Thích+,TP. Hồ Chí Minh,173000,50,1,22000,18260,1715,1437,257,4.46,723,4.5,88.6,89.6,6.4,6.82,12.73,Trung Bình,Trung Bình
SP_00782,[Shop Yêu Thích+] Tai Nghe Bluetooth True Wireless Chống Ồn Hot Trend Mã SP-0782,Điện Thoại & Phụ Kiện,Shop Yêu Thích+,Cần Thơ,1307000,30,1,30000,12237,331,2063,1589,4.94,952,4.48,92.9,86.7,6.4,0.74,2.49,Tiềm Năng Cao,Cao
SP_00783,[Shop Yêu Thích] Sữa Rửa Mặt Dịu Nhẹ Cho Da Dầu Mụn Siêu Bền Mã SP-0783,Mỹ Phẩm & Làm Đẹp,Shop Yêu Thích,Bình Dương,591000,60,1,15000,4851,669,1309,806,4.49,867,4.19,95.1,96.2,6.4,16.01,32.23,Trung Bình,Cao
SP_00784,[Shop Thường] Tai Nghe Bluetooth True Wireless Chống Ồn Nhập Khẩu Mã SP-0784,Điện Thoại & Phụ Kiện,Shop Thường,Hà Nội,2946000,0,0,15000,6862,622,775,149,4.64,480,4.29,81.3,90.7,3.5,1.08,4.23,Trung Bình,Thấp
SP_00785,[Shopee Mall] Dây Nhảy Thể Lực Lõi Thép Chống Rối Thế Hệ Mới Mã SP-0785,Thể Thao & Du Lịch,Shopee Mall,Hà Nội,174000,15,0,22000,3506,412,407,151,4.97,192,4.49,87.6,87.2,5.4,7.3,1.72,Rủi Ro / Kém,Cao
SP_00786,[Shop Yêu Thích] Quần Jean Baggy Form Rộng Giá Rẻ Mã SP-0786,Thời Trang Nam/Nữ,Shop Yêu Thích,Nước Ngoài (Trung Quốc),60000,0,0,45000,36363,4911,1629,229,4.09,1132,4.32,76.1,90.7,1.9,6.8,24.52,Trung Bình,Cao
SP_00787,[Shop Thường] Áo Thun Unisex Cotton 100% Chính Hãng Mã SP-0787,Thời Trang Nam/Nữ,Shop Thường,Cần Thơ,599000,0,0,22000,13634,402,2658,687,4.44,1624,3.9,85.7,97.8,5.9,17.77,25.34,Trung Bình,Cao
SP_00788,[Shop Yêu Thích] Chuột Không Dây Silent Siêu Nhạy Chống Nước Mã SP-0788,Máy Tính & Laptop,Shop Yêu Thích,Hà Nội,2442000,20,1,30000,8183,579,842,307,4.4,393,4.33,90.1,97.8,4.5,9.0,23.0,Trung Bình,Cao
SP_00789,[Shopee Mall] Bánh Quy Bơ Phô Mai Giòn Rụm Thế Hệ Mới Mã SP-0789,Bách Hóa Online,Shopee Mall,Cần Thơ,189000,60,1,45000,9798,224,2667,1039,4.67,1013,3.88,77.0,88.0,6.2,8.13,1.91,Tiềm Năng Cao,Trung Bình
SP_00790,[Shop Thường] Bàn Phím Cơ LED RGB Blue/Red Switch Chống Nước Mã SP-0790,Máy Tính & Laptop,Shop Thường,Cần Thơ,1040000,40,1,45000,44642,2082,11596,2540,4.2,6280,4.91,73.4,85.0,5.3,7.45,21.86,Trung Bình,Cao
SP_00791,[Shop Thường] Máy Hút Bụi Cầm Tay Không Dây Siêu Hút Giá Rẻ Mã SP-0791,Thiết Bị Điện Gia Dụng,Shop Thường,Nước Ngoài (Trung Quốc),2975000,30,1,0,2997,407,616,158,4.17,426,4.03,79.7,97.8,2.2,9.74,21.78,Rủi Ro / Kém,Cao
SP_00792,[Shop Yêu Thích+] Ốp Lưng Chống Sốc Trong Suốt Đa Năng Mã SP-0792,Điện Thoại & Phụ Kiện,Shop Yêu Thích+,Hà Nội,583000,15,0,22000,13736,1228,3688,966,4.1,2278,4.8,75.1,94.9,2.4,4.2,12.36,Trung Bình,Trung Bình
SP_00793,[Shop Yêu Thích] Nước Giặt Xả Hương Nước Hoa Đậm Đặc Siêu Bền Mã SP-0793,Bách Hóa Online,Shop Yêu Thích,Hà Nội,129000,15,0,30000,11074,1278,1913,651,4.32,914,4.01,96.0,96.2,2.7,15.93,14.56,Trung Bình,Cao
SP_00794,[Shop Yêu Thích+] Bình Nước Thể Thao 2 Lít Có Vạch Chia Siêu Bền Mã SP-0794,Thể Thao & Du Lịch,Shop Yêu Thích+,Nước Ngoài (Trung Quốc),443000,0,0,45000,14680,337,3288,955,4.94,1828,4.7,97.8,91.0,2.1,4.33,0.77,Tiềm Năng Cao,Thấp
SP_00795,[Shop Yêu Thích] Hạt Dinh Dưỡng Hạnh Nhân Óc Chó Mix Thế Hệ Mới Mã SP-0795,Bách Hóa Online,Shop Yêu Thích,Đồng Nai,40000,25,0,30000,774,100,385,34,3.63,224,4.45,81.8,86.3,5.9,9.31,28.99,Rủi Ro / Kém,Cao
SP_00796,[Shop Thường] Cà Phê Rang Xay Nguyên Chất Đậm Vị Đa Năng Mã SP-0796,Bách Hóa Online,Shop Thường,TP. Hồ Chí Minh,608000,10,0,45000,31350,923,5053,1509,4.91,3479,4.58,98.6,96.2,4.3,4.77,3.57,Tiềm Năng Cao,Thấp
SP_00797,[Shop Yêu Thích+] Khăn Ướt Kháng Khuẩn Không Mùi Nhập Khẩu Mã SP-0797,Mẹ & Bé,Shop Yêu Thích+,Đà Nẵng,584000,0,0,15000,40849,2574,1849,252,3.56,729,4.87,83.0,97.5,5.1,14.39,14.77,Rủi Ro / Kém,Cao
SP_00798,[Shop Yêu Thích+] Giá Đỡ Laptop Nhôm Tản Nhiệt Gấp Gọn Nhập Khẩu Mã SP-0798,Máy Tính & Laptop,Shop Yêu Thích+,Bình Dương,4345000,50,1,0,12990,1022,2193,757,3.93,694,4.58,72.7,94.7,6.1,7.41,22.69,Trung Bình,Cao
SP_00799,[Shop Yêu Thích] Xe Đẩy Gấp Gọn Siêu Nhẹ Du Lịch Hot Trend Mã SP-0799,Mẹ & Bé,Shop Yêu Thích,Bình Dương,51000,60,1,30000,18393,2671,1139,648,4.67,624,4.13,86.3,92.3,5.8,5.1,2.46,Tiềm Năng Cao,Trung Bình
SP_00800,[Shop Yêu Thích] Bàn Phím Cơ LED RGB Blue/Red Switch Chống Nước Mã SP-0800,Máy Tính & Laptop,Shop Yêu Thích,Bình Dương,4196000,0,0,45000,38862,2790,3088,1165,4.29,1386,4.18,96.5,95.3,4.8,16.58,28.4,Trung Bình,Cao
SP_00801,[Shop Thường] Khăn Ướt Kháng Khuẩn Không Mùi Chống Nước Mã SP-0801,Mẹ & Bé,Shop Thường,Đà Nẵng,607000,0,1,0,18925,811,4121,1452,4.85,2781,4.0,87.8,90.8,2.5,3.32,4.17,Tiềm Năng Cao,Thấp
SP_00802,[Shop Yêu Thích+] Bàn Phím Cơ LED RGB Blue/Red Switch Thông Minh Mã SP-0802,Máy Tính & Laptop,Shop Yêu Thích+,Bình Dương,3356000,15,0,15000,2982,281,374,58,4.85,129,4.46,79.8,95.1,4.2,3.2,4.95,Rủi Ro / Kém,Thấp
SP_00803,[Shop Yêu Thích] Giá Đỡ Laptop Nhôm Tản Nhiệt Gấp Gọn Thế Hệ Mới Mã SP-0803,Máy Tính & Laptop,Shop Yêu Thích,Bình Dương,1557000,30,1,45000,13380,864,2551,878,4.54,1781,4.07,86.8,92.5,3.5,3.43,4.78,Tiềm Năng Cao,Thấp
SP_00804,[Shop Yêu Thích+] Băng Quấn Cổ Chân Bảo Vệ Khớp Thế Hệ Mới Mã SP-0804,Thể Thao & Du Lịch,Shop Yêu Thích+,Bình Dương,41000,60,1,22000,14498,831,1282,401,4.66,451,4.71,85.4,95.0,4.4,7.91,1.01,Trung Bình,Trung Bình
SP_00805,[Shop Yêu Thích] Hạt Dinh Dưỡng Hạnh Nhân Óc Chó Mix Cao Cấp Mã SP-0805,Bách Hóa Online,Shop Yêu Thích,TP. Hồ Chí Minh,559000,25,0,22000,8778,591,1080,92,3.63,524,4.75,79.8,89.8,2.0,14.57,17.88,Rủi Ro / Kém,Cao
SP_00806,[Shopee Mall] Xe Đẩy Gấp Gọn Siêu Nhẹ Du Lịch Siêu Bền Mã SP-0806,Mẹ & Bé,Shopee Mall,Bình Dương,268000,30,1,30000,20502,2968,2256,284,3.57,1405,4.82,93.1,89.2,1.9,15.26,12.79,Rủi Ro / Kém,Cao
SP_00807,[Shop Thường] Thảm Tập Yoga TPE 2 Lớp Chống Trượt Nhập Khẩu Mã SP-0807,Thể Thao & Du Lịch,Shop Thường,Nước Ngoài (Trung Quốc),599000,0,0,15000,41355,2767,3651,415,3.51,2351,4.71,74.9,90.2,2.2,8.8,29.85,Rủi Ro / Kém,Cao
SP_00808,[Shop Yêu Thích+] Xe Đẩy Gấp Gọn Siêu Nhẹ Du Lịch Cao Cấp Mã SP-0808,Mẹ & Bé,Shop Yêu Thích+,Bình Dương,622000,50,1,30000,39468,3058,3872,1110,4.17,1956,4.75,96.8,99.6,2.9,13.17,27.79,Trung Bình,Cao
SP_00809,[Shop Yêu Thích+] Ấm Siêu Tốc 2 Lớp Cách Nhiệt 1.8L Nhập Khẩu Mã SP-0809,Thiết Bị Điện Gia Dụng,Shop Yêu Thích+,TP. Hồ Chí Minh,1606000,50,1,15000,9490,336,821,327,4.42,296,4.17,96.5,97.6,1.7,15.62,18.06,Trung Bình,Cao
SP_00810,[Shop Yêu Thích] Kem Chống Nắng Kiềm Dầu SPF50+ Hot Trend Mã SP-0810,Mỹ Phẩm & Làm Đẹp,Shop Yêu Thích,Đồng Nai,717000,5,0,22000,2302,147,200,25,3.51,99,3.88,90.5,95.9,2.9,8.12,22.03,Rủi Ro / Kém,Cao
SP_00811,[Shop Thường] Xe Đẩy Gấp Gọn Siêu Nhẹ Du Lịch Nhập Khẩu Mã SP-0811,Mẹ & Bé,Shop Thường,TP. Hồ Chí Minh,172000,40,1,15000,63337,7761,12082,5634,4.85,3660,4.31,85.5,90.4,5.2,1.84,2.16,Tiềm Năng Cao,Thấp
SP_00812,[Shop Yêu Thích] Kính Cường Lực 9D Full Màn Hot Trend Mã SP-0812,Điện Thoại & Phụ Kiện,Shop Yêu Thích,Cần Thơ,1017000,10,1,0,27885,3742,5124,1464,4.41,2315,3.95,72.7,85.1,2.7,7.8,12.32,Tiềm Năng Cao,Cao
SP_00813,[Shopee Mall] Dây Nhảy Thể Lực Lõi Thép Chống Rối Chống Nước Mã SP-0813,Thể Thao & Du Lịch,Shopee Mall,TP. Hồ Chí Minh,570000,10,0,30000,2497,197,977,86,3.63,479,4.42,99.2,88.9,4.3,7.85,11.66,Rủi Ro / Kém,Trung Bình
SP_00814,[Shopee Mall] Váy Nữ Dáng Xòe Vintage Thông Minh Mã SP-0814,Thời Trang Nam/Nữ,Shopee Mall,Cần Thơ,582000,40,1,30000,38544,4426,4775,3754,4.33,3271,4.88,75.3,94.6,3.8,7.12,19.96,Trung Bình,Cao
SP_00815,[Shop Yêu Thích] Nước Tẩy Trang Micellar Water Dịu Nhẹ Nhập Khẩu Mã SP-0815,Mỹ Phẩm & Làm Đẹp,Shop Yêu Thích,TP. Hồ Chí Minh,916000,0,0,15000,31091,4298,2617,1069,4.93,1790,3.99,94.0,95.8,4.8,5.18,3.38,Tiềm Năng Cao,Trung Bình
SP_00816,[Shop Yêu Thích] Túi Trống Thể Thao Tập Gym Du Lịch Thông Minh Mã SP-0816,Thể Thao & Du Lịch,Shop Yêu Thích,Nước Ngoài (Trung Quốc),195000,25,0,15000,11473,1035,1643,341,4.78,772,4.75,89.3,92.2,5.2,7.56,1.48,Trung Bình,Trung Bình
SP_00817,[Shopee Mall] Bộ Đồ Chơi Xếp Hình Gỗ Trí Uẩn Hot Trend Mã SP-0817,Mẹ & Bé,Shopee Mall,Hà Nội,609000,25,0,22000,13920,1179,2677,436,4.93,1286,4.49,95.8,97.2,3.7,1.99,1.28,Trung Bình,Thấp
SP_00818,[Shop Yêu Thích] Chuột Không Dây Silent Siêu Nhạy Chống Nước Mã SP-0818,Máy Tính & Laptop,Shop Yêu Thích,Nước Ngoài (Trung Quốc),3988000,50,1,30000,8137,911,1787,390,3.82,1195,4.66,74.5,88.6,5.6,14.91,10.66,Rủi Ro / Kém,Cao
SP_00819,[Shop Yêu Thích] Máy Xay Sinh Tố Mini Cầm Tay 6 Lưỡi Cao Cấp Mã SP-0819,Thiết Bị Điện Gia Dụng,Shop Yêu Thích,Đà Nẵng,1569000,0,0,22000,1344,168,491,138,4.23,251,4.71,80.5,93.4,2.6,14.73,27.03,Rủi Ro / Kém,Cao
SP_00820,[Shop Yêu Thích] Băng Quấn Cổ Chân Bảo Vệ Khớp Thông Minh Mã SP-0820,Thể Thao & Du Lịch,Shop Yêu Thích,Hà Nội,572000,30,1,0,6623,812,1414,373,4.88,600,4.76,89.4,98.7,5.6,7.34,3.08,Trung Bình,Trung Bình
SP_00821,[Shop Yêu Thích] Cà Phê Rang Xay Nguyên Chất Đậm Vị Chống Nước Mã SP-0821,Bách Hóa Online,Shop Yêu Thích,Hà Nội,240000,60,1,0,24857,2362,5389,1828,3.72,3053,3.83,76.0,86.4,2.9,16.58,21.81,Rủi Ro / Kém,Cao
SP_00822,[Shop Thường] Kem Chống Nắng Kiềm Dầu SPF50+ Nhập Khẩu Mã SP-0822,Mỹ Phẩm & Làm Đẹp,Shop Thường,Cần Thơ,540000,5,1,45000,569,19,400,87,4.41,158,4.4,90.6,86.7,5.0,10.67,20.6,Rủi Ro / Kém,Cao
SP_00823,[Shopee Mall] Chuột Không Dây Silent Siêu Nhạy Chính Hãng Mã SP-0823,Máy Tính & Laptop,Shopee Mall,Cần Thơ,1099000,5,0,0,6585,235,1481,87,3.77,652,3.96,85.9,96.0,3.7,7.61,32.99,Rủi Ro / Kém,Cao
SP_00824,[Shop Yêu Thích] Kem Chống Nắng Kiềm Dầu SPF50+ Đa Năng Mã SP-0824,Mỹ Phẩm & Làm Đẹp,Shop Yêu Thích,Cần Thơ,500000,30,1,22000,8116,351,1755,538,3.52,604,4.05,78.5,96.3,2.0,8.12,29.33,Rủi Ro / Kém,Cao
SP_00825,[Shop Yêu Thích+] Khăn Ướt Kháng Khuẩn Không Mùi Thông Minh Mã SP-0825,Mẹ & Bé,Shop Yêu Thích+,Cần Thơ,33000,60,1,22000,12063,690,1143,261,3.73,735,4.98,80.5,99.7,3.4,15.47,29.88,Rủi Ro / Kém,Cao
SP_00826,[Shop Yêu Thích+] Quần Jean Baggy Form Rộng Nhập Khẩu Mã SP-0826,Thời Trang Nam/Nữ,Shop Yêu Thích+,Hà Nội,190000,60,1,30000,38358,1908,5061,1671,4.66,2250,4.79,81.0,89.8,3.0,7.89,1.45,Tiềm Năng Cao,Trung Bình
SP_00827,[Shopee Mall] Bình Giữ Nhiệt Inox 304 800ml Thông Minh Mã SP-0827,Nhà Cửa & Đời Sống,Shopee Mall,Bình Dương,169000,40,1,0,6877,282,818,233,4.04,453,4.31,91.6,91.6,1.9,10.18,23.95,Trung Bình,Cao
SP_00828,[Shop Yêu Thích+] Serum Phục Hồi Da B5 Dưỡng Ẩm Sâu Thông Minh Mã SP-0828,Mỹ Phẩm & Làm Đẹp,Shop Yêu Thích+,Bình Dương,602000,5,0,22000,6891,924,1177,83,3.74,692,4.94,77.5,89.2,2.1,12.93,32.52,Rủi Ro / Kém,Cao
SP_00829,[Shop Yêu Thích+] Nước Giặt Xả Hương Nước Hoa Đậm Đặc Giá Rẻ Mã SP-0829,Bách Hóa Online,Shop Yêu Thích+,Hà Nội,458000,20,0,22000,20562,3079,2526,998,4.52,1718,4.33,95.2,88.7,2.2,6.98,2.58,Tiềm Năng Cao,Trung Bình
SP_00830,[Shopee Mall] Củ Sạc Nhanh 65W GaN Type-C Siêu Bền Mã SP-0830,Điện Thoại & Phụ Kiện,Shopee Mall,Hà Nội,1120000,50,1,0,9528,1319,2240,275,3.54,924,3.85,84.7,99.0,3.6,4.62,8.35,Rủi Ro / Kém,Trung Bình
SP_00831,[Shop Yêu Thích] Máy Xay Sinh Tố Mini Cầm Tay 6 Lưỡi Chính Hãng Mã SP-0831,Thiết Bị Điện Gia Dụng,Shop Yêu Thích,Đà Nẵng,399000,5,0,0,4315,110,695,32,3.79,411,4.36,99.1,89.9,5.6,8.17,34.19,Rủi Ro / Kém,Cao
SP_00832,[Shop Thường] Trà Xanh Thái Nguyên Thượng Hạng Hot Trend Mã SP-0832,Bách Hóa Online,Shop Thường,TP. Hồ Chí Minh,204000,5,0,0,9534,623,2444,548,4.15,1154,3.82,77.6,91.4,1.6,5.75,8.15,Trung Bình,Trung Bình
SP_00833,[Shop Yêu Thích] Nước Tẩy Trang Micellar Water Dịu Nhẹ Thế Hệ Mới Mã SP-0833,Mỹ Phẩm & Làm Đẹp,Shop Yêu Thích,Bình Dương,901000,40,1,22000,2777,213,364,194,4.83,235,4.81,84.3,95.4,1.7,8.34,2.31,Trung Bình,Trung Bình
SP_00834,[Shopee Mall] Cáp Sạc Nhanh Tự Ngắt Bọc Dù Chống Nước Mã SP-0834,Điện Thoại & Phụ Kiện,Shopee Mall,Cần Thơ,705000,5,1,45000,3410,473,523,314,4.2,275,4.38,72.0,98.9,5.1,14.98,31.16,Trung Bình,Cao
SP_00835,[Shop Yêu Thích+] Bộ Cây Lau Nhà Tự Vắt 360 Độ Cao Cấp Mã SP-0835,Nhà Cửa & Đời Sống,Shop Yêu Thích+,TP. Hồ Chí Minh,280000,5,0,15000,10848,924,2415,788,4.42,1307,3.85,97.4,92.4,5.4,11.67,21.31,Trung Bình,Cao
SP_00836,[Shop Thường] Tai Nghe Bluetooth True Wireless Chống Ồn Giá Rẻ Mã SP-0836,Điện Thoại & Phụ Kiện,Shop Thường,Đà Nẵng,1135000,30,1,30000,8643,287,2484,499,4.62,1035,4.52,84.4,85.7,2.8,2.37,1.28,Trung Bình,Cao
SP_00837,[Shop Yêu Thích+] Tã Bỉm Dán Siêu Thấm Hút Ban Đêm Hot Trend Mã SP-0837,Mẹ & Bé,Shop Yêu Thích+,Đồng Nai,621000,60,1,0,37449,820,7461,3006,4.17,4774,4.99,74.2,99.1,2.6,4.74,20.44,Trung Bình,Cao
SP_00838,[Shop Thường] Chuột Không Dây Silent Siêu Nhạy Chính Hãng Mã SP-0838,Máy Tính & Laptop,Shop Thường,Đồng Nai,599000,10,0,0,7250,389,2043,873,4.49,1389,4.56,77.1,96.8,4.9,14.89,23.43,Trung Bình,Cao
SP_00839,[Shop Yêu Thích] Túi Trống Thể Thao Tập Gym Du Lịch Giá Rẻ Mã SP-0839,Thể Thao & Du Lịch,Shop Yêu Thích,Đồng Nai,139000,5,0,0,13533,1371,3762,1247,4.31,1179,4.68,72.1,97.1,4.2,9.79,15.02,Trung Bình,Cao
SP_00840,[Shop Thường] Bàn Phím Cơ LED RGB Blue/Red Switch Chính Hãng Mã SP-0840,Máy Tính & Laptop,Shop Thường,Hà Nội,3066000,50,1,45000,15505,2291,3983,528,3.85,1474,4.68,77.8,97.0,1.7,10.88,20.78,Rủi Ro / Kém,Cao
SP_00841,[Shopee Mall] Bàn Phím Cơ LED RGB Blue/Red Switch Thế Hệ Mới Mã SP-0841,Máy Tính & Laptop,Shopee Mall,Nước Ngoài (Trung Quốc),2603000,60,1,30000,697,21,511,284,4.47,213,3.91,90.1,87.4,4.3,11.32,20.51,Trung Bình,Cao
SP_00842,[Shopee Mall] Khăn Ướt Kháng Khuẩn Không Mùi Giá Rẻ Mã SP-0842,Mẹ & Bé,Shopee Mall,Nước Ngoài (Trung Quốc),298000,0,0,15000,16839,2067,3658,203,3.89,1727,4.66,86.6,92.3,2.7,11.07,26.2,Rủi Ro / Kém,Cao
SP_00843,[Shop Yêu Thích+] Túi Trống Thể Thao Tập Gym Du Lịch Hot Trend Mã SP-0843,Thể Thao & Du Lịch,Shop Yêu Thích+,Cần Thơ,411000,25,1,30000,3440,363,691,186,4.79,379,4.5,89.2,91.2,5.7,3.51,2.96,Trung Bình,Thấp
SP_00844,[Shopee Mall] Bộ Cây Lau Nhà Tự Vắt 360 Độ Thế Hệ Mới Mã SP-0844,Nhà Cửa & Đời Sống,Shopee Mall,Hà Nội,297000,40,1,45000,49189,1058,7606,1032,3.6,5126,4.17,77.3,93.6,4.7,7.99,22.76,Rủi Ro / Kém,Cao
SP_00845,[Shop Yêu Thích+] Túi Trống Thể Thao Tập Gym Du Lịch Hot Trend Mã SP-0845,Thể Thao & Du Lịch,Shop Yêu Thích+,Hà Nội,572000,30,1,45000,2914,73,508,69,3.84,358,4.64,88.1,92.8,1.8,4.32,30.49,Rủi Ro / Kém,Cao
SP_00846,[Shopee Mall] Bình Giữ Nhiệt Inox 304 800ml Hot Trend Mã SP-0846,Nhà Cửa & Đời Sống,Shopee Mall,Đà Nẵng,625000,15,0,45000,8532,1080,857,47,3.74,335,4.57,96.8,95.7,3.2,18.22,9.18,Rủi Ro / Kém,Cao
SP_00847,[Shopee Mall] Quạt Cây Đứng Điều Khiển Từ Xa Siêu Bền Mã SP-0847,Thiết Bị Điện Gia Dụng,Shopee Mall,Hà Nội,3431000,25,0,0,1838,265,621,93,4.04,222,4.89,79.5,86.4,1.7,6.8,15.81,Rủi Ro / Kém,Cao
SP_00848,[Shop Thường] Xe Đẩy Gấp Gọn Siêu Nhẹ Du Lịch Chính Hãng Mã SP-0848,Mẹ & Bé,Shop Thường,Hà Nội,520000,5,0,15000,87021,8225,13106,3818,4.39,8950,4.64,96.0,95.8,3.8,11.99,10.62,Trung Bình,Cao
SP_00849,[Shopee Mall] Trà Xanh Thái Nguyên Thượng Hạng Thế Hệ Mới Mã SP-0849,Bách Hóa Online,Shopee Mall,Đồng Nai,256000,25,0,30000,10963,997,2100,663,4.92,1403,4.55,87.5,95.3,5.0,4.9,1.9,Trung Bình,Thấp
SP_00850,[Shopee Mall] Khăn Ướt Kháng Khuẩn Không Mùi Đa Năng Mã SP-0850,Mẹ & Bé,Shopee Mall,Cần Thơ,360000,25,0,22000,14072,508,1155,156,3.57,378,4.76,84.3,95.2,3.3,14.11,18.3,Rủi Ro / Kém,Cao
SP_00851,[Shopee Mall] Váy Nữ Dáng Xòe Vintage Chính Hãng Mã SP-0851,Thời Trang Nam/Nữ,Shopee Mall,Đà Nẵng,544000,5,0,0,1541,181,446,76,4.39,194,4.07,91.3,91.1,2.1,11.46,15.02,Rủi Ro / Kém,Cao
SP_00852,[Shopee Mall] Áo Khoác Bomber Chống Gió Giá Rẻ Mã SP-0852,Thời Trang Nam/Nữ,Shopee Mall,Đồng Nai,109000,0,0,45000,21292,1893,3458,160,3.7,2315,4.16,90.5,99.8,2.9,17.09,31.26,Rủi Ro / Kém,Cao
SP_00853,[Shop Thường] Xe Đẩy Gấp Gọn Siêu Nhẹ Du Lịch Giá Rẻ Mã SP-0853,Mẹ & Bé,Shop Thường,Đà Nẵng,76000,25,0,22000,4034,569,852,193,4.73,518,3.99,96.8,90.0,4.4,6.76,1.89,Trung Bình,Trung Bình
SP_00854,[Shopee Mall] Serum Phục Hồi Da B5 Dưỡng Ẩm Sâu Siêu Bền Mã SP-0854,Mỹ Phẩm & Làm Đẹp,Shopee Mall,Hà Nội,494000,10,1,22000,34749,2417,2376,653,4.11,1383,4.11,81.9,85.8,3.2,12.82,14.18,Trung Bình,Cao
SP_00855,[Shop Yêu Thích] Áo Khoác Bomber Chống Gió Thông Minh Mã SP-0855,Thời Trang Nam/Nữ,Shop Yêu Thích,Hà Nội,180000,10,1,15000,3943,298,1247,649,4.7,446,4.96,72.0,89.7,1.6,1.13,1.76,Trung Bình,Thấp
SP_00856,[Shop Yêu Thích+] Cáp Sạc Nhanh Tự Ngắt Bọc Dù Siêu Bền Mã SP-0856,Điện Thoại & Phụ Kiện,Shop Yêu Thích+,Đà Nẵng,4385000,30,1,0,3673,329,508,235,4.86,301,3.81,73.8,99.7,5.9,1.88,3.18,Trung Bình,Thấp
SP_00857,[Shop Thường] Cà Phê Rang Xay Nguyên Chất Đậm Vị Đa Năng Mã SP-0857,Bách Hóa Online,Shop Thường,Đồng Nai,163000,30,1,22000,1058,79,132,74,4.46,72,4.82,92.8,88.4,3.9,7.31,17.33,Rủi Ro / Kém,Cao
SP_00858,[Shop Thường] Khăn Ướt Kháng Khuẩn Không Mùi Cao Cấp Mã SP-0858,Mẹ & Bé,Shop Thường,Đà Nẵng,592000,25,0,15000,10081,875,1062,142,3.9,618,4.24,79.7,88.4,2.8,15.56,34.46,Trung Bình,Cao
SP_00859,[Shop Yêu Thích+] Áo Thun Unisex Cotton 100% Thế Hệ Mới Mã SP-0859,Thời Trang Nam/Nữ,Shop Yêu Thích+,Cần Thơ,371000,25,0,30000,12980,591,2969,176,3.72,1125,4.21,99.5,98.8,2.9,11.79,28.66,Rủi Ro / Kém,Cao
SP_00860,[Shop Thường] Nước Giặt Xả Hương Nước Hoa Đậm Đặc Chính Hãng Mã SP-0860,Bách Hóa Online,Shop Thường,Hà Nội,473000,30,1,15000,1519,157,553,51,3.94,355,4.09,90.6,93.0,5.6,17.02,17.55,Rủi Ro / Kém,Cao
SP_00861,[Shop Thường] Thảm Tập Yoga TPE 2 Lớp Chống Trượt Chính Hãng Mã SP-0861,Thể Thao & Du Lịch,Shop Thường,Hà Nội,277000,0,0,15000,22910,2819,2222,646,4.41,1409,3.84,96.8,88.9,3.2,7.33,16.25,Tiềm Năng Cao,Cao
SP_00862,[Shop Thường] Kính Cường Lực 9D Full Màn Chính Hãng Mã SP-0862,Điện Thoại & Phụ Kiện,Shop Thường,Đà Nẵng,3758000,40,1,45000,9557,1237,1110,334,4.86,635,4.14,77.9,90.3,1.8,4.75,4.19,Trung Bình,Thấp
SP_00863,[Shop Yêu Thích] Ốp Lưng Chống Sốc Trong Suốt Nhập Khẩu Mã SP-0863,Điện Thoại & Phụ Kiện,Shop Yêu Thích,Bình Dương,3839000,50,1,0,11647,1377,2752,1095,4.53,966,3.82,98.8,92.9,4.1,2.54,2.92,Tiềm Năng Cao,Thấp
SP_00864,[Shop Yêu Thích] Khăn Ướt Kháng Khuẩn Không Mùi Siêu Bền Mã SP-0864,Mẹ & Bé,Shop Yêu Thích,Cần Thơ,638000,0,0,22000,9217,1187,927,238,4.55,334,4.38,71.1,90.6,1.9,6.33,3.19,Trung Bình,Trung Bình
SP_00865,[Shop Yêu Thích+] Bộ Đồ Chơi Xếp Hình Gỗ Trí Uẩn Thông Minh Mã SP-0865,Mẹ & Bé,Shop Yêu Thích+,Đồng Nai,160000,15,0,15000,8181,414,1329,81,3.74,463,4.51,86.5,94.6,1.7,17.34,12.24,Rủi Ro / Kém,Cao
SP_00866,[Shopee Mall] Serum Phục Hồi Da B5 Dưỡng Ẩm Sâu Siêu Bền Mã SP-0866,Mỹ Phẩm & Làm Đẹp,Shopee Mall,Hà Nội,787000,60,1,45000,12802,457,2699,258,3.75,816,4.91,85.7,85.9,3.8,9.5,9.22,Rủi Ro / Kém,Cao
SP_00867,[Shop Thường] Túi Trống Thể Thao Tập Gym Du Lịch Siêu Bền Mã SP-0867,Thể Thao & Du Lịch,Shop Thường,Hà Nội,420000,5,1,0,3030,211,193,48,3.78,105,4.78,89.5,98.7,4.7,5.23,21.78,Rủi Ro / Kém,Cao
SP_00868,[Shop Yêu Thích] Trà Xanh Thái Nguyên Thượng Hạng Thế Hệ Mới Mã SP-0868,Bách Hóa Online,Shop Yêu Thích,Đà Nẵng,224000,25,0,45000,3512,114,493,182,4.51,156,4.18,82.1,97.4,2.4,3.46,4.17,Trung Bình,Thấp
SP_00869,[Shop Yêu Thích+] Xe Đẩy Gấp Gọn Siêu Nhẹ Du Lịch Chính Hãng Mã SP-0869,Mẹ & Bé,Shop Yêu Thích+,Hà Nội,45000,0,0,30000,30184,654,5682,522,3.64,3681,4.31,91.1,95.5,6.0,17.67,34.64,Rủi Ro / Kém,Cao
SP_00870,[Shopee Mall] Nước Giặt Xả Hương Nước Hoa Đậm Đặc Chống Nước Mã SP-0870,Bách Hóa Online,Shopee Mall,Đồng Nai,433000,60,1,45000,44313,1127,7524,5531,4.43,3556,4.12,78.8,93.1,2.2,11.75,23.32,Tiềm Năng Cao,Cao
SP_00871,[Shop Thường] Tã Bỉm Dán Siêu Thấm Hút Ban Đêm Thế Hệ Mới Mã SP-0871,Mẹ & Bé,Shop Thường,TP. Hồ Chí Minh,40000,50,1,15000,7509,657,1344,781,4.34,763,4.45,88.4,92.2,3.3,9.38,23.97,Trung Bình,Cao
SP_00872,[Shop Thường] Máy Xay Sinh Tố Mini Cầm Tay 6 Lưỡi Chính Hãng Mã SP-0872,Thiết Bị Điện Gia Dụng,Shop Thường,Đà Nẵng,3238000,0,0,15000,5235,195,1572,700,4.91,762,3.95,85.7,99.3,4.3,7.48,2.21,Trung Bình,Trung Bình
SP_00873,[Shop Yêu Thích+] Kính Cường Lực 9D Full Màn Cao Cấp Mã SP-0873,Điện Thoại & Phụ Kiện,Shop Yêu Thích+,Đồng Nai,1290000,5,0,22000,15992,2310,2343,188,3.97,792,4.2,84.6,96.1,3.4,6.68,10.01,Trung Bình,Trung Bình
SP_00874,[Shopee Mall] Bình Nước Thể Thao 2 Lít Có Vạch Chia Đa Năng Mã SP-0874,Thể Thao & Du Lịch,Shopee Mall,Đà Nẵng,648000,60,1,30000,8382,360,1003,470,4.15,335,4.93,91.2,85.8,6.5,16.82,27.47,Trung Bình,Cao
SP_00875,[Shop Yêu Thích+] Đèn Bàn Học LED Chống Cận Thị Chính Hãng Mã SP-0875,Nhà Cửa & Đời Sống,Shop Yêu Thích+,Cần Thơ,325000,25,0,0,885,32,273,39,4.67,181,4.18,70.0,92.4,4.4,8.0,0.72,Rủi Ro / Kém,Trung Bình
SP_00876,[Shop Thường] Tã Bỉm Dán Siêu Thấm Hút Ban Đêm Chống Nước Mã SP-0876,Mẹ & Bé,Shop Thường,Đồng Nai,306000,0,0,15000,3046,403,1023,64,3.92,541,4.79,91.6,89.9,5.4,4.07,10.4,Rủi Ro / Kém,Trung Bình
SP_00877,[Shop Yêu Thích+] Bình Nước Thể Thao 2 Lít Có Vạch Chia Thông Minh Mã SP-0877,Thể Thao & Du Lịch,Shop Yêu Thích+,Đồng Nai,488000,15,1,30000,19380,1753,4956,1979,4.91,1608,3.89,86.9,90.2,5.0,8.09,0.91,Tiềm Năng Cao,Trung Bình
SP_00878,[Shop Yêu Thích] Nồi Chiên Không Dầu Điện Tử 6.5L Nhập Khẩu Mã SP-0878,Thiết Bị Điện Gia Dụng,Shop Yêu Thích,Hà Nội,3949000,5,0,0,16634,1949,853,153,4.14,539,4.18,71.6,96.8,4.3,6.89,8.89,Trung Bình,Trung Bình
SP_00879,[Shopee Mall] Khăn Ướt Kháng Khuẩn Không Mùi Chống Nước Mã SP-0879,Mẹ & Bé,Shopee Mall,Đồng Nai,29000,40,1,22000,912,95,506,341,4.74,223,4.89,94.3,89.3,2.2,5.04,2.61,Trung Bình,Trung Bình
SP_00880,[Shop Thường] Túi Trống Thể Thao Tập Gym Du Lịch Hot Trend Mã SP-0880,Thể Thao & Du Lịch,Shop Thường,Nước Ngoài (Trung Quốc),377000,10,0,22000,4264,314,1144,431,4.65,583,4.95,84.2,87.1,5.5,6.99,0.87,Trung Bình,Cao
SP_00881,[Shop Yêu Thích+] Củ Sạc Nhanh 65W GaN Type-C Đa Năng Mã SP-0881,Điện Thoại & Phụ Kiện,Shop Yêu Thích+,TP. Hồ Chí Minh,521000,10,0,45000,4441,484,666,135,4.1,463,4.6,91.9,96.6,3.7,11.6,31.8,Rủi Ro / Kém,Cao
SP_00882,[Shopee Mall] Máy Hút Bụi Cầm Tay Không Dây Siêu Hút Thế Hệ Mới Mã SP-0882,Thiết Bị Điện Gia Dụng,Shopee Mall,TP. Hồ Chí Minh,3472000,20,0,30000,17216,777,2968,1331,4.14,1953,3.85,85.1,98.8,4.2,18.03,16.58,Trung Bình,Cao
SP_00883,[Shop Yêu Thích] Bộ Đồ Chơi Xếp Hình Gỗ Trí Uẩn Thế Hệ Mới Mã SP-0883,Mẹ & Bé,Shop Yêu Thích,Hà Nội,578000,0,0,0,798,44,226,58,4.17,103,4.33,98.8,86.2,2.3,12.19,27.69,Rủi Ro / Kém,Cao
SP_00884,[Shop Yêu Thích+] Giày Sneaker Thể Thao Trắng Chống Nước Mã SP-0884,Thời Trang Nam/Nữ,Shop Yêu Thích+,TP. Hồ Chí Minh,168000,0,0,22000,2149,210,545,235,4.5,385,4.68,85.2,91.8,3.4,5.31,3.59,Trung Bình,Trung Bình
SP_00885,[Shop Thường] Ấm Siêu Tốc 2 Lớp Cách Nhiệt 1.8L Giá Rẻ Mã SP-0885,Thiết Bị Điện Gia Dụng,Shop Thường,Đà Nẵng,592000,10,1,0,24635,3437,2926,2405,4.43,980,4.29,70.0,87.6,1.9,5.96,19.82,Tiềm Năng Cao,Cao
SP_00886,[Shop Yêu Thích] Nồi Chiên Không Dầu Điện Tử 6.5L Cao Cấp Mã SP-0886,Thiết Bị Điện Gia Dụng,Shop Yêu Thích,Nước Ngoài (Trung Quốc),3571000,0,1,0,3450,486,978,808,4.79,566,4.2,89.0,88.8,4.6,0.76,1.77,Trung Bình,Thấp
SP_00887,[Shop Yêu Thích] Cà Phê Rang Xay Nguyên Chất Đậm Vị Giá Rẻ Mã SP-0887,Bách Hóa Online,Shop Yêu Thích,TP. Hồ Chí Minh,157000,40,1,45000,16365,1834,2811,1939,4.9,1597,4.46,71.4,97.3,6.4,2.8,3.55,Tiềm Năng Cao,Thấp
SP_00888,[Shopee Mall] Bình Giữ Nhiệt Inox 304 800ml Hot Trend Mã SP-0888,Nhà Cửa & Đời Sống,Shopee Mall,Đồng Nai,28000,20,0,0,4580,393,1240,247,4.14,412,4.85,88.4,89.4,2.0,7.21,25.66,Trung Bình,Cao
SP_00889,[Shop Yêu Thích+] Lót Chuột Gaming Khổ Lớn 80x30cm Chống Nước Mã SP-0889,Máy Tính & Laptop,Shop Yêu Thích+,Hà Nội,2145000,25,0,22000,2071,60,348,104,4.04,189,3.98,81.9,94.5,3.6,17.25,30.25,Rủi Ro / Kém,Cao
SP_00890,[Shop Thường] Kính Cường Lực 9D Full Màn Thế Hệ Mới Mã SP-0890,Điện Thoại & Phụ Kiện,Shop Thường,Hà Nội,4061000,20,1,15000,4679,515,734,604,4.25,392,5.0,87.4,89.3,6.3,9.44,14.08,Trung Bình,Trung Bình
SP_00891,[Shop Thường] Xe Đẩy Gấp Gọn Siêu Nhẹ Du Lịch Giá Rẻ Mã SP-0891,Mẹ & Bé,Shop Thường,Cần Thơ,185000,25,0,15000,19716,422,2934,614,4.02,1037,3.99,78.6,90.8,3.8,7.69,23.72,Trung Bình,Cao
SP_00892,[Shop Yêu Thích] Lót Chuột Gaming Khổ Lớn 80x30cm Thông Minh Mã SP-0892,Máy Tính & Laptop,Shop Yêu Thích,Bình Dương,1963000,20,0,0,29537,713,1612,664,4.61,1029,3.88,77.3,85.7,4.7,8.17,3.0,Tiềm Năng Cao,Cao
SP_00893,[Shopee Mall] Băng Quấn Cổ Chân Bảo Vệ Khớp Hot Trend Mã SP-0893,Thể Thao & Du Lịch,Shopee Mall,Bình Dương,180000,5,1,30000,27098,2712,1319,962,4.69,887,4.33,92.6,91.8,6.5,4.95,4.92,Tiềm Năng Cao,Thấp
SP_00894,[Shopee Mall] Quạt Cây Đứng Điều Khiển Từ Xa Thông Minh Mã SP-0894,Thiết Bị Điện Gia Dụng,Shopee Mall,Hà Nội,1550000,60,1,45000,8092,577,1094,152,3.97,719,4.73,96.5,96.8,2.2,9.37,22.06,Trung Bình,Cao
SP_00895,[Shopee Mall] Gối Cao Su Non Công Thái Học Giá Rẻ Mã SP-0895,Nhà Cửa & Đời Sống,Shopee Mall,Đà Nẵng,635000,10,1,30000,17043,2206,1751,748,4.7,832,3.94,73.0,99.2,5.5,6.3,1.27,Tiềm Năng Cao,Trung Bình
SP_00896,[Shop Thường] Thảm Tập Yoga TPE 2 Lớp Chống Trượt Siêu Bền Mã SP-0896,Thể Thao & Du Lịch,Shop Thường,Cần Thơ,29000,25,0,30000,3940,302,762,88,3.67,258,3.93,79.4,93.7,5.2,14.01,20.7,Rủi Ro / Kém,Cao
SP_00897,[Shopee Mall] Ốp Lưng Chống Sốc Trong Suốt Siêu Bền Mã SP-0897,Điện Thoại & Phụ Kiện,Shopee Mall,Đà Nẵng,562000,25,0,30000,5704,561,732,324,4.71,402,4.44,97.3,87.3,3.9,1.88,2.79,Trung Bình,Cao
SP_00898,[Shop Yêu Thích] Bình Giữ Nhiệt Inox 304 800ml Chính Hãng Mã SP-0898,Nhà Cửa & Đời Sống,Shop Yêu Thích,Đà Nẵng,197000,40,1,15000,34498,1648,3345,876,3.77,1314,3.8,74.7,94.8,2.8,8.02,21.16,Rủi Ro / Kém,Cao
SP_00899,[Shopee Mall] Serum Phục Hồi Da B5 Dưỡng Ẩm Sâu Siêu Bền Mã SP-0899,Mỹ Phẩm & Làm Đẹp,Shopee Mall,TP. Hồ Chí Minh,126000,30,1,22000,696,77,509,212,4.57,165,4.49,71.5,88.1,6.2,6.07,1.49,Rủi Ro / Kém,Trung Bình
SP_00900,[Shop Yêu Thích+] Hub Chuyển Đổi Type-C 7 in 1 Giá Rẻ Mã SP-0900,Máy Tính & Laptop,Shop Yêu Thích+,Nước Ngoài (Trung Quốc),1191000,5,1,15000,1840,68,274,186,4.67,130,3.85,99.5,85.0,1.8,6.22,3.18,Rủi Ro / Kém,Cao
SP_00901,[Shop Yêu Thích+] Bánh Quy Bơ Phô Mai Giòn Rụm Giá Rẻ Mã SP-0901,Bách Hóa Online,Shop Yêu Thích+,Đồng Nai,432000,60,1,0,3995,478,1063,122,3.84,500,4.53,90.6,98.1,5.2,10.81,18.21,Rủi Ro / Kém,Cao
SP_00902,[Shop Yêu Thích] Quần Jean Baggy Form Rộng Nhập Khẩu Mã SP-0902,Thời Trang Nam/Nữ,Shop Yêu Thích,Đà Nẵng,181000,0,0,45000,903,63,359,18,3.6,237,4.79,82.6,98.9,1.6,4.81,18.96,Rủi Ro / Kém,Cao
SP_00903,[Shopee Mall] Xe Đẩy Gấp Gọn Siêu Nhẹ Du Lịch Giá Rẻ Mã SP-0903,Mẹ & Bé,Shopee Mall,TP. Hồ Chí Minh,417000,15,0,15000,3503,249,548,166,4.27,340,3.9,79.0,96.6,1.7,18.0,18.57,Rủi Ro / Kém,Cao
SP_00904,[Shop Yêu Thích] Bộ Cây Lau Nhà Tự Vắt 360 Độ Hot Trend Mã SP-0904,Nhà Cửa & Đời Sống,Shop Yêu Thích,Cần Thơ,606000,30,1,22000,13621,939,1843,1202,4.47,877,3.81,72.7,97.3,6.3,7.71,29.22,Tiềm Năng Cao,Cao
SP_00905,[Shop Yêu Thích+] Giá Đỡ Laptop Nhôm Tản Nhiệt Gấp Gọn Siêu Bền Mã SP-0905,Máy Tính & Laptop,Shop Yêu Thích+,Nước Ngoài (Trung Quốc),2333000,10,1,45000,8707,1255,1545,1223,4.45,893,4.82,88.7,86.5,3.5,13.27,27.56,Tiềm Năng Cao,Cao
SP_00906,[Shop Thường] Kính Cường Lực 9D Full Màn Nhập Khẩu Mã SP-0906,Điện Thoại & Phụ Kiện,Shop Thường,TP. Hồ Chí Minh,2309000,15,1,22000,33977,3860,8367,7857,4.83,3139,4.77,71.7,90.4,4.2,2.3,1.67,Tiềm Năng Cao,Thấp
SP_00907,[Shopee Mall] Quần Jean Baggy Form Rộng Chính Hãng Mã SP-0907,Thời Trang Nam/Nữ,Shopee Mall,Đồng Nai,782000,25,0,45000,26010,3834,2760,290,3.54,1636,4.4,86.9,98.6,2.8,8.8,20.25,Rủi Ro / Kém,Cao
SP_00908,[Shop Yêu Thích+] Hộp Cơm Cắm Điện Hâm Nóng Tự Động Hot Trend Mã SP-0908,Nhà Cửa & Đời Sống,Shop Yêu Thích+,Đà Nẵng,270000,30,1,22000,6774,373,1161,625,4.99,800,4.48,76.3,85.9,2.9,1.13,2.04,Trung Bình,Cao
SP_00909,[Shop Yêu Thích+] Giày Sneaker Thể Thao Trắng Cao Cấp Mã SP-0909,Thời Trang Nam/Nữ,Shop Yêu Thích+,Bình Dương,917000,60,1,22000,5004,220,672,306,4.72,361,4.41,95.3,90.9,2.4,7.33,1.58,Trung Bình,Trung Bình
SP_00910,[Shop Yêu Thích+] Đèn Bàn Học LED Chống Cận Thị Hot Trend Mã SP-0910,Nhà Cửa & Đời Sống,Shop Yêu Thích+,Đà Nẵng,627000,5,0,30000,7663,205,1500,491,4.72,805,3.95,96.9,88.7,6.2,7.03,1.85,Trung Bình,Trung Bình
SP_00911,[Shop Thường] Đèn Bàn Học LED Chống Cận Thị Cao Cấp Mã SP-0911,Nhà Cửa & Đời Sống,Shop Thường,Hà Nội,605000,30,1,15000,13884,465,3660,692,4.19,2107,4.59,98.2,86.8,5.6,17.34,11.84,Trung Bình,Cao
SP_00912,[Shop Thường] Cáp Sạc Nhanh Tự Ngắt Bọc Dù Siêu Bền Mã SP-0912,Điện Thoại & Phụ Kiện,Shop Thường,Hà Nội,906000,50,1,22000,5180,652,1293,360,3.81,861,4.18,77.8,96.8,5.7,13.43,26.33,Rủi Ro / Kém,Cao
SP_00913,[Shop Yêu Thích] Ốp Lưng Chống Sốc Trong Suốt Hot Trend Mã SP-0913,Điện Thoại & Phụ Kiện,Shop Yêu Thích,Hà Nội,357000,50,1,30000,15178,1922,1435,532,4.81,682,4.76,82.2,95.1,2.5,0.53,1.75,Trung Bình,Thấp
SP_00914,[Shop Thường] Váy Nữ Dáng Xòe Vintage Thông Minh Mã SP-0914,Thời Trang Nam/Nữ,Shop Thường,Hà Nội,608000,5,1,22000,8399,1242,800,252,4.28,302,4.19,79.3,86.9,3.1,13.61,33.52,Trung Bình,Cao
SP_00915,[Shop Yêu Thích+] Bình Sữa Cổ Rộng Chống Sặc PPSU Nhập Khẩu Mã SP-0915,Mẹ & Bé,Shop Yêu Thích+,Nước Ngoài (Trung Quốc),257000,60,1,0,12546,900,2966,338,3.83,1972,4.72,75.9,87.9,4.6,9.09,12.16,Rủi Ro / Kém,Cao
SP_00916,[Shop Yêu Thích] Tã Bỉm Dán Siêu Thấm Hút Ban Đêm Cao Cấp Mã SP-0916,Mẹ & Bé,Shop Yêu Thích,Đồng Nai,614000,40,1,15000,9093,1324,1444,1106,4.58,963,4.21,74.5,87.2,5.0,7.02,1.52,Tiềm Năng Cao,Cao
SP_00917,[Shop Yêu Thích] Nước Tẩy Trang Micellar Water Dịu Nhẹ Nhập Khẩu Mã SP-0917,Mỹ Phẩm & Làm Đẹp,Shop Yêu Thích,Hà Nội,60000,20,0,30000,5731,697,642,114,4.74,255,4.63,85.2,91.3,6.4,4.26,0.91,Trung Bình,Thấp
SP_00918,[Shop Yêu Thích] Dây Nhảy Thể Lực Lõi Thép Chống Rối Cao Cấp Mã SP-0918,Thể Thao & Du Lịch,Shop Yêu Thích,Đồng Nai,423000,60,1,30000,44979,3856,3363,304,3.68,1032,4.75,81.9,86.8,3.3,16.26,30.24,Rủi Ro / Kém,Cao
SP_00919,[Shop Yêu Thích] Nước Tẩy Trang Micellar Water Dịu Nhẹ Siêu Bền Mã SP-0919,Mỹ Phẩm & Làm Đẹp,Shop Yêu Thích,TP. Hồ Chí Minh,782000,5,0,30000,22133,1693,4252,1220,4.76,1719,4.6,76.0,91.0,3.7,2.6,1.15,Tiềm Năng Cao,Thấp
SP_00920,[Shopee Mall] Bàn Phím Cơ LED RGB Blue/Red Switch Thông Minh Mã SP-0920,Máy Tính & Laptop,Shopee Mall,Bình Dương,1019000,60,1,22000,2764,256,879,203,3.73,502,4.1,95.8,95.1,2.4,17.9,18.94,Rủi Ro / Kém,Cao
SP_00921,[Shop Yêu Thích] Lót Chuột Gaming Khổ Lớn 80x30cm Chống Nước Mã SP-0921,Máy Tính & Laptop,Shop Yêu Thích,TP. Hồ Chí Minh,3194000,0,0,15000,30927,3521,6944,856,4.45,3887,4.8,78.1,92.9,4.9,11.13,10.82,Tiềm Năng Cao,Cao
SP_00922,[Shop Yêu Thích] Áo Khoác Bomber Chống Gió Chống Nước Mã SP-0922,Thời Trang Nam/Nữ,Shop Yêu Thích,Cần Thơ,936000,50,1,22000,10524,653,694,171,4.48,261,4.73,85.3,94.8,2.9,9.79,23.41,Trung Bình,Cao
SP_00923,[Shopee Mall] Trà Xanh Thái Nguyên Thượng Hạng Thế Hệ Mới Mã SP-0923,Bách Hóa Online,Shopee Mall,Đà Nẵng,346000,20,0,0,34243,1008,2670,353,3.88,1199,4.23,91.6,91.3,1.9,12.21,32.79,Rủi Ro / Kém,Cao
SP_00924,[Shopee Mall] Máy Xay Sinh Tố Mini Cầm Tay 6 Lưỡi Đa Năng Mã SP-0924,Thiết Bị Điện Gia Dụng,Shopee Mall,Hà Nội,898000,60,1,30000,24630,1520,3896,805,3.82,2425,4.51,70.5,97.0,2.3,18.16,26.0,Rủi Ro / Kém,Cao
SP_00925,[Shopee Mall] Cà Phê Rang Xay Nguyên Chất Đậm Vị Thông Minh Mã SP-0925,Bách Hóa Online,Shopee Mall,Bình Dương,178000,20,1,15000,8806,668,2314,1096,4.63,1119,4.49,98.6,85.5,3.9,1.09,2.42,Tiềm Năng Cao,Cao
SP_00926,[Shop Yêu Thích] Kem Chống Nắng Kiềm Dầu SPF50+ Nhập Khẩu Mã SP-0926,Mỹ Phẩm & Làm Đẹp,Shop Yêu Thích,Cần Thơ,194000,40,1,30000,840,121,434,85,3.54,229,4.61,95.2,90.2,6.2,17.64,26.49,Rủi Ro / Kém,Cao
SP_00927,[Shopee Mall] Đèn Bàn Học LED Chống Cận Thị Chính Hãng Mã SP-0927,Nhà Cửa & Đời Sống,Shopee Mall,Nước Ngoài (Trung Quốc),416000,25,0,0,5193,634,986,179,4.51,357,4.94,87.6,87.3,3.3,0.69,2.07,Trung Bình,Cao
SP_00928,[Shop Thường] Bộ Đồ Chơi Xếp Hình Gỗ Trí Uẩn Đa Năng Mã SP-0928,Mẹ & Bé,Shop Thường,Hà Nội,315000,40,1,0,12201,911,2084,308,3.5,1265,4.65,78.9,92.3,3.7,10.53,16.36,Rủi Ro / Kém,Cao
SP_00929,[Shop Yêu Thích+] Tã Bỉm Dán Siêu Thấm Hút Ban Đêm Thế Hệ Mới Mã SP-0929,Mẹ & Bé,Shop Yêu Thích+,Hà Nội,461000,0,0,22000,15555,1024,3108,527,4.11,1669,3.84,78.2,90.7,3.6,6.7,20.54,Trung Bình,Cao
SP_00930,[Shop Yêu Thích] Kính Cường Lực 9D Full Màn Chống Nước Mã SP-0930,Điện Thoại & Phụ Kiện,Shop Yêu Thích,Đà Nẵng,3264000,15,0,0,4973,564,534,73,4.39,278,4.63,90.2,91.8,3.6,7.4,10.12,Rủi Ro / Kém,Trung Bình
SP_00931,[Shop Yêu Thích+] Bộ Cây Lau Nhà Tự Vắt 360 Độ Nhập Khẩu Mã SP-0931,Nhà Cửa & Đời Sống,Shop Yêu Thích+,Đồng Nai,427000,25,0,30000,2751,402,995,165,3.87,670,4.59,79.2,96.0,2.8,5.06,32.21,Rủi Ro / Kém,Cao
SP_00932,[Shop Yêu Thích] Ốp Lưng Chống Sốc Trong Suốt Nhập Khẩu Mã SP-0932,Điện Thoại & Phụ Kiện,Shop Yêu Thích,Bình Dương,2136000,20,0,30000,27520,1515,3325,944,4.36,1901,4.14,86.8,94.7,2.2,4.69,16.86,Trung Bình,Cao
SP_00933,[Shop Yêu Thích] Lót Chuột Gaming Khổ Lớn 80x30cm Giá Rẻ Mã SP-0933,Máy Tính & Laptop,Shop Yêu Thích,Đồng Nai,4429000,60,1,22000,62909,9169,16094,2733,3.74,9283,3.92,84.4,86.7,1.7,8.74,32.28,Rủi Ro / Kém,Cao
SP_00934,[Shop Thường] Máy Hút Bụi Cầm Tay Không Dây Siêu Hút Đa Năng Mã SP-0934,Thiết Bị Điện Gia Dụng,Shop Thường,Nước Ngoài (Trung Quốc),3185000,25,0,45000,11688,290,540,106,4.67,260,3.96,97.9,89.5,2.2,5.39,3.05,Trung Bình,Trung Bình
SP_00935,[Shopee Mall] Quần Jean Baggy Form Rộng Chống Nước Mã SP-0935,Thời Trang Nam/Nữ,Shopee Mall,Đồng Nai,198000,5,1,30000,3325,220,826,249,4.09,460,4.2,98.9,97.4,4.3,10.24,29.77,Trung Bình,Cao
SP_00936,[Shop Yêu Thích+] Kem Chống Nắng Kiềm Dầu SPF50+ Đa Năng Mã SP-0936,Mỹ Phẩm & Làm Đẹp,Shop Yêu Thích+,Nước Ngoài (Trung Quốc),624000,20,1,22000,5268,154,1532,294,3.83,646,4.28,94.9,87.7,2.3,13.73,11.66,Rủi Ro / Kém,Cao
SP_00937,[Shop Thường] Serum Phục Hồi Da B5 Dưỡng Ẩm Sâu Đa Năng Mã SP-0937,Mỹ Phẩm & Làm Đẹp,Shop Thường,Đồng Nai,358000,10,0,15000,778,39,406,39,3.53,247,4.59,89.7,95.0,5.4,11.83,8.76,Rủi Ro / Kém,Cao
SP_00938,[Shop Yêu Thích+] Máy Hút Bụi Cầm Tay Không Dây Siêu Hút Nhập Khẩu Mã SP-0938,Thiết Bị Điện Gia Dụng,Shop Yêu Thích+,Đồng Nai,3274000,60,1,0,37353,1182,6825,2692,4.71,3324,3.98,71.1,87.8,2.5,3.05,1.2,Tiềm Năng Cao,Cao
SP_00939,[Shop Yêu Thích] Nồi Chiên Không Dầu Điện Tử 6.5L Thông Minh Mã SP-0939,Thiết Bị Điện Gia Dụng,Shop Yêu Thích,Bình Dương,2446000,30,1,30000,2379,151,1009,544,4.17,361,4.21,88.7,99.7,2.7,5.98,11.63,Trung Bình,Trung Bình
SP_00940,[Shopee Mall] Tai Nghe Bluetooth True Wireless Chống Ồn Hot Trend Mã SP-0940,Điện Thoại & Phụ Kiện,Shopee Mall,Nước Ngoài (Trung Quốc),2031000,0,1,22000,13388,1545,1234,526,4.16,835,4.29,95.7,85.2,2.2,10.94,24.47,Trung Bình,Cao
SP_00941,[Shop Yêu Thích] Máy Hút Bụi Cầm Tay Không Dây Siêu Hút Cao Cấp Mã SP-0941,Thiết Bị Điện Gia Dụng,Shop Yêu Thích,Đà Nẵng,2427000,25,1,0,5304,265,1241,164,3.76,493,4.93,91.5,88.2,6.3,5.91,11.43,Rủi Ro / Kém,Trung Bình
SP_00942,[Shopee Mall] Cà Phê Rang Xay Nguyên Chất Đậm Vị Nhập Khẩu Mã SP-0942,Bách Hóa Online,Shopee Mall,Hà Nội,118000,40,1,15000,12617,469,724,176,4.49,431,4.95,77.8,98.6,5.9,10.71,28.96,Trung Bình,Cao
SP_00943,[Shop Yêu Thích+] Bánh Quy Bơ Phô Mai Giòn Rụm Chống Nước Mã SP-0943,Bách Hóa Online,Shop Yêu Thích+,Nước Ngoài (Trung Quốc),448000,5,0,45000,16308,885,2212,256,3.77,1143,4.92,74.6,98.6,4.9,13.12,17.17,Rủi Ro / Kém,Cao
SP_00944,[Shop Yêu Thích+] Tai Nghe Bluetooth True Wireless Chống Ồn Thông Minh Mã SP-0944,Điện Thoại & Phụ Kiện,Shop Yêu Thích+,Hà Nội,478000,60,1,22000,27056,1532,2596,1315,4.64,1040,4.26,75.6,88.7,4.4,8.02,4.07,Tiềm Năng Cao,Trung Bình
SP_00945,[Shopee Mall] Chuột Không Dây Silent Siêu Nhạy Chính Hãng Mã SP-0945,Máy Tính & Laptop,Shopee Mall,Nước Ngoài (Trung Quốc),1126000,50,1,30000,3968,438,1269,264,3.56,697,4.96,96.7,94.9,6.0,10.59,9.34,Rủi Ro / Kém,Cao
SP_00946,[Shop Yêu Thích] Trà Xanh Thái Nguyên Thượng Hạng Cao Cấp Mã SP-0946,Bách Hóa Online,Shop Yêu Thích,Cần Thơ,637000,10,0,45000,665,73,218,77,4.43,148,4.97,73.1,86.6,2.4,17.13,33.52,Rủi Ro / Kém,Cao
SP_00947,[Shop Thường] Đèn Bàn Học LED Chống Cận Thị Hot Trend Mã SP-0947,Nhà Cửa & Đời Sống,Shop Thường,Nước Ngoài (Trung Quốc),211000,10,1,22000,2708,116,845,237,3.67,476,3.98,75.8,97.6,2.5,14.67,26.69,Rủi Ro / Kém,Cao
SP_00948,[Shop Yêu Thích+] Serum Phục Hồi Da B5 Dưỡng Ẩm Sâu Đa Năng Mã SP-0948,Mỹ Phẩm & Làm Đẹp,Shop Yêu Thích+,Đà Nẵng,368000,40,1,0,35041,2974,6152,2048,4.76,1901,4.17,95.8,87.5,4.6,3.52,2.78,Tiềm Năng Cao,Cao
SP_00949,[Shop Yêu Thích] Kính Cường Lực 9D Full Màn Chống Nước Mã SP-0949,Điện Thoại & Phụ Kiện,Shop Yêu Thích,TP. Hồ Chí Minh,3821000,40,1,22000,31559,2261,5470,1782,4.86,3267,4.55,78.0,91.1,3.8,4.48,1.94,Tiềm Năng Cao,Thấp
SP_00950,[Shop Yêu Thích] Giá Đỡ Laptop Nhôm Tản Nhiệt Gấp Gọn Nhập Khẩu Mã SP-0950,Máy Tính & Laptop,Shop Yêu Thích,Nước Ngoài (Trung Quốc),293000,30,1,0,14147,436,3021,540,4.02,1787,4.86,87.8,87.3,2.1,8.68,31.35,Trung Bình,Cao
SP_00951,[Shop Yêu Thích] Tã Bỉm Dán Siêu Thấm Hút Ban Đêm Cao Cấp Mã SP-0951,Mẹ & Bé,Shop Yêu Thích,Hà Nội,630000,25,0,45000,14263,1144,2775,904,4.15,1028,4.28,78.9,94.2,5.3,6.61,19.65,Trung Bình,Cao
SP_00952,[Shopee Mall] Ấm Siêu Tốc 2 Lớp Cách Nhiệt 1.8L Nhập Khẩu Mã SP-0952,Thiết Bị Điện Gia Dụng,Shopee Mall,Nước Ngoài (Trung Quốc),2932000,5,1,0,16906,2209,972,576,4.31,570,4.07,94.6,87.3,1.9,16.33,10.55,Trung Bình,Cao
SP_00953,[Shop Yêu Thích+] Chuột Không Dây Silent Siêu Nhạy Chống Nước Mã SP-0953,Máy Tính & Laptop,Shop Yêu Thích+,Đà Nẵng,4339000,5,0,45000,3392,251,689,140,4.15,214,3.98,73.3,96.3,3.1,12.07,9.58,Rủi Ro / Kém,Cao
SP_00954,[Shopee Mall] Đèn Bàn Học LED Chống Cận Thị Cao Cấp Mã SP-0954,Nhà Cửa & Đời Sống,Shopee Mall,Đà Nẵng,422000,10,0,45000,37373,3848,5506,1155,4.25,2377,4.9,81.6,95.9,3.5,17.71,18.78,Trung Bình,Cao
SP_00955,[Shop Yêu Thích] Kính Cường Lực 9D Full Màn Thế Hệ Mới Mã SP-0955,Điện Thoại & Phụ Kiện,Shop Yêu Thích,Hà Nội,1933000,20,0,0,8639,662,582,97,4.57,183,4.53,71.4,95.2,2.3,2.52,1.48,Trung Bình,Thấp
SP_00956,[Shopee Mall] Gối Cao Su Non Công Thái Học Siêu Bền Mã SP-0956,Nhà Cửa & Đời Sống,Shopee Mall,Bình Dương,117000,40,1,45000,7746,564,1593,603,4.74,544,4.34,90.9,87.4,2.1,4.9,0.76,Trung Bình,Cao
SP_00957,[Shop Yêu Thích] Xe Đẩy Gấp Gọn Siêu Nhẹ Du Lịch Cao Cấp Mã SP-0957,Mẹ & Bé,Shop Yêu Thích,Hà Nội,27000,0,1,15000,11475,517,1800,381,4.31,578,4.7,78.1,97.0,5.9,17.04,22.85,Trung Bình,Cao
SP_00958,[Shop Thường] Quạt Cây Đứng Điều Khiển Từ Xa Thông Minh Mã SP-0958,Thiết Bị Điện Gia Dụng,Shop Thường,Đồng Nai,1550000,60,1,45000,1221,109,583,255,4.18,236,3.87,95.3,88.4,6.5,7.0,31.55,Rủi Ro / Kém,Cao
SP_00959,[Shop Thường] Tã Bỉm Dán Siêu Thấm Hút Ban Đêm Hot Trend Mã SP-0959,Mẹ & Bé,Shop Thường,Hà Nội,442000,5,0,0,3227,447,1032,248,4.95,478,4.86,83.0,86.6,3.0,6.72,0.5,Trung Bình,Cao
SP_00960,[Shop Yêu Thích] Serum Phục Hồi Da B5 Dưỡng Ẩm Sâu Siêu Bền Mã SP-0960,Mỹ Phẩm & Làm Đẹp,Shop Yêu Thích,Cần Thơ,264000,15,0,15000,20593,1772,5204,2155,4.31,2525,3.92,95.7,93.9,4.1,8.72,33.32,Trung Bình,Cao
SP_00961,[Shop Thường] Áo Khoác Bomber Chống Gió Giá Rẻ Mã SP-0961,Thời Trang Nam/Nữ,Shop Thường,Bình Dương,453000,5,0,30000,1796,228,454,188,4.59,238,4.71,89.6,86.5,2.8,6.66,3.3,Rủi Ro / Kém,Cao
SP_00962,[Shop Thường] Bánh Quy Bơ Phô Mai Giòn Rụm Chính Hãng Mã SP-0962,Bách Hóa Online,Shop Thường,Bình Dương,540000,5,0,45000,14363,1488,2303,512,4.78,1154,4.3,70.5,95.9,5.1,6.36,3.66,Trung Bình,Trung Bình
SP_00963,[Shop Thường] Máy Xay Sinh Tố Mini Cầm Tay 6 Lưỡi Siêu Bền Mã SP-0963,Thiết Bị Điện Gia Dụng,Shop Thường,Nước Ngoài (Trung Quốc),1549000,60,1,22000,4722,293,678,136,3.64,466,4.49,76.7,90.1,2.9,10.31,25.18,Rủi Ro / Kém,Cao
SP_00964,[Shopee Mall] Trà Xanh Thái Nguyên Thượng Hạng Thông Minh Mã SP-0964,Bách Hóa Online,Shopee Mall,Cần Thơ,480000,20,0,15000,7897,763,2011,739,4.12,1070,4.72,70.6,90.9,1.5,15.34,20.35,Trung Bình,Cao
SP_00965,[Shop Yêu Thích+] Trà Xanh Thái Nguyên Thượng Hạng Siêu Bền Mã SP-0965,Bách Hóa Online,Shop Yêu Thích+,Đồng Nai,609000,20,0,0,5609,555,954,52,3.79,467,4.94,83.8,89.3,6.2,8.98,18.76,Rủi Ro / Kém,Cao
SP_00966,[Shop Thường] Túi Trống Thể Thao Tập Gym Du Lịch Chính Hãng Mã SP-0966,Thể Thao & Du Lịch,Shop Thường,TP. Hồ Chí Minh,324000,60,1,45000,7093,150,1505,394,3.94,983,3.83,75.1,89.8,5.7,18.31,12.43,Trung Bình,Cao
SP_00967,[Shop Thường] Cà Phê Rang Xay Nguyên Chất Đậm Vị Thế Hệ Mới Mã SP-0967,Bách Hóa Online,Shop Thường,Hà Nội,321000,50,1,45000,19543,1773,2185,290,3.53,1333,4.88,96.3,85.0,4.4,6.75,25.97,Rủi Ro / Kém,Cao
SP_00968,[Shop Yêu Thích] Máy Xay Sinh Tố Mini Cầm Tay 6 Lưỡi Đa Năng Mã SP-0968,Thiết Bị Điện Gia Dụng,Shop Yêu Thích,Nước Ngoài (Trung Quốc),4030000,20,0,0,5788,766,675,294,4.12,420,4.46,71.4,98.5,2.6,13.86,27.45,Trung Bình,Cao
SP_00969,[Shop Yêu Thích+] Bình Sữa Cổ Rộng Chống Sặc PPSU Nhập Khẩu Mã SP-0969,Mẹ & Bé,Shop Yêu Thích+,Bình Dương,233000,0,0,22000,13034,703,2444,247,3.65,1267,4.26,99.7,97.5,3.7,12.26,21.57,Rủi Ro / Kém,Cao
SP_00970,[Shop Thường] Áo Thun Unisex Cotton 100% Siêu Bền Mã SP-0970,Thời Trang Nam/Nữ,Shop Thường,Bình Dương,224000,30,1,0,10195,474,1503,322,4.45,1008,3.84,99.1,89.5,2.2,12.63,9.17,Trung Bình,Cao
SP_00971,[Shop Thường] Hộp Cơm Cắm Điện Hâm Nóng Tự Động Thế Hệ Mới Mã SP-0971,Nhà Cửa & Đời Sống,Shop Thường,TP. Hồ Chí Minh,408000,10,0,0,16844,612,1890,593,4.68,901,4.25,79.5,92.1,3.6,1.93,4.73,Trung Bình,Thấp
SP_00972,[Shop Yêu Thích+] Kính Cường Lực 9D Full Màn Cao Cấp Mã SP-0972,Điện Thoại & Phụ Kiện,Shop Yêu Thích+,Nước Ngoài (Trung Quốc),2082000,15,0,22000,41928,3557,5898,486,3.54,2455,4.33,81.2,96.6,2.6,10.34,12.61,Rủi Ro / Kém,Cao
SP_00973,[Shop Yêu Thích+] Nước Tẩy Trang Micellar Water Dịu Nhẹ Hot Trend Mã SP-0973,Mỹ Phẩm & Làm Đẹp,Shop Yêu Thích+,Nước Ngoài (Trung Quốc),65000,40,1,0,20283,2326,1676,480,3.93,907,4.96,77.5,85.0,2.1,6.68,10.47,Trung Bình,Cao
SP_00974,[Shop Yêu Thích] Ốp Lưng Chống Sốc Trong Suốt Hot Trend Mã SP-0974,Điện Thoại & Phụ Kiện,Shop Yêu Thích,Đà Nẵng,3945000,40,1,15000,4129,427,1114,156,3.91,640,4.31,75.1,93.2,4.4,8.43,26.39,Rủi Ro / Kém,Cao
SP_00975,[Shop Thường] Giá Đỡ Laptop Nhôm Tản Nhiệt Gấp Gọn Chính Hãng Mã SP-0975,Máy Tính & Laptop,Shop Thường,Nước Ngoài (Trung Quốc),1097000,50,1,22000,975,76,519,126,4.42,170,4.39,72.8,89.6,3.7,8.46,20.73,Rủi Ro / Kém,Cao
SP_00976,[Shop Yêu Thích] Máy Hút Bụi Cầm Tay Không Dây Siêu Hút Chống Nước Mã SP-0976,Thiết Bị Điện Gia Dụng,Shop Yêu Thích,TP. Hồ Chí Minh,2587000,40,1,45000,5062,295,1521,643,4.78,643,4.68,87.1,96.9,2.5,2.82,4.56,Trung Bình,Thấp
SP_00977,[Shop Thường] Váy Nữ Dáng Xòe Vintage Hot Trend Mã SP-0977,Thời Trang Nam/Nữ,Shop Thường,Đồng Nai,581000,50,1,0,14060,679,1091,79,3.69,692,4.07,88.0,92.7,2.4,17.58,21.85,Rủi Ro / Kém,Cao
SP_00978,[Shopee Mall] Bình Nước Thể Thao 2 Lít Có Vạch Chia Siêu Bền Mã SP-0978,Thể Thao & Du Lịch,Shopee Mall,Cần Thơ,386000,10,0,30000,1291,118,450,21,3.93,172,4.04,79.2,91.6,3.1,13.58,33.02,Rủi Ro / Kém,Cao
SP_00979,[Shopee Mall] Son Kem Lì Mịn Môi Lâu Trôi Siêu Bền Mã SP-0979,Mỹ Phẩm & Làm Đẹp,Shopee Mall,Hà Nội,162000,50,1,45000,10788,1177,921,649,4.03,552,4.84,81.4,91.6,2.3,15.73,23.9,Trung Bình,Cao
SP_00980,[Shop Thường] Đèn Bàn Học LED Chống Cận Thị Hot Trend Mã SP-0980,Nhà Cửa & Đời Sống,Shop Thường,Bình Dương,164000,60,1,45000,14126,1437,2233,905,4.83,1188,4.49,90.7,96.7,2.1,4.76,2.99,Tiềm Năng Cao,Thấp
SP_00981,[Shop Yêu Thích] Nước Tẩy Trang Micellar Water Dịu Nhẹ Cao Cấp Mã SP-0981,Mỹ Phẩm & Làm Đẹp,Shop Yêu Thích,Đồng Nai,911000,25,1,0,6602,580,1608,868,4.11,960,4.45,85.5,92.6,4.6,17.62,30.66,Trung Bình,Cao
SP_00982,[Shop Thường] Nước Giặt Xả Hương Nước Hoa Đậm Đặc Chống Nước Mã SP-0982,Bách Hóa Online,Shop Thường,Bình Dương,199000,50,1,22000,22604,1417,4396,2262,4.83,2235,4.79,87.8,86.6,2.4,1.07,3.85,Tiềm Năng Cao,Cao
SP_00983,[Shop Yêu Thích] Túi Trống Thể Thao Tập Gym Du Lịch Chính Hãng Mã SP-0983,Thể Thao & Du Lịch,Shop Yêu Thích,Nước Ngoài (Trung Quốc),331000,50,1,45000,2190,288,744,124,4.41,400,4.03,99.0,89.4,6.1,15.76,29.33,Rủi Ro / Kém,Cao
SP_00984,[Shop Yêu Thích] Son Kem Lì Mịn Môi Lâu Trôi Giá Rẻ Mã SP-0984,Mỹ Phẩm & Làm Đẹp,Shop Yêu Thích,Đồng Nai,594000,30,1,45000,1671,80,341,74,3.77,223,3.93,72.5,86.7,2.7,18.3,21.28,Rủi Ro / Kém,Cao
SP_00985,[Shopee Mall] Cáp Sạc Nhanh Tự Ngắt Bọc Dù Chống Nước Mã SP-0985,Điện Thoại & Phụ Kiện,Shopee Mall,Nước Ngoài (Trung Quốc),335000,60,1,45000,20039,675,2698,354,3.75,1744,4.56,87.6,98.7,2.6,15.45,10.41,Rủi Ro / Kém,Cao
SP_00986,[Shopee Mall] Quạt Cây Đứng Điều Khiển Từ Xa Siêu Bền Mã SP-0986,Thiết Bị Điện Gia Dụng,Shopee Mall,Bình Dương,3956000,0,0,22000,10762,243,2157,650,4.51,1331,4.03,77.5,86.2,5.8,1.51,3.08,Trung Bình,Cao
SP_00987,[Shop Yêu Thích+] Đèn Bàn Học LED Chống Cận Thị Chống Nước Mã SP-0987,Nhà Cửa & Đời Sống,Shop Yêu Thích+,TP. Hồ Chí Minh,149000,15,0,0,17990,1127,2718,1085,4.54,1600,4.49,79.8,85.6,5.9,2.89,3.72,Tiềm Năng Cao,Cao
SP_00988,[Shop Thường] Bình Sữa Cổ Rộng Chống Sặc PPSU Chống Nước Mã SP-0988,Mẹ & Bé,Shop Thường,Nước Ngoài (Trung Quốc),235000,30,1,30000,9059,436,1344,753,4.16,520,3.97,88.6,88.6,5.0,13.09,22.7,Trung Bình,Cao
SP_00989,[Shop Yêu Thích+] Bình Sữa Cổ Rộng Chống Sặc PPSU Chống Nước Mã SP-0989,Mẹ & Bé,Shop Yêu Thích+,Nước Ngoài (Trung Quốc),486000,15,1,22000,4743,242,755,339,4.73,266,4.83,77.4,90.6,6.3,5.41,3.47,Trung Bình,Trung Bình
SP_00990,[Shop Thường] Bình Nước Thể Thao 2 Lít Có Vạch Chia Giá Rẻ Mã SP-0990,Thể Thao & Du Lịch,Shop Thường,Cần Thơ,211000,40,1,0,26147,1956,5392,2110,4.32,2160,4.83,72.5,87.6,5.5,7.72,30.06,Trung Bình,Cao
SP_00991,[Shopee Mall] Bình Sữa Cổ Rộng Chống Sặc PPSU Cao Cấp Mã SP-0991,Mẹ & Bé,Shopee Mall,TP. Hồ Chí Minh,497000,25,0,15000,24597,2521,2793,538,4.81,1932,4.2,71.1,99.3,4.8,4.87,1.11,Tiềm Năng Cao,Thấp
SP_00992,[Shop Thường] Váy Nữ Dáng Xòe Vintage Thông Minh Mã SP-0992,Thời Trang Nam/Nữ,Shop Thường,Hà Nội,488000,15,0,45000,18296,982,1707,194,3.89,912,4.85,93.8,93.8,6.1,12.34,23.53,Rủi Ro / Kém,Cao
SP_00993,[Shop Yêu Thích+] Xe Đẩy Gấp Gọn Siêu Nhẹ Du Lịch Thế Hệ Mới Mã SP-0993,Mẹ & Bé,Shop Yêu Thích+,Đà Nẵng,646000,0,0,15000,5264,295,1110,408,4.65,724,4.41,80.5,96.2,5.8,2.4,4.24,Trung Bình,Thấp
SP_00994,[Shop Thường] Dây Nhảy Thể Lực Lõi Thép Chống Rối Thông Minh Mã SP-0994,Thể Thao & Du Lịch,Shop Thường,Đà Nẵng,151000,40,1,22000,13882,2024,3174,1134,3.53,1918,4.87,94.6,97.4,5.4,15.1,8.95,Rủi Ro / Kém,Cao
SP_00995,[Shopee Mall] Nước Tẩy Trang Micellar Water Dịu Nhẹ Siêu Bền Mã SP-0995,Mỹ Phẩm & Làm Đẹp,Shopee Mall,Hà Nội,578000,40,1,15000,7217,845,1866,991,4.16,776,4.46,70.4,92.0,2.8,7.37,8.23,Trung Bình,Trung Bình
SP_00996,[Shop Thường] Cáp Sạc Nhanh Tự Ngắt Bọc Dù Hot Trend Mã SP-0996,Điện Thoại & Phụ Kiện,Shop Thường,Bình Dương,339000,10,0,30000,1940,80,219,10,3.9,144,3.96,77.0,97.8,1.9,4.51,25.61,Rủi Ro / Kém,Cao
SP_00997,[Shop Yêu Thích+] Hạt Dinh Dưỡng Hạnh Nhân Óc Chó Mix Cao Cấp Mã SP-0997,Bách Hóa Online,Shop Yêu Thích+,Cần Thơ,311000,5,1,30000,37890,2098,5937,2540,4.76,2356,4.63,72.3,93.2,4.6,6.22,1.89,Tiềm Năng Cao,Trung Bình
SP_00998,[Shop Thường] Bàn Phím Cơ LED RGB Blue/Red Switch Đa Năng Mã SP-0998,Máy Tính & Laptop,Shop Thường,Nước Ngoài (Trung Quốc),380000,60,1,45000,2706,399,900,319,4.62,409,4.37,95.3,99.7,5.5,1.98,0.56,Trung Bình,Thấp
SP_00999,[Shopee Mall] Serum Phục Hồi Da B5 Dưỡng Ẩm Sâu Thế Hệ Mới Mã SP-0999,Mỹ Phẩm & Làm Đẹp,Shopee Mall,Nước Ngoài (Trung Quốc),169000,50,1,45000,45507,3173,6048,759,3.79,1848,3.86,83.5,93.1,4.8,4.81,33.11,Rủi Ro / Kém,Cao
SP_01000,[Shop Yêu Thích+] Áo Thun Unisex Cotton 100% Nhập Khẩu Mã SP-1000,Thời Trang Nam/Nữ,Shop Yêu Thích+,Đà Nẵng,857000,15,0,30000,9359,625,1411,171,3.61,433,4.67,88.1,91.9,1.7,5.39,14.57,Rủi Ro / Kém,Trung Bình
SP_01001,[Shop Yêu Thích] Áo Thun Unisex Cotton 100% Giá Rẻ Mã SP-1001,Thời Trang Nam/Nữ,Shop Yêu Thích,TP. Hồ Chí Minh,689000,40,1,0,3570,375,298,73,4.67,139,4.03,85.3,85.6,5.9,5.74,2.73,Rủi Ro / Kém,Cao
SP_01002,[Shop Yêu Thích+] Củ Sạc Nhanh 65W GaN Type-C Đa Năng Mã SP-1002,Điện Thoại & Phụ Kiện,Shop Yêu Thích+,Đà Nẵng,2438000,30,1,0,12210,509,2581,358,3.67,1044,5.0,71.6,88.6,6.4,15.96,28.51,Rủi Ro / Kém,Cao
SP_01003,[Shop Yêu Thích] Bàn Phím Cơ LED RGB Blue/Red Switch Chống Nước Mã SP-1003,Máy Tính & Laptop,Shop Yêu Thích,Bình Dương,910000,30,1,0,31447,4354,2862,335,3.77,1935,3.97,87.5,95.8,3.0,15.94,29.54,Rủi Ro / Kém,Cao
SP_01004,[Shopee Mall] Hub Chuyển Đổi Type-C 7 in 1 Nhập Khẩu Mã SP-1004,Máy Tính & Laptop,Shopee Mall,Nước Ngoài (Trung Quốc),1855000,10,0,22000,20264,749,2774,291,3.84,1745,4.18,70.7,95.7,6.4,5.94,33.6,Rủi Ro / Kém,Cao
SP_01005,[Shop Yêu Thích+] Quạt Cây Đứng Điều Khiển Từ Xa Siêu Bền Mã SP-1005,Thiết Bị Điện Gia Dụng,Shop Yêu Thích+,Đồng Nai,1067000,30,1,0,25141,2684,3008,737,3.66,1016,3.96,86.2,96.9,3.5,14.98,15.71,Rủi Ro / Kém,Cao
SP_01006,[Shop Thường] Dây Nhảy Thể Lực Lõi Thép Chống Rối Đa Năng Mã SP-1006,Thể Thao & Du Lịch,Shop Thường,Hà Nội,594000,30,1,45000,16628,1334,4627,338,3.69,1970,4.61,85.3,88.8,2.7,15.9,23.05,Rủi Ro / Kém,Cao
SP_01007,[Shop Thường] Kính Cường Lực 9D Full Màn Cao Cấp Mã SP-1007,Điện Thoại & Phụ Kiện,Shop Thường,Nước Ngoài (Trung Quốc),2538000,60,1,45000,18178,466,2546,1600,4.16,1607,3.96,99.2,98.2,3.5,17.95,24.88,Trung Bình,Cao
SP_01008,[Shop Yêu Thích+] Sữa Rửa Mặt Dịu Nhẹ Cho Da Dầu Mụn Hot Trend Mã SP-1008,Mỹ Phẩm & Làm Đẹp,Shop Yêu Thích+,TP. Hồ Chí Minh,612000,20,0,22000,28876,2470,1914,838,4.93,893,4.34,75.6,89.1,5.1,0.58,0.8,Tiềm Năng Cao,Thấp
SP_01009,[Shopee Mall] Son Kem Lì Mịn Môi Lâu Trôi Thông Minh Mã SP-1009,Mỹ Phẩm & Làm Đẹp,Shopee Mall,Đồng Nai,426000,25,1,15000,4808,109,926,108,3.5,547,4.71,77.2,91.0,2.1,4.07,21.94,Rủi Ro / Kém,Cao
SP_01010,[Shopee Mall] Củ Sạc Nhanh 65W GaN Type-C Đa Năng Mã SP-1010,Điện Thoại & Phụ Kiện,Shopee Mall,Cần Thơ,3477000,0,1,0,10583,1075,2308,1161,4.63,1119,4.26,90.2,97.3,6.2,5.12,2.57,Tiềm Năng Cao,Trung Bình
SP_01011,[Shop Yêu Thích+] Áo Khoác Bomber Chống Gió Cao Cấp Mã SP-1011,Thời Trang Nam/Nữ,Shop Yêu Thích+,Bình Dương,366000,50,1,0,4250,387,718,225,4.8,227,4.93,95.2,93.8,4.4,2.72,1.49,Trung Bình,Thấp
SP_01012,[Shop Thường] Củ Sạc Nhanh 65W GaN Type-C Hot Trend Mã SP-1012,Điện Thoại & Phụ Kiện,Shop Thường,Nước Ngoài (Trung Quốc),825000,5,0,0,66433,6124,7533,1622,4.49,2691,4.18,94.1,93.5,2.3,4.26,25.17,Tiềm Năng Cao,Cao
SP_01013,[Shop Yêu Thích] Áo Thun Unisex Cotton 100% Chống Nước Mã SP-1013,Thời Trang Nam/Nữ,Shop Yêu Thích,Đồng Nai,390000,15,0,30000,43751,6241,7295,581,3.98,4792,3.84,82.1,89.0,3.7,14.38,10.58,Trung Bình,Cao
SP_01014,[Shop Yêu Thích] Giá Đỡ Laptop Nhôm Tản Nhiệt Gấp Gọn Cao Cấp Mã SP-1014,Máy Tính & Laptop,Shop Yêu Thích,Cần Thơ,900000,50,1,15000,1103,95,579,150,4.48,401,4.9,71.0,90.8,3.2,16.87,21.42,Rủi Ro / Kém,Cao
SP_01015,[Shop Yêu Thích] Máy Hút Bụi Cầm Tay Không Dây Siêu Hút Giá Rẻ Mã SP-1015,Thiết Bị Điện Gia Dụng,Shop Yêu Thích,Hà Nội,3086000,15,0,15000,18840,2815,797,41,3.83,441,4.94,86.8,99.7,2.2,14.17,10.89,Rủi Ro / Kém,Cao
SP_01016,[Shop Yêu Thích+] Bình Sữa Cổ Rộng Chống Sặc PPSU Thông Minh Mã SP-1016,Mẹ & Bé,Shop Yêu Thích+,Bình Dương,379000,60,1,0,39403,2824,8880,3394,4.8,2865,4.14,70.7,91.3,1.9,4.99,2.85,Tiềm Năng Cao,Thấp
SP_01017,[Shop Yêu Thích] Củ Sạc Nhanh 65W GaN Type-C Chính Hãng Mã SP-1017,Điện Thoại & Phụ Kiện,Shop Yêu Thích,Cần Thơ,1792000,10,0,30000,3487,83,1292,147,3.63,586,3.88,82.9,92.4,5.3,7.25,30.0,Rủi Ro / Kém,Cao
SP_01018,[Shopee Mall] Hộp Cơm Cắm Điện Hâm Nóng Tự Động Thế Hệ Mới Mã SP-1018,Nhà Cửa & Đời Sống,Shopee Mall,Cần Thơ,337000,10,0,30000,13088,1340,1516,83,3.83,513,4.3,81.0,88.5,5.1,15.58,34.54,Rủi Ro / Kém,Cao
SP_01019,[Shop Yêu Thích+] Gối Cao Su Non Công Thái Học Thông Minh Mã SP-1019,Nhà Cửa & Đời Sống,Shop Yêu Thích+,Đồng Nai,265000,25,0,30000,37562,3362,2647,965,5.0,1592,3.9,83.8,86.9,6.3,3.65,4.94,Tiềm Năng Cao,Cao
SP_01020,[Shop Yêu Thích+] Xe Đẩy Gấp Gọn Siêu Nhẹ Du Lịch Thế Hệ Mới Mã SP-1020,Mẹ & Bé,Shop Yêu Thích+,Cần Thơ,434000,10,0,22000,1018,102,348,138,4.93,170,4.98,78.1,97.7,4.6,4.29,4.23,Rủi Ro / Kém,Thấp
SP_01021,[Shop Yêu Thích] Lót Chuột Gaming Khổ Lớn 80x30cm Cao Cấp Mã SP-1021,Máy Tính & Laptop,Shop Yêu Thích,Đồng Nai,3112000,0,1,0,18431,1723,4665,424,3.95,1911,4.77,71.6,88.1,5.1,16.74,28.36,Trung Bình,Cao
SP_01022,[Shopee Mall] Chuột Không Dây Silent Siêu Nhạy Thông Minh Mã SP-1022,Máy Tính & Laptop,Shopee Mall,Cần Thơ,2904000,30,1,22000,5793,239,913,317,4.63,519,4.53,78.5,89.1,5.6,6.63,0.95,Trung Bình,Trung Bình
SP_01023,[Shopee Mall] Hạt Dinh Dưỡng Hạnh Nhân Óc Chó Mix Siêu Bền Mã SP-1023,Bách Hóa Online,Shopee Mall,Nước Ngoài (Trung Quốc),568000,10,0,0,39233,2349,4398,1654,4.14,2204,4.83,94.2,97.8,5.1,11.66,15.49,Trung Bình,Cao
SP_01024,[Shop Thường] Khăn Ướt Kháng Khuẩn Không Mùi Cao Cấp Mã SP-1024,Mẹ & Bé,Shop Thường,Nước Ngoài (Trung Quốc),439000,20,0,0,53637,1775,2181,136,3.65,1425,4.22,89.7,89.6,2.9,15.63,13.04,Rủi Ro / Kém,Cao
SP_01025,[Shopee Mall] Áo Thun Unisex Cotton 100% Thế Hệ Mới Mã SP-1025,Thời Trang Nam/Nữ,Shopee Mall,Bình Dương,377000,60,1,45000,43807,2241,3060,2266,4.74,1394,4.31,76.1,99.6,1.8,6.09,0.97,Tiềm Năng Cao,Trung Bình
SP_01026,[Shopee Mall] Túi Trống Thể Thao Tập Gym Du Lịch Nhập Khẩu Mã SP-1026,Thể Thao & Du Lịch,Shopee Mall,Hà Nội,107000,5,0,0,10142,1414,1432,105,3.81,864,4.93,73.0,92.3,5.6,15.05,22.98,Rủi Ro / Kém,Cao
SP_01027,[Shop Yêu Thích+] Ốp Lưng Chống Sốc Trong Suốt Thông Minh Mã SP-1027,Điện Thoại & Phụ Kiện,Shop Yêu Thích+,TP. Hồ Chí Minh,567000,50,1,22000,30212,3924,5564,3279,4.47,3724,3.92,72.3,94.3,6.3,8.94,17.12,Tiềm Năng Cao,Cao
SP_01028,[Shop Yêu Thích] Củ Sạc Nhanh 65W GaN Type-C Giá Rẻ Mã SP-1028,Điện Thoại & Phụ Kiện,Shop Yêu Thích,Nước Ngoài (Trung Quốc),4479000,40,1,45000,28421,3448,4634,2793,4.21,3147,4.69,70.8,86.6,5.0,5.61,24.62,Trung Bình,Cao
SP_01029,[Shop Thường] Bàn Phím Cơ LED RGB Blue/Red Switch Hot Trend Mã SP-1029,Máy Tính & Laptop,Shop Thường,Cần Thơ,2208000,40,1,30000,6265,520,1372,590,4.3,890,4.73,70.2,98.3,5.5,11.93,26.19,Trung Bình,Cao
SP_01030,[Shop Thường] Băng Quấn Cổ Chân Bảo Vệ Khớp Chống Nước Mã SP-1030,Thể Thao & Du Lịch,Shop Thường,Bình Dương,537000,0,1,22000,26983,3340,2068,288,3.94,1428,4.6,87.6,86.8,5.4,9.57,26.06,Trung Bình,Cao
SP_01031,[Shop Yêu Thích+] Băng Quấn Cổ Chân Bảo Vệ Khớp Giá Rẻ Mã SP-1031,Thể Thao & Du Lịch,Shop Yêu Thích+,Đà Nẵng,432000,40,1,0,1065,115,374,193,4.16,244,4.27,80.9,98.5,5.2,16.72,11.84,Rủi Ro / Kém,Cao
SP_01032,[Shop Yêu Thích+] Áo Thun Unisex Cotton 100% Thế Hệ Mới Mã SP-1032,Thời Trang Nam/Nữ,Shop Yêu Thích+,Cần Thơ,902000,10,0,0,14105,644,1058,183,3.51,596,4.38,96.8,96.3,2.3,16.3,26.98,Rủi Ro / Kém,Cao
SP_01033,[Shop Yêu Thích] Kính Cường Lực 9D Full Màn Siêu Bền Mã SP-1033,Điện Thoại & Phụ Kiện,Shop Yêu Thích,Hà Nội,1271000,20,0,22000,4420,94,1408,140,3.83,883,4.4,70.5,86.1,5.8,4.68,10.73,Rủi Ro / Kém,Cao
SP_01034,[Shop Thường] Xe Đẩy Gấp Gọn Siêu Nhẹ Du Lịch Chống Nước Mã SP-1034,Mẹ & Bé,Shop Thường,TP. Hồ Chí Minh,322000,30,1,15000,2427,242,417,167,4.8,184,4.08,96.4,97.1,2.9,4.49,1.67,Rủi Ro / Kém,Thấp
SP_01035,[Shop Thường] Nước Giặt Xả Hương Nước Hoa Đậm Đặc Nhập Khẩu Mã SP-1035,Bách Hóa Online,Shop Thường,Đồng Nai,150000,25,0,45000,1701,236,381,140,4.62,257,4.2,79.9,98.4,2.0,2.37,2.17,Rủi Ro / Kém,Thấp
SP_01036,[Shop Yêu Thích+] Nước Giặt Xả Hương Nước Hoa Đậm Đặc Chính Hãng Mã SP-1036,Bách Hóa Online,Shop Yêu Thích+,Bình Dương,395000,20,1,0,18375,1470,1675,278,4.72,703,4.71,95.3,96.2,3.3,2.74,3.98,Trung Bình,Thấp
SP_01037,[Shopee Mall] Chuột Không Dây Silent Siêu Nhạy Chống Nước Mã SP-1037,Máy Tính & Laptop,Shopee Mall,Đà Nẵng,3767000,5,1,15000,6729,241,914,575,4.25,642,3.87,84.4,96.1,5.1,7.14,21.14,Trung Bình,Cao
SP_01038,[Shop Yêu Thích] Nước Tẩy Trang Micellar Water Dịu Nhẹ Cao Cấp Mã SP-1038,Mỹ Phẩm & Làm Đẹp,Shop Yêu Thích,TP. Hồ Chí Minh,968000,40,1,22000,19852,1695,2256,1241,4.76,827,4.79,77.8,87.6,5.3,5.98,2.31,Tiềm Năng Cao,Cao
SP_01039,[Shop Yêu Thích+] Hạt Dinh Dưỡng Hạnh Nhân Óc Chó Mix Siêu Bền Mã SP-1039,Bách Hóa Online,Shop Yêu Thích+,Bình Dương,71000,40,1,30000,1513,117,701,82,3.7,234,4.31,76.2,97.4,3.2,14.54,34.11,Rủi Ro / Kém,Cao
SP_01040,[Shop Yêu Thích+] Bánh Quy Bơ Phô Mai Giòn Rụm Thông Minh Mã SP-1040,Bách Hóa Online,Shop Yêu Thích+,Cần Thơ,643000,10,1,45000,6181,505,724,321,4.26,298,4.32,85.7,98.6,3.5,13.85,12.76,Trung Bình,Cao
SP_01041,[Shop Yêu Thích+] Ấm Siêu Tốc 2 Lớp Cách Nhiệt 1.8L Hot Trend Mã SP-1041,Thiết Bị Điện Gia Dụng,Shop Yêu Thích+,TP. Hồ Chí Minh,199000,25,0,45000,12131,470,1121,403,4.41,770,4.93,95.6,89.8,3.6,7.73,8.24,Trung Bình,Trung Bình
SP_01042,[Shopee Mall] Máy Xay Sinh Tố Mini Cầm Tay 6 Lưỡi Giá Rẻ Mã SP-1042,Thiết Bị Điện Gia Dụng,Shopee Mall,Nước Ngoài (Trung Quốc),4030000,50,1,45000,23961,1535,2294,1667,4.25,1484,4.86,93.4,88.6,2.8,16.25,20.88,Trung Bình,Cao
SP_01043,[Shop Yêu Thích] Tã Bỉm Dán Siêu Thấm Hút Ban Đêm Giá Rẻ Mã SP-1043,Mẹ & Bé,Shop Yêu Thích,Hà Nội,209000,0,0,15000,6257,209,1673,175,3.72,755,4.93,82.8,98.1,2.1,11.13,19.42,Rủi Ro / Kém,Cao
SP_01044,[Shop Yêu Thích+] Đèn Bàn Học LED Chống Cận Thị Nhập Khẩu Mã SP-1044,Nhà Cửa & Đời Sống,Shop Yêu Thích+,Cần Thơ,141000,20,0,45000,15248,369,1109,435,4.33,761,4.28,87.5,85.1,5.5,6.71,32.26,Trung Bình,Cao
SP_01045,[Shopee Mall] Khăn Ướt Kháng Khuẩn Không Mùi Siêu Bền Mã SP-1045,Mẹ & Bé,Shopee Mall,Nước Ngoài (Trung Quốc),122000,20,1,30000,33070,921,5421,1163,4.74,3554,4.12,76.5,85.3,6.5,3.7,1.37,Tiềm Năng Cao,Cao
SP_01046,[Shopee Mall] Váy Nữ Dáng Xòe Vintage Cao Cấp Mã SP-1046,Thời Trang Nam/Nữ,Shopee Mall,Đồng Nai,357000,60,1,15000,14851,1182,1427,495,4.12,497,4.05,74.8,97.0,2.9,10.43,34.43,Trung Bình,Cao
SP_01047,[Shopee Mall] Giày Sneaker Thể Thao Trắng Hot Trend Mã SP-1047,Thời Trang Nam/Nữ,Shopee Mall,Bình Dương,818000,30,1,22000,4478,293,1280,362,3.73,746,4.11,88.1,88.2,2.1,14.16,34.77,Rủi Ro / Kém,Cao
SP_01048,[Shop Yêu Thích] Lót Chuột Gaming Khổ Lớn 80x30cm Chính Hãng Mã SP-1048,Máy Tính & Laptop,Shop Yêu Thích,Cần Thơ,1115000,30,1,15000,870,127,362,35,3.57,217,4.22,89.4,91.7,5.6,10.58,12.49,Rủi Ro / Kém,Cao
SP_01049,[Shop Thường] Hộp Cơm Cắm Điện Hâm Nóng Tự Động Hot Trend Mã SP-1049,Nhà Cửa & Đời Sống,Shop Thường,Hà Nội,296000,60,1,45000,31114,624,7046,1884,4.18,4227,4.25,92.6,99.7,5.7,4.31,9.2,Trung Bình,Trung Bình
SP_01050,[Shopee Mall] Kính Cường Lực 9D Full Màn Thông Minh Mã SP-1050,Điện Thoại & Phụ Kiện,Shopee Mall,TP. Hồ Chí Minh,1509000,10,0,22000,822,110,93,18,4.92,53,4.73,87.5,98.5,2.4,1.76,4.81,Rủi Ro / Kém,Thấp
SP_01051,[Shop Yêu Thích] Serum Phục Hồi Da B5 Dưỡng Ẩm Sâu Cao Cấp Mã SP-1051,Mỹ Phẩm & Làm Đẹp,Shop Yêu Thích,Bình Dương,309000,25,1,15000,31655,3947,3385,989,4.86,1326,4.77,79.9,90.0,5.1,7.68,1.52,Tiềm Năng Cao,Trung Bình
SP_01052,[Shop Yêu Thích+] Túi Trống Thể Thao Tập Gym Du Lịch Siêu Bền Mã SP-1052,Thể Thao & Du Lịch,Shop Yêu Thích+,Cần Thơ,238000,60,1,15000,11791,1577,1253,172,3.87,594,4.71,86.1,85.1,3.2,14.83,22.54,Rủi Ro / Kém,Cao
SP_01053,[Shop Yêu Thích+] Kem Chống Nắng Kiềm Dầu SPF50+ Thông Minh Mã SP-1053,Mỹ Phẩm & Làm Đẹp,Shop Yêu Thích+,Bình Dương,829000,20,1,45000,42469,4997,5418,4050,4.67,1920,3.87,74.3,85.8,6.3,3.71,0.84,Tiềm Năng Cao,Cao
SP_01054,[Shop Yêu Thích+] Bộ Cây Lau Nhà Tự Vắt 360 Độ Chống Nước Mã SP-1054,Nhà Cửa & Đời Sống,Shop Yêu Thích+,TP. Hồ Chí Minh,188000,5,0,30000,24550,1346,1352,561,4.66,595,4.02,72.9,99.6,2.2,3.66,0.84,Tiềm Năng Cao,Thấp
SP_01055,[Shop Yêu Thích] Ốp Lưng Chống Sốc Trong Suốt Chống Nước Mã SP-1055,Điện Thoại & Phụ Kiện,Shop Yêu Thích,Nước Ngoài (Trung Quốc),3433000,10,0,22000,93232,12203,15923,1198,3.73,5437,4.37,91.0,98.4,6.0,10.17,20.11,Rủi Ro / Kém,Cao
SP_01056,[Shop Yêu Thích] Kem Chống Nắng Kiềm Dầu SPF50+ Cao Cấp Mã SP-1056,Mỹ Phẩm & Làm Đẹp,Shop Yêu Thích,Đồng Nai,734000,50,1,22000,6978,194,528,49,3.71,345,4.18,79.5,90.2,2.9,14.44,11.77,Rủi Ro / Kém,Cao
SP_01057,[Shopee Mall] Cáp Sạc Nhanh Tự Ngắt Bọc Dù Hot Trend Mã SP-1057,Điện Thoại & Phụ Kiện,Shopee Mall,Nước Ngoài (Trung Quốc),4388000,40,1,30000,22362,853,3038,1378,4.19,1961,4.9,72.8,87.3,4.2,14.27,14.87,Trung Bình,Cao
SP_01058,[Shop Yêu Thích] Quạt Cây Đứng Điều Khiển Từ Xa Chính Hãng Mã SP-1058,Thiết Bị Điện Gia Dụng,Shop Yêu Thích,Nước Ngoài (Trung Quốc),210000,20,0,30000,8210,840,1855,809,4.15,1214,4.39,87.7,96.2,6.4,10.23,10.57,Trung Bình,Cao
SP_01059,[Shop Thường] Quần Jean Baggy Form Rộng Chống Nước Mã SP-1059,Thời Trang Nam/Nữ,Shop Thường,Cần Thơ,792000,50,1,22000,10305,1389,1332,324,3.91,685,4.95,92.2,87.8,2.4,15.24,26.89,Trung Bình,Cao
SP_01060,[Shop Yêu Thích] Hạt Dinh Dưỡng Hạnh Nhân Óc Chó Mix Thế Hệ Mới Mã SP-1060,Bách Hóa Online,Shop Yêu Thích,TP. Hồ Chí Minh,43000,50,1,22000,15312,1469,1192,418,3.69,666,4.28,81.2,89.7,5.4,9.68,23.0,Rủi Ro / Kém,Cao
SP_01061,[Shopee Mall] Giá Đỡ Laptop Nhôm Tản Nhiệt Gấp Gọn Cao Cấp Mã SP-1061,Máy Tính & Laptop,Shopee Mall,TP. Hồ Chí Minh,1652000,25,0,30000,31533,1859,2359,391,4.82,1430,4.0,89.4,98.0,2.0,8.07,4.07,Tiềm Năng Cao,Trung Bình
SP_01062,[Shop Yêu Thích] Bình Giữ Nhiệt Inox 304 800ml Đa Năng Mã SP-1062,Nhà Cửa & Đời Sống,Shop Yêu Thích,Đà Nẵng,633000,0,0,45000,62605,2637,11461,1685,4.13,5270,4.64,94.9,88.9,3.2,16.17,34.0,Trung Bình,Cao
SP_01063,[Shopee Mall] Tã Bỉm Dán Siêu Thấm Hút Ban Đêm Thông Minh Mã SP-1063,Mẹ & Bé,Shopee Mall,Hà Nội,513000,20,0,0,22432,594,4728,836,4.42,2124,4.66,88.6,88.0,2.2,8.32,20.52,Tiềm Năng Cao,Cao
SP_01064,[Shopee Mall] Son Kem Lì Mịn Môi Lâu Trôi Cao Cấp Mã SP-1064,Mỹ Phẩm & Làm Đẹp,Shopee Mall,TP. Hồ Chí Minh,488000,0,0,15000,8613,530,856,362,4.49,518,4.35,71.6,97.3,6.4,16.62,18.55,Trung Bình,Cao
SP_01065,[Shopee Mall] Băng Quấn Cổ Chân Bảo Vệ Khớp Cao Cấp Mã SP-1065,Thể Thao & Du Lịch,Shopee Mall,Đồng Nai,611000,25,1,15000,8706,677,1161,884,4.14,448,4.04,75.9,97.8,3.6,4.18,33.3,Trung Bình,Cao
SP_01066,[Shop Thường] Hộp Cơm Cắm Điện Hâm Nóng Tự Động Chính Hãng Mã SP-1066,Nhà Cửa & Đời Sống,Shop Thường,Nước Ngoài (Trung Quốc),331000,10,0,0,20567,2596,1536,103,3.91,575,4.27,96.8,92.0,4.1,10.91,19.35,Trung Bình,Cao
SP_01067,[Shop Yêu Thích+] Áo Khoác Bomber Chống Gió Hot Trend Mã SP-1067,Thời Trang Nam/Nữ,Shop Yêu Thích+,Đà Nẵng,677000,20,1,0,4592,574,1064,410,4.82,512,4.78,95.1,99.8,4.0,5.42,1.35,Trung Bình,Trung Bình
SP_01068,[Shop Yêu Thích+] Chuột Không Dây Silent Siêu Nhạy Thông Minh Mã SP-1068,Máy Tính & Laptop,Shop Yêu Thích+,TP. Hồ Chí Minh,1945000,40,1,22000,2256,270,298,52,3.9,189,4.12,81.7,92.4,2.8,12.27,34.93,Rủi Ro / Kém,Cao
SP_01069,[Shop Yêu Thích+] Ấm Siêu Tốc 2 Lớp Cách Nhiệt 1.8L Siêu Bền Mã SP-1069,Thiết Bị Điện Gia Dụng,Shop Yêu Thích+,Đà Nẵng,1996000,30,1,15000,7068,399,1050,576,4.35,431,4.3,99.4,94.7,1.5,8.91,21.52,Trung Bình,Cao
SP_01070,[Shop Yêu Thích] Máy Xay Sinh Tố Mini Cầm Tay 6 Lưỡi Đa Năng Mã SP-1070,Thiết Bị Điện Gia Dụng,Shop Yêu Thích,Cần Thơ,898000,30,1,22000,5579,549,1218,552,4.67,630,4.08,82.8,88.9,3.0,7.27,3.36,Trung Bình,Trung Bình
SP_01071,[Shop Thường] Cáp Sạc Nhanh Tự Ngắt Bọc Dù Hot Trend Mã SP-1071,Điện Thoại & Phụ Kiện,Shop Thường,Bình Dương,4288000,50,1,22000,5771,412,936,700,4.19,646,4.13,82.5,90.2,6.0,16.31,11.55,Trung Bình,Cao
SP_01072,[Shopee Mall] Son Kem Lì Mịn Môi Lâu Trôi Siêu Bền Mã SP-1072,Mỹ Phẩm & Làm Đẹp,Shopee Mall,Đà Nẵng,435000,20,0,0,4490,525,1188,143,4.72,576,4.42,75.0,98.7,5.7,0.59,2.83,Trung Bình,Thấp
SP_01073,[Shop Thường] Áo Khoác Bomber Chống Gió Siêu Bền Mã SP-1073,Thời Trang Nam/Nữ,Shop Thường,Bình Dương,79000,20,0,22000,1145,27,386,133,4.82,189,4.29,87.8,98.5,2.7,0.72,2.67,Rủi Ro / Kém,Thấp
SP_01074,[Shop Thường] Kem Chống Nắng Kiềm Dầu SPF50+ Thế Hệ Mới Mã SP-1074,Mỹ Phẩm & Làm Đẹp,Shop Thường,Đà Nẵng,776000,5,0,15000,770,56,644,77,3.78,270,4.02,70.5,86.2,4.1,11.37,21.69,Rủi Ro / Kém,Cao
SP_01075,[Shopee Mall] Nước Tẩy Trang Micellar Water Dịu Nhẹ Chống Nước Mã SP-1075,Mỹ Phẩm & Làm Đẹp,Shopee Mall,Đà Nẵng,455000,40,1,15000,66499,7206,4742,1352,3.81,2383,4.49,82.0,92.1,5.2,8.57,34.84,Rủi Ro / Kém,Cao
SP_01076,[Shop Yêu Thích] Váy Nữ Dáng Xòe Vintage Nhập Khẩu Mã SP-1076,Thời Trang Nam/Nữ,Shop Yêu Thích,Hà Nội,201000,5,0,0,8873,664,1681,488,4.78,779,4.11,70.9,95.7,3.5,1.99,0.78,Trung Bình,Thấp
SP_01077,[Shopee Mall] Tã Bỉm Dán Siêu Thấm Hút Ban Đêm Nhập Khẩu Mã SP-1077,Mẹ & Bé,Shopee Mall,Nước Ngoài (Trung Quốc),510000,15,0,45000,7775,669,1640,735,4.65,1032,4.5,84.7,98.8,4.3,3.85,1.95,Trung Bình,Thấp
SP_01078,[Shopee Mall] Serum Phục Hồi Da B5 Dưỡng Ẩm Sâu Giá Rẻ Mã SP-1078,Mỹ Phẩm & Làm Đẹp,Shopee Mall,Đà Nẵng,527000,0,0,22000,17574,1693,1252,175,3.76,676,4.53,89.9,95.2,6.4,5.26,28.82,Rủi Ro / Kém,Cao
SP_01079,[Shopee Mall] Bộ Cây Lau Nhà Tự Vắt 360 Độ Cao Cấp Mã SP-1079,Nhà Cửa & Đời Sống,Shopee Mall,Đà Nẵng,314000,25,0,45000,4193,625,720,227,4.17,457,4.97,70.1,91.5,2.8,12.81,12.38,Trung Bình,Cao
SP_01080,[Shop Yêu Thích+] Nước Tẩy Trang Micellar Water Dịu Nhẹ Siêu Bền Mã SP-1080,Mỹ Phẩm & Làm Đẹp,Shop Yêu Thích+,Cần Thơ,733000,15,0,15000,45424,5762,2496,720,4.54,1167,4.74,97.8,92.4,3.4,3.52,3.38,Tiềm Năng Cao,Thấp
SP_01081,[Shopee Mall] Kem Chống Nắng Kiềm Dầu SPF50+ Chống Nước Mã SP-1081,Mỹ Phẩm & Làm Đẹp,Shopee Mall,TP. Hồ Chí Minh,164000,30,1,22000,23650,2694,1892,860,4.37,573,4.86,93.2,98.9,2.1,4.79,24.18,Trung Bình,Cao
SP_01082,[Shop Thường] Bộ Đồ Chơi Xếp Hình Gỗ Trí Uẩn Cao Cấp Mã SP-1082,Mẹ & Bé,Shop Thường,Nước Ngoài (Trung Quốc),74000,15,1,45000,1904,252,658,146,4.46,245,3.84,86.5,99.0,4.8,15.17,30.49,Rủi Ro / Kém,Cao
SP_01083,[Shopee Mall] Băng Quấn Cổ Chân Bảo Vệ Khớp Cao Cấp Mã SP-1083,Thể Thao & Du Lịch,Shopee Mall,Bình Dương,493000,10,0,45000,8608,377,1816,356,4.93,604,4.96,82.7,93.0,4.5,1.4,3.2,Trung Bình,Thấp
SP_01084,[Shop Thường] Tai Nghe Bluetooth True Wireless Chống Ồn Giá Rẻ Mã SP-1084,Điện Thoại & Phụ Kiện,Shop Thường,Nước Ngoài (Trung Quốc),3360000,10,1,0,32194,1648,1855,1210,4.76,1299,4.44,90.2,91.2,5.9,2.74,1.48,Tiềm Năng Cao,Thấp
SP_01085,[Shop Yêu Thích+] Tã Bỉm Dán Siêu Thấm Hút Ban Đêm Đa Năng Mã SP-1085,Mẹ & Bé,Shop Yêu Thích+,TP. Hồ Chí Minh,559000,40,1,0,43933,5141,9637,1996,3.52,5431,3.9,82.2,90.5,1.6,5.31,33.0,Rủi Ro / Kém,Cao
SP_01086,[Shopee Mall] Trà Xanh Thái Nguyên Thượng Hạng Hot Trend Mã SP-1086,Bách Hóa Online,Shopee Mall,Cần Thơ,212000,50,1,22000,9949,1254,1976,1166,4.11,952,4.48,92.6,87.0,2.7,8.61,30.8,Trung Bình,Cao
SP_01087,[Shop Yêu Thích+] Bình Giữ Nhiệt Inox 304 800ml Chống Nước Mã SP-1087,Nhà Cửa & Đời Sống,Shop Yêu Thích+,Đồng Nai,252000,30,1,22000,14755,1317,2067,477,3.62,638,4.4,82.0,88.6,5.0,16.19,32.27,Rủi Ro / Kém,Cao
SP_01088,[Shop Thường] Chuột Không Dây Silent Siêu Nhạy Chống Nước Mã SP-1088,Máy Tính & Laptop,Shop Thường,Đồng Nai,4232000,15,0,22000,3241,128,313,56,4.1,103,4.93,83.9,91.0,5.4,18.07,19.01,Rủi Ro / Kém,Cao
SP_01089,[Shop Yêu Thích+] Tai Nghe Bluetooth True Wireless Chống Ồn Chống Nước Mã SP-1089,Điện Thoại & Phụ Kiện,Shop Yêu Thích+,TP. Hồ Chí Minh,4119000,10,1,0,71441,6299,5263,885,3.78,2391,4.94,99.0,90.9,6.2,12.25,19.02,Rủi Ro / Kém,Cao
SP_01090,[Shop Yêu Thích] Máy Xay Sinh Tố Mini Cầm Tay 6 Lưỡi Nhập Khẩu Mã SP-1090,Thiết Bị Điện Gia Dụng,Shop Yêu Thích,TP. Hồ Chí Minh,2181000,15,0,45000,4453,320,1010,276,4.8,554,4.68,93.4,90.5,1.6,1.47,1.65,Trung Bình,Thấp
SP_01091,[Shop Yêu Thích] Giày Sneaker Thể Thao Trắng Đa Năng Mã SP-1091,Thời Trang Nam/Nữ,Shop Yêu Thích,TP. Hồ Chí Minh,156000,25,1,45000,43400,4250,2853,911,4.96,1884,4.7,71.5,89.3,6.4,6.09,4.68,Tiềm Năng Cao,Trung Bình
SP_01092,[Shopee Mall] Cáp Sạc Nhanh Tự Ngắt Bọc Dù Hot Trend Mã SP-1092,Điện Thoại & Phụ Kiện,Shopee Mall,Cần Thơ,2478000,60,1,0,16232,755,3647,653,3.68,2329,4.06,71.0,92.0,4.6,10.3,16.84,Rủi Ro / Kém,Cao
SP_01093,[Shop Yêu Thích] Bộ Đồ Chơi Xếp Hình Gỗ Trí Uẩn Thông Minh Mã SP-1093,Mẹ & Bé,Shop Yêu Thích,Đồng Nai,328000,0,0,15000,14537,927,1479,252,3.77,1036,3.87,98.3,91.3,2.0,17.68,23.08,Rủi Ro / Kém,Cao
SP_01094,[Shopee Mall] Tã Bỉm Dán Siêu Thấm Hút Ban Đêm Nhập Khẩu Mã SP-1094,Mẹ & Bé,Shopee Mall,Nước Ngoài (Trung Quốc),403000,30,1,45000,11282,920,1574,457,3.51,734,3.96,85.8,86.5,4.4,18.18,12.13,Rủi Ro / Kém,Cao
SP_01095,[Shop Yêu Thích] Bình Giữ Nhiệt Inox 304 800ml Đa Năng Mã SP-1095,Nhà Cửa & Đời Sống,Shop Yêu Thích,Bình Dương,339000,40,1,22000,4433,218,312,61,3.75,204,3.94,71.6,86.4,4.0,6.85,12.58,Rủi Ro / Kém,Cao
SP_01096,[Shop Thường] Nồi Chiên Không Dầu Điện Tử 6.5L Hot Trend Mã SP-1096,Thiết Bị Điện Gia Dụng,Shop Thường,Nước Ngoài (Trung Quốc),855000,60,1,15000,3413,216,1006,238,3.72,544,4.96,75.8,92.6,3.8,6.75,27.76,Rủi Ro / Kém,Cao
SP_01097,[Shop Thường] Hộp Cơm Cắm Điện Hâm Nóng Tự Động Đa Năng Mã SP-1097,Nhà Cửa & Đời Sống,Shop Thường,Bình Dương,318000,50,1,45000,4236,322,1040,247,3.91,639,3.8,72.0,89.7,6.3,4.07,30.6,Trung Bình,Cao
SP_01098,[Shopee Mall] Nồi Chiên Không Dầu Điện Tử 6.5L Nhập Khẩu Mã SP-1098,Thiết Bị Điện Gia Dụng,Shopee Mall,Nước Ngoài (Trung Quốc),4010000,0,0,45000,3595,113,1003,158,4.96,521,4.82,78.0,90.1,3.4,8.27,0.67,Trung Bình,Trung Bình
SP_01099,[Shopee Mall] Kính Cường Lực 9D Full Màn Chống Nước Mã SP-1099,Điện Thoại & Phụ Kiện,Shopee Mall,Cần Thơ,2970000,25,0,0,23183,1430,5098,993,4.71,3167,4.67,81.0,90.8,4.5,1.44,2.29,Tiềm Năng Cao,Thấp
SP_01100,[Shopee Mall] Bánh Quy Bơ Phô Mai Giòn Rụm Cao Cấp Mã SP-1100,Bách Hóa Online,Shopee Mall,Cần Thơ,316000,0,0,0,6964,421,1054,188,3.98,426,4.66,91.4,98.7,2.2,5.18,22.57,Trung Bình,Cao
SP_01101,[Shop Thường] Nước Tẩy Trang Micellar Water Dịu Nhẹ Thế Hệ Mới Mã SP-1101,Mỹ Phẩm & Làm Đẹp,Shop Thường,Đà Nẵng,846000,10,0,0,1393,176,571,246,4.06,319,4.09,70.6,95.3,3.7,11.84,12.09,Rủi Ro / Kém,Cao
SP_01102,[Shopee Mall] Lót Chuột Gaming Khổ Lớn 80x30cm Chống Nước Mã SP-1102,Máy Tính & Laptop,Shopee Mall,Hà Nội,3280000,20,0,45000,52656,2673,10007,680,3.81,6739,4.05,84.1,94.0,2.8,4.3,32.51,Rủi Ro / Kém,Cao
SP_01103,[Shop Thường] Xe Đẩy Gấp Gọn Siêu Nhẹ Du Lịch Cao Cấp Mã SP-1103,Mẹ & Bé,Shop Thường,TP. Hồ Chí Minh,68000,60,1,15000,32784,1156,6084,3433,4.52,3516,3.85,78.5,98.1,2.6,1.24,3.56,Tiềm Năng Cao,Thấp
SP_01104,[Shopee Mall] Xe Đẩy Gấp Gọn Siêu Nhẹ Du Lịch Chính Hãng Mã SP-1104,Mẹ & Bé,Shopee Mall,TP. Hồ Chí Minh,368000,50,1,22000,39914,2577,8358,1943,4.34,4498,4.46,78.9,91.0,3.8,13.91,34.67,Trung Bình,Cao
SP_01105,[Shop Thường] Váy Nữ Dáng Xòe Vintage Hot Trend Mã SP-1105,Thời Trang Nam/Nữ,Shop Thường,Nước Ngoài (Trung Quốc),753000,0,0,22000,79700,6569,15047,721,3.92,7720,4.24,93.2,98.2,6.1,16.98,10.16,Trung Bình,Cao
SP_01106,[Shopee Mall] Cáp Sạc Nhanh Tự Ngắt Bọc Dù Thế Hệ Mới Mã SP-1106,Điện Thoại & Phụ Kiện,Shopee Mall,TP. Hồ Chí Minh,2926000,15,0,30000,3365,236,859,208,4.23,347,4.85,87.3,95.4,6.1,9.27,34.36,Trung Bình,Cao
SP_01107,[Shop Yêu Thích+] Bình Sữa Cổ Rộng Chống Sặc PPSU Siêu Bền Mã SP-1107,Mẹ & Bé,Shop Yêu Thích+,Hà Nội,41000,10,0,45000,8068,1112,1193,102,3.51,750,4.89,71.2,90.8,3.5,10.29,8.23,Rủi Ro / Kém,Cao
SP_01108,[Shop Thường] Lót Chuột Gaming Khổ Lớn 80x30cm Chính Hãng Mã SP-1108,Máy Tính & Laptop,Shop Thường,Cần Thơ,2328000,0,0,45000,21797,2098,3588,432,4.79,2144,3.94,74.3,94.5,2.2,5.37,2.03,Trung Bình,Trung Bình
SP_01109,[Shop Thường] Son Kem Lì Mịn Môi Lâu Trôi Chống Nước Mã SP-1109,Mỹ Phẩm & Làm Đẹp,Shop Thường,Đà Nẵng,771000,60,1,22000,18361,1916,1514,128,3.67,782,4.08,95.9,85.6,3.8,17.3,33.58,Rủi Ro / Kém,Cao
SP_01110,[Shop Yêu Thích] Ấm Siêu Tốc 2 Lớp Cách Nhiệt 1.8L Đa Năng Mã SP-1110,Thiết Bị Điện Gia Dụng,Shop Yêu Thích,Đồng Nai,509000,25,0,45000,3006,171,581,30,3.92,308,4.96,73.6,94.3,4.2,9.64,24.99,Rủi Ro / Kém,Cao
SP_01111,[Shop Yêu Thích+] Sữa Rửa Mặt Dịu Nhẹ Cho Da Dầu Mụn Đa Năng Mã SP-1111,Mỹ Phẩm & Làm Đẹp,Shop Yêu Thích+,TP. Hồ Chí Minh,466000,30,1,15000,25878,2824,1888,802,4.4,1099,4.84,77.0,90.6,5.6,5.49,19.34,Tiềm Năng Cao,Cao
SP_01112,[Shopee Mall] Bộ Cây Lau Nhà Tự Vắt 360 Độ Thế Hệ Mới Mã SP-1112,Nhà Cửa & Đời Sống,Shopee Mall,Bình Dương,483000,0,0,15000,4312,313,443,168,4.85,149,4.71,70.8,92.5,3.4,2.09,0.52,Trung Bình,Thấp
SP_01113,[Shop Thường] Kem Chống Nắng Kiềm Dầu SPF50+ Thế Hệ Mới Mã SP-1113,Mỹ Phẩm & Làm Đẹp,Shop Thường,Đà Nẵng,887000,5,0,0,4300,120,390,80,4.16,154,4.22,79.2,93.7,4.3,4.82,18.14,Rủi Ro / Kém,Cao
SP_01114,[Shop Yêu Thích+] Máy Hút Bụi Cầm Tay Không Dây Siêu Hút Chính Hãng Mã SP-1114,Thiết Bị Điện Gia Dụng,Shop Yêu Thích+,TP. Hồ Chí Minh,3980000,60,1,0,12049,1137,2708,1559,4.19,1440,4.18,98.9,90.9,6.2,16.29,18.92,Trung Bình,Cao
SP_01115,[Shopee Mall] Bộ Đồ Chơi Xếp Hình Gỗ Trí Uẩn Thế Hệ Mới Mã SP-1115,Mẹ & Bé,Shopee Mall,Bình Dương,592000,15,1,22000,13981,1419,2352,894,4.24,1356,4.66,75.6,85.7,2.7,14.82,20.91,Trung Bình,Cao
SP_01116,[Shop Yêu Thích] Kính Cường Lực 9D Full Màn Đa Năng Mã SP-1116,Điện Thoại & Phụ Kiện,Shop Yêu Thích,Nước Ngoài (Trung Quốc),198000,5,0,15000,13515,1129,1495,577,4.04,866,3.83,84.4,93.9,5.4,5.93,23.27,Trung Bình,Cao
SP_01117,[Shopee Mall] Bộ Đồ Chơi Xếp Hình Gỗ Trí Uẩn Đa Năng Mã SP-1117,Mẹ & Bé,Shopee Mall,Cần Thơ,215000,50,1,15000,1939,244,924,661,4.64,599,4.19,77.7,94.7,3.7,7.85,3.3,Trung Bình,Trung Bình
SP_01118,[Shop Yêu Thích+] Bàn Phím Cơ LED RGB Blue/Red Switch Siêu Bền Mã SP-1118,Máy Tính & Laptop,Shop Yêu Thích+,Đồng Nai,1302000,0,1,15000,31989,3503,1186,224,3.64,739,3.83,78.8,92.6,2.6,8.31,25.82,Rủi Ro / Kém,Cao
SP_01119,[Shopee Mall] Bình Nước Thể Thao 2 Lít Có Vạch Chia Nhập Khẩu Mã SP-1119,Thể Thao & Du Lịch,Shopee Mall,Hà Nội,519000,25,0,0,5130,330,1204,202,3.9,579,4.19,90.7,91.5,4.6,6.93,33.9,Trung Bình,Cao
SP_01120,[Shop Yêu Thích+] Áo Thun Unisex Cotton 100% Thế Hệ Mới Mã SP-1120,Thời Trang Nam/Nữ,Shop Yêu Thích+,Hà Nội,310000,15,0,15000,2580,261,996,144,4.15,482,4.73,76.1,91.9,1.9,16.86,21.67,Rủi Ro / Kém,Cao
SP_01121,[Shop Thường] Xe Đẩy Gấp Gọn Siêu Nhẹ Du Lịch Đa Năng Mã SP-1121,Mẹ & Bé,Shop Thường,Nước Ngoài (Trung Quốc),53000,40,1,0,33439,1703,7051,3226,4.04,3540,4.05,88.9,89.5,1.9,15.95,25.29,Trung Bình,Cao
SP_01122,[Shop Thường] Bình Giữ Nhiệt Inox 304 800ml Thông Minh Mã SP-1122,Nhà Cửa & Đời Sống,Shop Thường,Cần Thơ,301000,0,0,30000,47235,4053,6089,902,4.64,3217,4.37,97.8,85.0,5.7,0.61,0.68,Tiềm Năng Cao,Cao
SP_01123,[Shop Yêu Thích+] Tã Bỉm Dán Siêu Thấm Hút Ban Đêm Siêu Bền Mã SP-1123,Mẹ & Bé,Shop Yêu Thích+,Nước Ngoài (Trung Quốc),438000,20,0,0,30221,1842,4445,769,4.17,2267,4.14,87.6,88.2,5.4,13.85,28.21,Trung Bình,Cao
SP_01124,[Shopee Mall] Băng Quấn Cổ Chân Bảo Vệ Khớp Nhập Khẩu Mã SP-1124,Thể Thao & Du Lịch,Shopee Mall,TP. Hồ Chí Minh,288000,60,1,45000,25372,2553,2689,438,4.38,1566,4.31,74.3,94.8,3.6,16.65,16.01,Trung Bình,Cao
SP_01125,[Shop Yêu Thích+] Bàn Phím Cơ LED RGB Blue/Red Switch Nhập Khẩu Mã SP-1125,Máy Tính & Laptop,Shop Yêu Thích+,Hà Nội,3271000,5,1,15000,16473,2330,2771,726,4.38,951,4.66,86.9,94.1,3.2,7.65,8.11,Trung Bình,Trung Bình
SP_01126,[Shop Yêu Thích] Hub Chuyển Đổi Type-C 7 in 1 Thế Hệ Mới Mã SP-1126,Máy Tính & Laptop,Shop Yêu Thích,Nước Ngoài (Trung Quốc),1276000,15,0,45000,12506,1059,1315,223,3.96,484,4.64,83.8,90.9,4.0,11.13,30.88,Trung Bình,Cao
SP_01127,[Shop Yêu Thích] Túi Trống Thể Thao Tập Gym Du Lịch Thông Minh Mã SP-1127,Thể Thao & Du Lịch,Shop Yêu Thích,Đà Nẵng,234000,40,1,45000,1865,51,769,253,4.47,250,4.57,99.6,95.3,2.5,14.49,23.54,Trung Bình,Cao
SP_01128,[Shop Yêu Thích+] Bộ Đồ Chơi Xếp Hình Gỗ Trí Uẩn Giá Rẻ Mã SP-1128,Mẹ & Bé,Shop Yêu Thích+,TP. Hồ Chí Minh,425000,0,0,22000,8375,846,1713,403,4.53,1124,4.42,99.1,93.0,5.8,7.36,2.5,Trung Bình,Trung Bình
SP_01129,[Shopee Mall] Bình Sữa Cổ Rộng Chống Sặc PPSU Cao Cấp Mã SP-1129,Mẹ & Bé,Shopee Mall,Đà Nẵng,612000,10,0,30000,7494,557,985,140,3.51,570,4.28,78.3,91.0,4.0,17.44,33.57,Rủi Ro / Kém,Cao
SP_01130,[Shop Yêu Thích+] Ấm Siêu Tốc 2 Lớp Cách Nhiệt 1.8L Giá Rẻ Mã SP-1130,Thiết Bị Điện Gia Dụng,Shop Yêu Thích+,Đà Nẵng,968000,10,0,30000,5011,351,918,137,3.51,432,4.13,74.0,92.9,4.9,9.18,19.2,Rủi Ro / Kém,Cao
SP_01131,[Shop Yêu Thích] Hộp Cơm Cắm Điện Hâm Nóng Tự Động Chính Hãng Mã SP-1131,Nhà Cửa & Đời Sống,Shop Yêu Thích,Nước Ngoài (Trung Quốc),204000,20,0,22000,19778,1968,4664,701,4.27,2986,3.88,85.9,88.0,6.1,18.47,8.46,Trung Bình,Cao
SP_01132,[Shopee Mall] Sữa Rửa Mặt Dịu Nhẹ Cho Da Dầu Mụn Giá Rẻ Mã SP-1132,Mỹ Phẩm & Làm Đẹp,Shopee Mall,Đồng Nai,806000,5,0,15000,10773,1086,2389,146,3.57,924,4.29,71.8,94.5,1.7,14.06,27.75,Rủi Ro / Kém,Cao
SP_01133,[Shop Yêu Thích+] Bình Nước Thể Thao 2 Lít Có Vạch Chia Cao Cấp Mã SP-1133,Thể Thao & Du Lịch,Shop Yêu Thích+,TP. Hồ Chí Minh,95000,15,0,45000,1767,181,626,193,4.66,410,3.81,96.9,98.6,5.9,1.58,1.73,Trung Bình,Thấp
SP_01134,[Shop Yêu Thích] Băng Quấn Cổ Chân Bảo Vệ Khớp Chính Hãng Mã SP-1134,Thể Thao & Du Lịch,Shop Yêu Thích,Cần Thơ,396000,30,1,45000,4230,259,280,49,3.52,173,4.12,99.6,92.3,6.4,4.21,16.69,Rủi Ro / Kém,Cao
SP_01135,[Shopee Mall] Nước Tẩy Trang Micellar Water Dịu Nhẹ Đa Năng Mã SP-1135,Mỹ Phẩm & Làm Đẹp,Shopee Mall,Đồng Nai,968000,25,0,45000,17745,1351,1515,284,4.49,548,3.85,95.7,97.9,5.5,18.06,17.55,Trung Bình,Cao
SP_01136,[Shop Yêu Thích+] Giá Đỡ Laptop Nhôm Tản Nhiệt Gấp Gọn Siêu Bền Mã SP-1136,Máy Tính & Laptop,Shop Yêu Thích+,Đồng Nai,293000,40,1,15000,1687,83,494,112,3.73,258,4.81,88.3,91.8,6.3,5.65,16.34,Rủi Ro / Kém,Cao
SP_01137,[Shop Yêu Thích] Bộ Đồ Chơi Xếp Hình Gỗ Trí Uẩn Siêu Bền Mã SP-1137,Mẹ & Bé,Shop Yêu Thích,Bình Dương,231000,0,0,15000,29077,3005,6827,764,3.98,4613,4.81,82.6,86.6,2.7,15.11,12.54,Trung Bình,Cao
SP_01138,[Shop Thường] Váy Nữ Dáng Xòe Vintage Siêu Bền Mã SP-1138,Thời Trang Nam/Nữ,Shop Thường,Cần Thơ,792000,60,1,22000,10752,886,2634,773,4.13,997,4.0,82.1,85.0,5.7,7.1,34.1,Trung Bình,Cao
SP_01139,[Shopee Mall] Cáp Sạc Nhanh Tự Ngắt Bọc Dù Chính Hãng Mã SP-1139,Điện Thoại & Phụ Kiện,Shopee Mall,Cần Thơ,3989000,50,1,45000,10325,1396,2609,902,4.67,1437,3.98,70.7,93.8,3.6,1.72,1.1,Tiềm Năng Cao,Thấp
SP_01140,[Shopee Mall] Bàn Phím Cơ LED RGB Blue/Red Switch Giá Rẻ Mã SP-1140,Máy Tính & Laptop,Shopee Mall,Cần Thơ,3838000,60,1,45000,13962,554,1195,292,3.54,380,4.94,92.9,97.0,3.6,15.95,31.57,Rủi Ro / Kém,Cao
SP_01141,[Shop Yêu Thích+] Dây Nhảy Thể Lực Lõi Thép Chống Rối Cao Cấp Mã SP-1141,Thể Thao & Du Lịch,Shop Yêu Thích+,Bình Dương,502000,40,1,45000,26617,2702,3669,456,3.89,1875,4.19,96.4,99.6,4.2,13.05,9.07,Rủi Ro / Kém,Cao
SP_01142,[Shopee Mall] Son Kem Lì Mịn Môi Lâu Trôi Siêu Bền Mã SP-1142,Mỹ Phẩm & Làm Đẹp,Shopee Mall,Bình Dương,420000,60,1,0,6911,639,938,830,4.4,521,4.18,94.8,87.5,2.6,7.82,21.82,Trung Bình,Cao
SP_01143,[Shop Yêu Thích] Nước Tẩy Trang Micellar Water Dịu Nhẹ Cao Cấp Mã SP-1143,Mỹ Phẩm & Làm Đẹp,Shop Yêu Thích,TP. Hồ Chí Minh,76000,40,1,30000,17498,1257,1011,346,3.86,552,3.9,80.0,94.4,1.9,16.74,22.76,Rủi Ro / Kém,Cao
SP_01144,[Shopee Mall] Túi Trống Thể Thao Tập Gym Du Lịch Thế Hệ Mới Mã SP-1144,Thể Thao & Du Lịch,Shopee Mall,Đồng Nai,548000,10,0,0,13011,1808,1900,755,4.23,1027,4.58,71.4,97.9,4.4,7.18,29.04,Trung Bình,Cao
SP_01145,[Shop Yêu Thích] Bình Nước Thể Thao 2 Lít Có Vạch Chia Thế Hệ Mới Mã SP-1145,Thể Thao & Du Lịch,Shop Yêu Thích,Đồng Nai,254000,20,0,45000,5159,546,1086,458,4.77,436,4.6,82.6,89.7,3.1,4.59,2.36,Trung Bình,Thấp
SP_01146,[Shop Yêu Thích+] Serum Phục Hồi Da B5 Dưỡng Ẩm Sâu Chống Nước Mã SP-1146,Mỹ Phẩm & Làm Đẹp,Shop Yêu Thích+,Cần Thơ,766000,40,1,0,32133,3732,6818,5489,4.16,2644,4.76,80.2,89.8,1.7,16.24,16.59,Trung Bình,Cao
SP_01147,[Shopee Mall] Váy Nữ Dáng Xòe Vintage Thông Minh Mã SP-1147,Thời Trang Nam/Nữ,Shopee Mall,Bình Dương,596000,40,1,45000,24449,1196,2636,699,4.82,1183,4.52,76.3,92.5,6.4,2.99,1.89,Tiềm Năng Cao,Thấp
SP_01148,[Shop Yêu Thích] Áo Thun Unisex Cotton 100% Thông Minh Mã SP-1148,Thời Trang Nam/Nữ,Shop Yêu Thích,Đồng Nai,722000,25,0,15000,16613,578,3003,1161,4.99,1838,4.28,92.3,93.9,4.4,4.0,4.43,Tiềm Năng Cao,Thấp
SP_01149,[Shop Yêu Thích] Nước Giặt Xả Hương Nước Hoa Đậm Đặc Cao Cấp Mã SP-1149,Bách Hóa Online,Shop Yêu Thích,Đà Nẵng,262000,20,0,22000,29015,1573,7406,2840,4.27,2300,4.23,77.0,96.3,5.4,14.52,19.54,Trung Bình,Cao
SP_01150,[Shop Yêu Thích] Áo Thun Unisex Cotton 100% Thế Hệ Mới Mã SP-1150,Thời Trang Nam/Nữ,Shop Yêu Thích,TP. Hồ Chí Minh,196000,60,1,22000,30794,2641,2405,1159,4.64,1078,4.38,74.8,95.5,6.1,5.85,3.48,Tiềm Năng Cao,Trung Bình
SP_01151,[Shop Yêu Thích] Kính Cường Lực 9D Full Màn Thế Hệ Mới Mã SP-1151,Điện Thoại & Phụ Kiện,Shop Yêu Thích,Đà Nẵng,459000,10,0,0,18983,2119,1933,867,4.05,760,4.2,72.7,87.6,5.8,14.68,9.86,Trung Bình,Cao
SP_01152,[Shop Thường] Bộ Cây Lau Nhà Tự Vắt 360 Độ Hot Trend Mã SP-1152,Nhà Cửa & Đời Sống,Shop Thường,Bình Dương,423000,0,0,15000,27711,3603,5362,867,4.69,1875,4.16,87.2,96.0,4.2,5.7,4.65,Tiềm Năng Cao,Trung Bình
SP_01153,[Shop Thường] Bộ Cây Lau Nhà Tự Vắt 360 Độ Chính Hãng Mã SP-1153,Nhà Cửa & Đời Sống,Shop Thường,Nước Ngoài (Trung Quốc),90000,40,1,0,18433,2519,1214,291,4.92,404,4.2,78.6,97.3,6.5,2.32,3.93,Trung Bình,Thấp
SP_01154,[Shopee Mall] Gối Cao Su Non Công Thái Học Thế Hệ Mới Mã SP-1154,Nhà Cửa & Đời Sống,Shopee Mall,Nước Ngoài (Trung Quốc),629000,20,0,15000,17598,1010,3452,1059,4.72,2033,4.63,82.2,86.9,4.8,8.48,4.87,Tiềm Năng Cao,Cao
SP_01155,[Shop Yêu Thích+] Quần Jean Baggy Form Rộng Thế Hệ Mới Mã SP-1155,Thời Trang Nam/Nữ,Shop Yêu Thích+,TP. Hồ Chí Minh,826000,0,0,45000,14959,525,3602,835,4.73,1747,4.26,81.3,93.9,3.6,3.98,0.85,Tiềm Năng Cao,Thấp
SP_01156,[Shop Yêu Thích+] Máy Xay Sinh Tố Mini Cầm Tay 6 Lưỡi Hot Trend Mã SP-1156,Thiết Bị Điện Gia Dụng,Shop Yêu Thích+,Cần Thơ,1574000,0,1,15000,21458,1043,3828,917,4.55,1473,3.96,82.7,91.5,2.6,3.87,2.11,Tiềm Năng Cao,Thấp
SP_01157,[Shop Thường] Áo Thun Unisex Cotton 100% Giá Rẻ Mã SP-1157,Thời Trang Nam/Nữ,Shop Thường,Đà Nẵng,688000,5,0,22000,3090,172,204,35,4.11,129,4.13,83.7,90.2,5.8,17.17,19.73,Rủi Ro / Kém,Cao
SP_01158,[Shopee Mall] Hub Chuyển Đổi Type-C 7 in 1 Cao Cấp Mã SP-1158,Máy Tính & Laptop,Shopee Mall,Cần Thơ,3293000,15,0,15000,32413,3111,6709,1118,3.6,3041,4.26,80.0,94.1,4.4,6.29,12.93,Rủi Ro / Kém,Trung Bình
SP_01159,[Shopee Mall] Bánh Quy Bơ Phô Mai Giòn Rụm Đa Năng Mã SP-1159,Bách Hóa Online,Shopee Mall,Đà Nẵng,330000,60,1,0,31317,4570,7562,3506,4.89,4520,3.83,71.9,90.0,5.1,2.17,4.72,Tiềm Năng Cao,Thấp
SP_01160,[Shop Thường] Hộp Cơm Cắm Điện Hâm Nóng Tự Động Siêu Bền Mã SP-1160,Nhà Cửa & Đời Sống,Shop Thường,TP. Hồ Chí Minh,517000,10,1,45000,945,76,207,21,3.5,89,4.07,90.9,95.8,3.4,10.99,23.67,Rủi Ro / Kém,Cao
SP_01161,[Shopee Mall] Giá Đỡ Laptop Nhôm Tản Nhiệt Gấp Gọn Chính Hãng Mã SP-1161,Máy Tính & Laptop,Shopee Mall,TP. Hồ Chí Minh,2285000,60,1,30000,26714,3395,2135,1133,4.2,657,4.43,77.3,89.8,4.0,10.31,10.56,Trung Bình,Cao
SP_01162,[Shopee Mall] Giày Sneaker Thể Thao Trắng Chống Nước Mã SP-1162,Thời Trang Nam/Nữ,Shopee Mall,Hà Nội,120000,5,0,45000,2569,155,582,30,3.86,194,4.38,84.4,88.4,3.6,13.15,33.52,Rủi Ro / Kém,Cao
SP_01163,[Shop Thường] Nước Giặt Xả Hương Nước Hoa Đậm Đặc Chính Hãng Mã SP-1163,Bách Hóa Online,Shop Thường,TP. Hồ Chí Minh,124000,0,0,30000,6622,391,922,144,3.98,431,4.56,95.1,93.1,2.2,10.2,23.61,Trung Bình,Cao
SP_01164,[Shop Yêu Thích+] Kem Chống Nắng Kiềm Dầu SPF50+ Chống Nước Mã SP-1164,Mỹ Phẩm & Làm Đẹp,Shop Yêu Thích+,Cần Thơ,242000,15,1,0,20909,921,3394,554,3.79,2302,3.86,70.6,98.5,3.1,16.05,12.54,Rủi Ro / Kém,Cao
SP_01165,[Shop Yêu Thích] Củ Sạc Nhanh 65W GaN Type-C Đa Năng Mã SP-1165,Điện Thoại & Phụ Kiện,Shop Yêu Thích,TP. Hồ Chí Minh,373000,30,1,30000,3128,93,624,97,3.65,437,4.38,96.8,90.9,2.5,14.73,11.8,Rủi Ro / Kém,Cao
SP_01166,[Shopee Mall] Giá Đỡ Laptop Nhôm Tản Nhiệt Gấp Gọn Cao Cấp Mã SP-1166,Máy Tính & Laptop,Shopee Mall,Đồng Nai,2767000,15,0,45000,26053,680,3291,360,4.5,2257,3.96,92.7,95.9,5.8,1.41,1.43,Trung Bình,Thấp
SP_01167,[Shopee Mall] Đèn Bàn Học LED Chống Cận Thị Hot Trend Mã SP-1167,Nhà Cửa & Đời Sống,Shopee Mall,TP. Hồ Chí Minh,222000,15,0,22000,27268,3993,5687,1052,4.07,3070,4.02,95.8,90.0,4.9,8.83,13.85,Trung Bình,Trung Bình
SP_01168,[Shop Yêu Thích+] Dây Nhảy Thể Lực Lõi Thép Chống Rối Đa Năng Mã SP-1168,Thể Thao & Du Lịch,Shop Yêu Thích+,Cần Thơ,649000,40,1,30000,11122,1066,1493,227,3.76,888,4.75,80.7,93.6,3.7,10.58,26.09,Rủi Ro / Kém,Cao
SP_01169,[Shop Yêu Thích+] Sữa Rửa Mặt Dịu Nhẹ Cho Da Dầu Mụn Nhập Khẩu Mã SP-1169,Mỹ Phẩm & Làm Đẹp,Shop Yêu Thích+,Bình Dương,240000,60,1,30000,596,76,391,103,4.03,272,4.8,80.0,90.5,5.7,7.88,28.63,Rủi Ro / Kém,Cao
SP_01170,[Shopee Mall] Giá Đỡ Laptop Nhôm Tản Nhiệt Gấp Gọn Hot Trend Mã SP-1170,Máy Tính & Laptop,Shopee Mall,Cần Thơ,3562000,30,1,22000,5574,830,652,497,4.21,242,3.93,93.3,98.0,6.2,17.4,18.63,Trung Bình,Cao
SP_01171,[Shop Yêu Thích] Máy Hút Bụi Cầm Tay Không Dây Siêu Hút Chống Nước Mã SP-1171,Thiết Bị Điện Gia Dụng,Shop Yêu Thích,TP. Hồ Chí Minh,3490000,10,0,45000,14892,781,1854,776,4.01,1121,4.46,97.7,90.7,2.3,5.5,20.82,Trung Bình,Cao
SP_01172,[Shop Yêu Thích] Bánh Quy Bơ Phô Mai Giòn Rụm Hot Trend Mã SP-1172,Bách Hóa Online,Shop Yêu Thích,Nước Ngoài (Trung Quốc),356000,20,1,22000,60097,7054,5365,469,3.99,2458,4.29,78.9,93.0,3.9,13.26,24.63,Trung Bình,Cao
SP_01173,[Shopee Mall] Thảm Tập Yoga TPE 2 Lớp Chống Trượt Thế Hệ Mới Mã SP-1173,Thể Thao & Du Lịch,Shopee Mall,TP. Hồ Chí Minh,387000,15,0,45000,15487,1883,3063,801,4.09,959,3.9,94.2,85.3,3.9,9.5,20.73,Trung Bình,Cao
SP_01174,[Shop Thường] Áo Thun Unisex Cotton 100% Đa Năng Mã SP-1174,Thời Trang Nam/Nữ,Shop Thường,Bình Dương,893000,40,1,45000,5012,684,726,122,3.53,507,4.88,81.9,99.5,2.5,15.14,29.14,Rủi Ro / Kém,Cao
SP_01175,[Shop Yêu Thích+] Tã Bỉm Dán Siêu Thấm Hút Ban Đêm Chống Nước Mã SP-1175,Mẹ & Bé,Shop Yêu Thích+,TP. Hồ Chí Minh,172000,60,1,15000,15577,1009,2335,1654,4.55,1135,4.27,87.6,96.1,5.5,5.54,1.85,Tiềm Năng Cao,Trung Bình
SP_01176,[Shopee Mall] Khăn Ướt Kháng Khuẩn Không Mùi Đa Năng Mã SP-1176,Mẹ & Bé,Shopee Mall,Bình Dương,137000,10,0,30000,12147,382,1814,197,4.35,1044,4.66,76.6,93.2,2.6,5.61,10.83,Trung Bình,Trung Bình
SP_01177,[Shopee Mall] Tai Nghe Bluetooth True Wireless Chống Ồn Chống Nước Mã SP-1177,Điện Thoại & Phụ Kiện,Shopee Mall,Cần Thơ,1080000,30,1,15000,23201,2228,4633,469,3.91,3196,4.48,97.5,88.2,3.6,10.99,29.6,Trung Bình,Cao
SP_01178,[Shop Yêu Thích+] Bộ Cây Lau Nhà Tự Vắt 360 Độ Chính Hãng Mã SP-1178,Nhà Cửa & Đời Sống,Shop Yêu Thích+,Đồng Nai,71000,60,1,45000,2197,251,979,180,3.9,313,4.76,97.3,99.7,2.0,9.81,34.33,Rủi Ro / Kém,Cao
SP_01179,[Shop Yêu Thích+] Củ Sạc Nhanh 65W GaN Type-C Cao Cấp Mã SP-1179,Điện Thoại & Phụ Kiện,Shop Yêu Thích+,Nước Ngoài (Trung Quốc),1473000,0,1,45000,21971,1630,1712,660,4.13,1179,4.8,88.1,98.0,2.7,6.09,33.78,Trung Bình,Cao
SP_01180,[Shop Yêu Thích+] Sữa Rửa Mặt Dịu Nhẹ Cho Da Dầu Mụn Siêu Bền Mã SP-1180,Mỹ Phẩm & Làm Đẹp,Shop Yêu Thích+,Bình Dương,368000,50,1,22000,12189,575,1122,235,4.99,783,4.87,95.1,86.4,6.1,1.3,4.64,Trung Bình,Cao
SP_01181,[Shop Thường] Áo Thun Unisex Cotton 100% Chống Nước Mã SP-1181,Thời Trang Nam/Nữ,Shop Thường,Đồng Nai,160000,5,0,0,49949,5579,8072,1369,3.7,5064,4.04,79.1,99.7,3.8,16.58,12.36,Rủi Ro / Kém,Cao
SP_01182,[Shopee Mall] Thảm Tập Yoga TPE 2 Lớp Chống Trượt Đa Năng Mã SP-1182,Thể Thao & Du Lịch,Shopee Mall,Nước Ngoài (Trung Quốc),147000,10,0,30000,6775,255,1291,65,3.95,872,4.82,83.1,88.2,5.7,9.34,18.28,Rủi Ro / Kém,Cao
SP_01183,[Shopee Mall] Tã Bỉm Dán Siêu Thấm Hút Ban Đêm Nhập Khẩu Mã SP-1183,Mẹ & Bé,Shopee Mall,Hà Nội,269000,50,1,0,15520,919,4125,2587,4.46,2195,3.85,77.5,89.2,2.3,9.05,31.68,Tiềm Năng Cao,Cao
SP_01184,[Shop Yêu Thích] Kem Chống Nắng Kiềm Dầu SPF50+ Chống Nước Mã SP-1184,Mỹ Phẩm & Làm Đẹp,Shop Yêu Thích,TP. Hồ Chí Minh,398000,0,0,30000,40829,1169,6572,579,3.78,2416,4.96,92.7,89.8,4.0,8.52,10.03,Rủi Ro / Kém,Trung Bình
SP_01185,[Shopee Mall] Ấm Siêu Tốc 2 Lớp Cách Nhiệt 1.8L Giá Rẻ Mã SP-1185,Thiết Bị Điện Gia Dụng,Shopee Mall,Cần Thơ,3971000,60,1,45000,2122,186,683,313,4.42,348,4.52,87.9,99.5,6.4,4.44,10.86,Trung Bình,Trung Bình
SP_01186,[Shop Yêu Thích+] Máy Xay Sinh Tố Mini Cầm Tay 6 Lưỡi Giá Rẻ Mã SP-1186,Thiết Bị Điện Gia Dụng,Shop Yêu Thích+,Nước Ngoài (Trung Quốc),3442000,15,0,45000,42023,6251,5784,301,3.72,2101,4.16,92.8,91.0,3.3,9.32,14.99,Rủi Ro / Kém,Trung Bình
SP_01187,[Shopee Mall] Áo Khoác Bomber Chống Gió Cao Cấp Mã SP-1187,Thời Trang Nam/Nữ,Shopee Mall,Hà Nội,143000,20,0,22000,17965,2663,2374,412,3.83,1116,3.93,71.2,87.7,5.0,10.45,29.82,Rủi Ro / Kém,Cao
SP_01188,[Shopee Mall] Áo Khoác Bomber Chống Gió Thế Hệ Mới Mã SP-1188,Thời Trang Nam/Nữ,Shopee Mall,TP. Hồ Chí Minh,747000,20,0,0,1553,32,293,80,4.3,105,4.38,93.8,90.2,2.3,7.33,22.91,Rủi Ro / Kém,Cao
SP_01189,[Shop Yêu Thích+] Lót Chuột Gaming Khổ Lớn 80x30cm Thông Minh Mã SP-1189,Máy Tính & Laptop,Shop Yêu Thích+,TP. Hồ Chí Minh,257000,50,1,22000,5870,518,958,459,4.8,292,4.37,91.8,86.4,4.3,4.12,4.11,Trung Bình,Cao
SP_01190,[Shop Yêu Thích] Nồi Chiên Không Dầu Điện Tử 6.5L Chính Hãng Mã SP-1190,Thiết Bị Điện Gia Dụng,Shop Yêu Thích,Cần Thơ,2992000,0,0,22000,18973,2707,4535,1669,4.95,2328,4.03,94.8,86.9,5.5,3.99,1.03,Tiềm Năng Cao,Cao
SP_01191,[Shopee Mall] Máy Xay Sinh Tố Mini Cầm Tay 6 Lưỡi Siêu Bền Mã SP-1191,Thiết Bị Điện Gia Dụng,Shopee Mall,TP. Hồ Chí Minh,3954000,50,1,15000,1545,34,539,204,4.89,362,3.84,79.9,95.5,3.0,5.41,4.42,Trung Bình,Trung Bình
SP_01192,[Shop Yêu Thích+] Thảm Tập Yoga TPE 2 Lớp Chống Trượt Đa Năng Mã SP-1192,Thể Thao & Du Lịch,Shop Yêu Thích+,Đồng Nai,505000,50,1,30000,13590,1833,821,98,3.93,472,4.76,76.7,98.7,3.4,14.96,21.44,Trung Bình,Cao
SP_01193,[Shopee Mall] Quần Jean Baggy Form Rộng Giá Rẻ Mã SP-1193,Thời Trang Nam/Nữ,Shopee Mall,Đà Nẵng,742000,10,1,45000,6867,361,1724,1110,4.58,919,4.67,80.0,89.7,3.1,3.26,2.72,Tiềm Năng Cao,Thấp
SP_01194,[Shop Yêu Thích+] Bình Giữ Nhiệt Inox 304 800ml Siêu Bền Mã SP-1194,Nhà Cửa & Đời Sống,Shop Yêu Thích+,Bình Dương,216000,60,1,0,15049,1142,2925,1256,4.4,1490,4.8,82.9,96.9,3.4,14.55,18.49,Tiềm Năng Cao,Cao
SP_01195,[Shop Thường] Hạt Dinh Dưỡng Hạnh Nhân Óc Chó Mix Hot Trend Mã SP-1195,Bách Hóa Online,Shop Thường,Đồng Nai,304000,25,0,0,1202,93,184,18,3.98,101,3.9,97.0,89.4,1.8,9.19,25.15,Rủi Ro / Kém,Cao
SP_01196,[Shop Thường] Đèn Bàn Học LED Chống Cận Thị Giá Rẻ Mã SP-1196,Nhà Cửa & Đời Sống,Shop Thường,TP. Hồ Chí Minh,189000,60,1,30000,31281,3772,4846,638,3.95,3031,4.15,90.3,92.9,2.7,6.04,14.76,Trung Bình,Trung Bình
SP_01197,[Shopee Mall] Bộ Cây Lau Nhà Tự Vắt 360 Độ Cao Cấp Mã SP-1197,Nhà Cửa & Đời Sống,Shopee Mall,TP. Hồ Chí Minh,305000,5,0,15000,54952,3542,13253,4110,4.58,5717,4.17,83.8,90.0,5.7,5.18,0.63,Tiềm Năng Cao,Trung Bình
SP_01198,[Shopee Mall] Nước Giặt Xả Hương Nước Hoa Đậm Đặc Thế Hệ Mới Mã SP-1198,Bách Hóa Online,Shopee Mall,TP. Hồ Chí Minh,191000,20,1,30000,52547,2505,9500,6853,5.0,3961,3.87,76.7,87.7,1.9,5.62,4.65,Tiềm Năng Cao,Cao
SP_01199,[Shopee Mall] Dây Nhảy Thể Lực Lõi Thép Chống Rối Hot Trend Mã SP-1199,Thể Thao & Du Lịch,Shopee Mall,Hà Nội,311000,0,0,15000,21273,2927,4185,551,4.09,1524,4.53,98.5,92.2,4.5,16.02,8.71,Trung Bình,Cao
SP_01200,[Shop Yêu Thích] Xe Đẩy Gấp Gọn Siêu Nhẹ Du Lịch Siêu Bền Mã SP-1200,Mẹ & Bé,Shop Yêu Thích,Đồng Nai,147000,25,0,45000,2590,255,785,79,4.11,309,4.01,80.6,86.9,1.7,7.12,30.65,Rủi Ro / Kém,Cao
